trip_id,deviceid,date,start_terminal,end_terminal,direction,start_time,end_time,duration,duration_in_mins
1,262,10-01-2021,BT01,BT02,1,06:39:49,07:27:32,00:47:43,47.72
2,1143,10-01-2021,BT02,BT01,2,06:50:46,07:38:33,00:47:47,47.78
3,274,10-01-2021,BT02,BT01,2,06:58:03,07:51:21,00:53:18,53.3
4,123,10-01-2021,BT02,BT01,2,07:30:59,08:15:44,00:44:45,44.75
5,513,10-01-2021,BT02,BT01,2,07:49:42,08:39:23,00:49:41,49.68
6,1358,10-01-2021,BT02,BT01,2,07:59:57,08:45:24,00:45:27,45.45
7,1143,10-01-2021,BT01,BT02,1,08:21:24,09:14:58,00:53:34,53.57
8,274,10-01-2021,BT01,BT02,1,08:40:27,09:34:49,00:54:22,54.37
9,262,10-01-2021,BT02,BT01,2,08:40:37,09:33:22,00:52:45,52.75
10,123,10-01-2021,BT01,BT02,1,09:11:33,10:00:55,00:49:22,49.37
11,513,10-01-2021,BT01,BT02,1,09:31:27,10:24:37,00:53:10,53.17
12,1358,10-01-2021,BT01,BT02,1,09:40:42,10:37:23,00:56:41,56.68
13,1143,10-01-2021,BT02,BT01,2,09:49:36,10:47:23,00:57:47,57.78
14,274,10-01-2021,BT02,BT01,2,10:11:18,11:09:21,00:58:03,58.05
15,262,10-01-2021,BT01,BT02,1,10:21:38,11:17:01,00:55:23,55.38
16,123,10-01-2021,BT02,BT01,2,10:41:25,11:32:45,00:51:20,51.33
17,513,10-01-2021,BT02,BT01,2,11:00:50,11:56:26,00:55:36,55.6
18,1358,10-01-2021,BT02,BT01,2,11:11:44,12:05:47,00:54:03,54.05
19,1143,10-01-2021,BT01,BT02,1,11:31:38,12:28:41,00:57:03,57.05
20,262,10-01-2021,BT02,BT01,2,11:46:36,12:43:16,00:56:40,56.67
21,274,10-01-2021,BT01,BT02,1,11:51:31,12:46:49,00:55:18,55.3
22,123,10-01-2021,BT01,BT02,1,12:22:39,13:16:16,00:53:37,53.62
23,513,10-01-2021,BT01,BT02,1,12:41:25,13:25:58,00:44:33,44.55
24,1358,10-01-2021,BT01,BT02,1,12:52:14,13:45:26,00:53:12,53.2
25,1143,10-01-2021,BT02,BT01,2,13:01:17,13:53:54,00:52:37,52.62
26,274,10-01-2021,BT02,BT01,2,13:20:57,14:16:50,00:55:53,55.88
27,262,10-01-2021,BT01,BT02,1,13:40:45,14:35:20,00:54:35,54.58
28,513,10-01-2021,BT02,BT01,2,14:03:21,14:57:07,00:53:46,53.77
29,1358,10-01-2021,BT02,BT01,2,14:12:55,15:12:38,00:59:43,59.72
30,262,10-01-2021,BT02,BT01,2,15:24:26,16:25:49,01:01:23,61.38
31,1143,10-01-2021,BT01,BT02,1,15:53:35,17:10:52,01:17:17,77.28
32,274,10-01-2021,BT01,BT02,1,16:40:08,17:54:00,01:13:52,73.87
33,513,10-01-2021,BT01,BT02,1,17:54:15,19:03:09,01:08:54,68.9
34,1358,10-01-2021,BT01,BT02,1,18:12:45,19:12:45,01:00:00,60
35,123,10-01-2021,BT01,BT02,1,20:22:14,20:55:27,00:33:13,33.22
36,279,10-02-2021,BT02,BT01,2,05:33:01,06:04:08,00:31:07,31.12
37,1143,10-02-2021,BT02,BT01,2,06:41:16,07:24:13,00:42:57,42.95
38,262,10-02-2021,BT01,BT02,1,06:41:47,07:29:29,00:47:42,47.7
39,279,10-02-2021,BT01,BT02,1,06:52:01,07:44:33,00:52:32,52.53
40,513,10-02-2021,BT02,BT01,2,07:10:04,07:54:09,00:44:05,44.08
41,1358,10-02-2021,BT02,BT01,2,07:47:04,08:37:10,00:50:06,50.1
42,1143,10-02-2021,BT01,BT02,1,07:51:02,08:45:32,00:54:30,54.5
43,513,10-02-2021,BT01,BT02,1,08:18:48,09:01:50,00:43:02,43.03
44,123,10-02-2021,BT02,BT01,2,08:30:57,09:19:09,00:48:12,48.2
45,262,10-02-2021,BT02,BT01,2,08:51:33,09:48:17,00:56:44,56.73
46,279,10-02-2021,BT02,BT01,2,09:11:28,10:05:19,00:53:51,53.85
47,1358,10-02-2021,BT01,BT02,1,09:33:49,10:28:52,00:55:03,55.05
48,1143,10-02-2021,BT02,BT01,2,09:50:57,10:43:56,00:52:59,52.98
49,264,10-02-2021,BT01,BT02,1,10:21:38,11:12:52,00:51:14,51.23
50,1358,10-02-2021,BT02,BT01,2,10:45:15,11:35:53,00:50:38,50.63
51,123,10-02-2021,BT01,BT02,1,11:02:02,11:57:26,00:55:24,55.4
52,262,10-02-2021,BT01,BT02,1,11:40:25,12:35:29,00:55:04,55.07
53,123,10-02-2021,BT02,BT01,2,12:02:45,13:06:55,01:04:10,64.17
54,279,10-02-2021,BT01,BT02,1,12:20:51,13:18:42,00:57:51,57.85
55,262,10-02-2021,BT02,BT01,2,12:54:23,13:48:39,00:54:16,54.27
56,264,10-02-2021,BT02,BT01,2,13:07:54,13:59:48,00:51:54,51.9
57,1143,10-02-2021,BT01,BT02,1,13:42:03,14:36:34,00:54:31,54.52
58,279,10-02-2021,BT02,BT01,2,13:42:13,14:36:36,00:54:23,54.38
59,1143,10-02-2021,BT02,BT01,2,14:59:32,15:54:38,00:55:06,55.1
60,1358,10-02-2021,BT01,BT02,1,15:00:35,15:49:04,00:48:29,48.48
61,123,10-02-2021,BT01,BT02,1,16:05:57,17:06:01,01:00:04,60.07
62,262,10-02-2021,BT01,BT02,1,16:51:53,17:42:24,00:50:31,50.52
63,264,10-02-2021,BT01,BT02,1,17:11:00,18:02:08,00:51:08,51.13
64,123,10-02-2021,BT02,BT01,2,17:31:16,18:27:02,00:55:46,55.77
65,279,10-02-2021,BT01,BT02,1,17:51:30,18:31:00,00:39:30,39.5
66,262,10-02-2021,BT02,BT01,2,18:09:14,18:59:40,00:50:26,50.43
67,123,10-02-2021,BT01,BT02,1,18:28:32,19:06:13,00:37:41,37.68
68,1143,10-02-2021,BT01,BT02,1,20:24:23,20:57:55,00:33:32,33.53
69,279,10-03-2021,BT02,BT01,2,06:00:14,06:46:21,00:46:07,46.12
70,1143,10-03-2021,BT02,BT01,2,06:17:38,06:59:00,00:41:22,41.37
71,1358,10-03-2021,BT02,BT01,2,06:57:46,07:40:06,00:42:20,42.33
72,279,10-03-2021,BT01,BT02,1,07:11:16,08:04:51,00:53:35,53.58
73,1143,10-03-2021,BT01,BT02,1,07:27:54,08:26:39,00:58:45,58.75
74,264,10-03-2021,BT02,BT01,2,07:58:57,08:49:31,00:50:34,50.57
75,1358,10-03-2021,BT01,BT02,1,08:17:45,09:08:56,00:51:11,51.18
76,279,10-03-2021,BT02,BT01,2,08:58:20,09:52:02,00:53:42,53.7
77,1143,10-03-2021,BT02,BT01,2,09:12:47,10:08:55,00:56:08,56.13
78,123,10-03-2021,BT02,BT01,2,09:30:12,10:33:13,01:03:01,63.02
79,1358,10-03-2021,BT02,BT01,2,10:00:54,10:54:01,00:53:07,53.12
80,264,10-03-2021,BT01,BT02,1,10:07:17,11:07:00,00:59:43,59.72
81,264,10-03-2021,BT02,BT01,2,11:27:28,12:20:22,00:52:54,52.9
82,279,10-03-2021,BT01,BT02,1,11:31:20,12:25:23,00:54:03,54.05
83,1143,10-03-2021,BT01,BT02,1,11:52:04,12:47:58,00:55:54,55.9
84,123,10-03-2021,BT01,BT02,1,12:12:54,13:07:16,00:54:22,54.37
85,279,10-03-2021,BT02,BT01,2,12:48:10,13:38:35,00:50:25,50.42
86,1358,10-03-2021,BT01,BT02,1,12:52:26,13:40:38,00:48:12,48.2
87,1143,10-03-2021,BT02,BT01,2,13:16:12,14:18:56,01:02:44,62.73
88,123,10-03-2021,BT02,BT01,2,13:45:08,14:36:47,00:51:39,51.65
89,264,10-03-2021,BT01,BT02,1,14:36:01,15:20:10,00:44:09,44.15
90,1358,10-03-2021,BT02,BT01,2,14:36:55,15:22:17,00:45:22,45.37
91,279,10-03-2021,BT01,BT02,1,16:38:59,17:31:22,00:52:23,52.38
92,1143,10-03-2021,BT01,BT02,1,17:47:45,18:29:32,00:41:47,41.78
93,123,10-03-2021,BT01,BT02,1,18:24:14,19:02:34,00:38:20,38.33
94,1358,10-03-2021,BT01,BT02,1,19:44:43,20:14:04,00:29:21,29.35
95,274,10-04-2021,BT02,BT01,2,06:20:58,07:05:34,00:44:36,44.6
96,1143,10-04-2021,BT02,BT01,2,06:40:35,07:24:40,00:44:05,44.08
97,279,10-04-2021,BT02,BT01,2,06:50:37,07:37:21,00:46:44,46.73
98,262,10-04-2021,BT01,BT02,1,06:51:19,07:40:02,00:48:43,48.72
99,274,10-04-2021,BT01,BT02,1,07:40:40,08:37:19,00:56:39,56.65
100,1143,10-04-2021,BT01,BT02,1,08:01:54,08:53:22,00:51:28,51.47
101,279,10-04-2021,BT01,BT02,1,08:12:35,09:07:05,00:54:30,54.5
102,1358,10-04-2021,BT02,BT01,2,08:18:57,09:06:52,00:47:55,47.92
103,1377,10-04-2021,BT02,BT01,2,08:50:51,09:39:34,00:48:43,48.72
104,1358,10-04-2021,BT01,BT02,1,09:41:20,10:30:50,00:49:30,49.5
105,123,10-04-2021,BT02,BT01,2,09:50:48,10:47:02,00:56:14,56.23
106,1377,10-04-2021,BT01,BT02,1,10:12:01,11:05:32,00:53:31,53.52
107,262,10-04-2021,BT02,BT01,2,10:30:32,11:25:17,00:54:45,54.75
108,123,10-04-2021,BT01,BT02,1,11:00:49,11:50:47,00:49:58,49.97
109,274,10-04-2021,BT02,BT01,2,11:20:33,12:16:29,00:55:56,55.93
110,1143,10-04-2021,BT02,BT01,2,11:40:52,12:33:22,00:52:30,52.5
111,262,10-04-2021,BT01,BT02,1,11:41:51,12:36:31,00:54:40,54.67
112,279,10-04-2021,BT02,BT01,2,11:51:40,12:50:11,00:58:31,58.52
113,274,10-04-2021,BT01,BT02,1,12:36:24,13:28:21,00:51:57,51.95
114,1143,10-04-2021,BT01,BT02,1,13:02:27,13:55:56,00:53:29,53.48
115,279,10-04-2021,BT01,BT02,1,13:13:18,14:10:10,00:56:52,56.87
116,1358,10-04-2021,BT02,BT01,2,13:19:15,14:08:14,00:48:59,48.98
117,1377,10-04-2021,BT02,BT01,2,13:50:38,14:48:05,00:57:27,57.45
118,123,10-04-2021,BT02,BT01,2,14:40:29,15:42:42,01:02:13,62.22
119,1358,10-04-2021,BT01,BT02,1,14:41:46,15:34:57,00:53:11,53.18
120,262,10-04-2021,BT02,BT01,2,15:19:21,16:15:48,00:56:27,56.45
121,1377,10-04-2021,BT01,BT02,1,15:22:05,16:19:36,00:57:31,57.52
122,274,10-04-2021,BT02,BT01,2,16:10:55,17:03:40,00:52:45,52.75
123,123,10-04-2021,BT01,BT02,1,16:11:55,17:10:47,00:58:52,58.87
124,1143,10-04-2021,BT02,BT01,2,16:22:01,17:17:00,00:54:59,54.98
125,279,10-04-2021,BT02,BT01,2,16:31:12,17:24:00,00:52:48,52.8
126,262,10-04-2021,BT01,BT02,1,16:43:08,17:39:50,00:56:42,56.7
127,274,10-04-2021,BT01,BT02,1,17:31:27,18:21:14,00:49:47,49.78
128,1143,10-04-2021,BT01,BT02,1,17:46:06,18:38:23,00:52:17,52.28
129,1377,10-04-2021,BT02,BT01,2,17:48:46,18:39:39,00:50:53,50.88
130,279,10-04-2021,BT01,BT02,1,18:01:54,18:50:38,00:48:44,48.73
131,262,10-04-2021,BT02,BT01,2,18:18:44,19:10:40,00:51:56,51.93
132,1143,10-05-2021,BT02,BT01,2,05:51:52,06:41:02,00:49:10,49.17
133,513,10-05-2021,BT02,BT01,2,06:10:43,06:59:50,00:49:07,49.12
134,274,10-05-2021,BT02,BT01,2,06:50:25,07:40:11,00:49:46,49.77
135,1408,10-05-2021,BT01,BT02,1,07:01:21,07:50:26,00:49:05,49.08
136,1143,10-05-2021,BT01,BT02,1,07:18:31,08:11:47,00:53:16,53.27
137,1377,10-05-2021,BT02,BT01,2,07:30:47,08:17:54,00:47:07,47.12
138,513,10-05-2021,BT01,BT02,1,07:40:20,08:29:14,00:48:54,48.9
139,294,10-05-2021,BT02,BT01,2,07:59:02,08:44:25,00:45:23,45.38
140,274,10-05-2021,BT01,BT02,1,08:20:48,09:12:57,00:52:09,52.15
141,123,10-05-2021,BT02,BT01,2,08:29:58,09:20:54,00:50:56,50.93
142,1377,10-05-2021,BT01,BT02,1,09:00:56,09:52:46,00:51:50,51.83
143,294,10-05-2021,BT01,BT02,1,09:30:05,10:24:11,00:54:06,54.1
144,1408,10-05-2021,BT02,BT01,2,09:41:14,10:35:39,00:54:25,54.42
145,1143,10-05-2021,BT02,BT01,2,10:01:06,10:50:26,00:49:20,49.33
146,274,10-05-2021,BT02,BT01,2,10:40:28,11:35:37,00:55:09,55.15
147,1408,10-05-2021,BT01,BT02,1,11:11:31,12:04:37,00:53:06,53.1
148,1377,10-05-2021,BT02,BT01,2,11:18:14,12:14:00,00:55:46,55.77
149,1143,10-05-2021,BT01,BT02,1,11:31:23,12:22:48,00:51:25,51.42
150,294,10-05-2021,BT02,BT01,2,11:41:48,12:32:59,00:51:11,51.18
151,274,10-05-2021,BT01,BT02,1,12:11:17,13:05:17,00:54:00,54
152,1377,10-05-2021,BT01,BT02,1,12:51:56,13:45:36,00:53:40,53.67
153,294,10-05-2021,BT01,BT02,1,13:10:27,14:05:42,00:55:15,55.25
154,1408,10-05-2021,BT02,BT01,2,13:10:45,14:03:31,00:52:46,52.77
155,123,10-05-2021,BT02,BT01,2,13:21:02,14:19:16,00:58:14,58.23
156,1143,10-05-2021,BT02,BT01,2,13:41:25,14:35:08,00:53:43,53.72
157,274,10-05-2021,BT02,BT01,2,14:19:38,15:10:02,00:50:24,50.4
158,1408,10-05-2021,BT01,BT02,1,14:41:34,15:48:06,01:06:32,66.53
159,1377,10-05-2021,BT02,BT01,2,15:00:48,15:52:37,00:51:49,51.82
160,123,10-05-2021,BT01,BT02,1,15:03:56,15:54:57,00:51:01,51.02
161,294,10-05-2021,BT02,BT01,2,15:12:25,16:06:58,00:54:33,54.55
162,1143,10-05-2021,BT01,BT02,1,15:42:09,16:41:11,00:59:02,59.03
163,1408,10-05-2021,BT02,BT01,2,16:40:01,17:36:04,00:56:03,56.05
164,274,10-05-2021,BT01,BT02,1,16:56:26,17:53:03,00:56:37,56.62
165,1377,10-05-2021,BT01,BT02,1,17:48:00,18:36:36,00:48:36,48.6
166,294,10-05-2021,BT01,BT02,1,17:55:44,18:44:43,00:48:59,48.98
167,1408,10-05-2021,BT01,BT02,1,19:50:38,20:27:01,00:36:23,36.38
168,513,10-06-2021,BT02,BT01,2,06:00:14,06:44:22,00:44:08,44.13
169,1408,10-06-2021,BT01,BT02,1,06:50:29,07:41:46,00:51:17,51.28
170,1377,10-06-2021,BT02,BT01,2,07:08:38,07:52:46,00:44:08,44.13
171,264,10-06-2021,BT02,BT01,2,07:29:03,08:15:44,00:46:41,46.68
172,1377,10-06-2021,BT01,BT02,1,08:41:53,09:31:09,00:49:16,49.27
173,1408,10-06-2021,BT02,BT01,2,08:59:39,09:59:10,00:59:31,59.52
174,264,10-06-2021,BT01,BT02,1,09:02:10,09:58:20,00:56:10,56.17
175,1408,10-06-2021,BT01,BT02,1,10:31:16,11:26:37,00:55:21,55.35
176,1377,10-06-2021,BT02,BT01,2,10:51:14,11:44:47,00:53:33,53.55
177,264,10-06-2021,BT02,BT01,2,11:00:59,11:49:20,00:48:21,48.35
178,1377,10-06-2021,BT01,BT02,1,12:20:34,13:14:38,00:54:04,54.07
179,1408,10-06-2021,BT02,BT01,2,12:21:08,13:17:38,00:56:30,56.5
180,264,10-06-2021,BT01,BT02,1,12:31:50,13:22:31,00:50:41,50.68
181,1408,10-06-2021,BT01,BT02,1,13:51:02,14:46:22,00:55:20,55.33
182,1377,10-06-2021,BT02,BT01,2,14:20:31,15:11:58,00:51:27,51.45
183,264,10-06-2021,BT02,BT01,2,14:29:19,15:22:37,00:53:18,53.3
184,1408,10-06-2021,BT02,BT01,2,15:50:38,16:47:11,00:56:33,56.55
185,1377,10-06-2021,BT01,BT02,1,15:50:47,16:45:23,00:54:36,54.6
186,264,10-06-2021,BT01,BT02,1,16:01:24,16:50:53,00:49:29,49.48
187,1377,10-06-2021,BT02,BT01,2,17:11:03,18:05:51,00:54:48,54.8
188,1408,10-06-2021,BT01,BT02,1,17:29:52,18:17:32,00:47:40,47.67
189,279,10-07-2021,BT02,BT01,2,06:11:51,06:55:36,00:43:45,43.75
190,274,10-07-2021,BT02,BT01,2,06:38:45,07:21:11,00:42:26,42.43
191,1408,10-07-2021,BT01,BT02,1,06:50:35,07:42:36,00:52:01,52.02
192,1377,10-07-2021,BT02,BT01,2,07:09:31,07:53:41,00:44:10,44.17
193,262,10-07-2021,BT01,BT02,1,07:11:23,07:54:22,00:42:59,42.98
194,264,10-07-2021,BT02,BT01,2,07:50:02,08:41:51,00:51:49,51.82
195,279,10-07-2021,BT01,BT02,1,08:01:21,08:59:16,00:57:55,57.92
196,274,10-07-2021,BT01,BT02,1,08:20:18,09:14:20,00:54:02,54.03
197,1377,10-07-2021,BT01,BT02,1,08:50:33,09:45:45,00:55:12,55.2
198,264,10-07-2021,BT01,BT02,1,09:30:19,10:24:18,00:53:59,53.98
199,262,10-07-2021,BT02,BT01,2,09:30:34,10:22:47,00:52:13,52.22
200,1408,10-07-2021,BT02,BT01,2,09:40:30,10:32:29,00:51:59,51.98
201,123,10-07-2021,BT02,BT01,2,10:00:41,10:50:21,00:49:40,49.67
202,279,10-07-2021,BT02,BT01,2,10:38:45,11:42:07,01:03:22,63.37
203,274,10-07-2021,BT02,BT01,2,10:48:33,11:46:49,00:58:16,58.27
204,262,10-07-2021,BT01,BT02,1,11:12:07,12:05:24,00:53:17,53.28
205,1377,10-07-2021,BT02,BT01,2,11:21:19,12:21:47,01:00:28,60.47
206,1408,10-07-2021,BT01,BT02,1,11:21:50,12:18:23,00:56:33,56.55
207,123,10-07-2021,BT01,BT02,1,11:38:36,12:34:02,00:55:26,55.43
208,264,10-07-2021,BT02,BT01,2,12:00:30,13:00:11,00:59:41,59.68
209,279,10-07-2021,BT01,BT02,1,12:21:44,13:11:04,00:49:20,49.33
210,274,10-07-2021,BT01,BT02,1,12:30:32,13:20:08,00:49:36,49.6
211,1377,10-07-2021,BT01,BT02,1,13:01:41,13:56:23,00:54:42,54.7
212,262,10-07-2021,BT02,BT01,2,13:40:54,14:34:42,00:53:48,53.8
213,264,10-07-2021,BT01,BT02,1,13:41:12,14:31:35,00:50:23,50.38
214,1408,10-07-2021,BT02,BT01,2,13:50:33,14:49:54,00:59:21,59.35
215,123,10-07-2021,BT02,BT01,2,14:13:21,15:02:50,00:49:29,49.48
216,279,10-07-2021,BT02,BT01,2,14:51:03,15:44:00,00:52:57,52.95
217,274,10-07-2021,BT02,BT01,2,15:09:43,16:01:08,00:51:25,51.42
218,262,10-07-2021,BT01,BT02,1,15:21:41,16:20:56,00:59:15,59.25
219,1408,10-07-2021,BT01,BT02,1,15:30:32,16:25:46,00:55:14,55.23
220,1377,10-07-2021,BT02,BT01,2,15:40:53,16:35:59,00:55:06,55.1
221,123,10-07-2021,BT01,BT02,1,15:52:08,16:45:03,00:52:55,52.92
222,279,10-07-2021,BT01,BT02,1,16:38:36,17:34:44,00:56:08,56.13
223,274,10-07-2021,BT01,BT02,1,17:00:20,17:57:18,00:56:58,56.97
224,1377,10-07-2021,BT01,BT02,1,17:31:20,18:15:00,00:43:40,43.67
225,262,10-07-2021,BT02,BT01,2,18:00:54,18:49:19,00:48:25,48.42
226,279,10-08-2021,BT02,BT01,2,06:01:23,06:45:12,00:43:49,43.82
227,274,10-08-2021,BT02,BT01,2,06:11:03,06:53:53,00:42:50,42.83
228,1408,10-08-2021,BT01,BT02,1,06:26:37,07:21:05,00:54:28,54.47
229,262,10-08-2021,BT01,BT02,1,06:51:10,07:38:44,00:47:34,47.57
230,279,10-08-2021,BT01,BT02,1,07:42:20,08:34:15,00:51:55,51.92
231,274,10-08-2021,BT01,BT02,1,07:50:30,08:47:41,00:57:11,57.18
232,123,10-08-2021,BT02,BT01,2,08:11:09,08:57:42,00:46:33,46.55
233,1408,10-08-2021,BT02,BT01,2,08:58:50,09:54:45,00:55:55,55.92
234,262,10-08-2021,BT02,BT01,2,09:20:43,10:14:25,00:53:42,53.7
235,123,10-08-2021,BT01,BT02,1,09:52:09,10:47:13,00:55:04,55.07
236,279,10-08-2021,BT02,BT01,2,10:11:16,11:06:13,00:54:57,54.95
237,274,10-08-2021,BT02,BT01,2,10:19:46,11:15:57,00:56:11,56.18
238,1408,10-08-2021,BT01,BT02,1,10:40:30,11:39:56,00:59:26,59.43
239,262,10-08-2021,BT01,BT02,1,11:00:31,11:58:02,00:57:31,57.52
240,279,10-08-2021,BT01,BT02,1,11:50:38,12:44:59,00:54:21,54.35
241,123,10-08-2021,BT02,BT01,2,12:01:10,12:50:45,00:49:35,49.58
242,274,10-08-2021,BT01,BT02,1,12:01:27,13:00:02,00:58:35,58.58
243,1408,10-08-2021,BT02,BT01,2,12:50:40,13:40:38,00:49:58,49.97
244,262,10-08-2021,BT02,BT01,2,13:10:20,14:05:46,00:55:26,55.43
245,123,10-08-2021,BT01,BT02,1,13:41:09,14:36:30,00:55:21,55.35
246,279,10-08-2021,BT02,BT01,2,13:50:08,14:49:09,00:59:01,59.02
247,274,10-08-2021,BT02,BT01,2,13:59:48,14:53:05,00:53:17,53.28
248,1408,10-08-2021,BT01,BT02,1,14:31:26,15:32:34,01:01:08,61.13
249,262,10-08-2021,BT01,BT02,1,14:51:26,15:50:39,00:59:13,59.22
250,279,10-08-2021,BT01,BT02,1,15:31:04,16:28:01,00:56:57,56.95
251,274,10-08-2021,BT01,BT02,1,15:41:26,16:36:18,00:54:52,54.87
252,123,10-08-2021,BT02,BT01,2,15:50:18,16:47:11,00:56:53,56.88
253,1408,10-08-2021,BT02,BT01,2,16:20:32,17:16:50,00:56:18,56.3
254,262,10-08-2021,BT02,BT01,2,16:49:31,17:53:38,01:04:07,64.12
255,279,10-08-2021,BT02,BT01,2,17:30:42,18:36:24,01:05:42,65.7
256,123,10-08-2021,BT01,BT02,1,17:47:32,18:36:44,00:49:12,49.2
257,274,10-08-2021,BT02,BT01,2,17:50:54,18:41:00,00:50:06,50.1
258,1408,10-08-2021,BT01,BT02,1,18:13:15,19:00:15,00:47:00,47
259,262,10-08-2021,BT01,BT02,1,18:52:20,19:34:17,00:41:57,41.95
260,123,10-08-2021,BT02,BT01,2,18:55:27,19:38:55,00:43:28,43.47
261,279,10-08-2021,BT01,BT02,1,19:22:31,20:10:02,00:47:31,47.52
262,274,10-08-2021,BT01,BT02,1,19:33:16,20:11:18,00:38:02,38.03
263,123,10-08-2021,BT01,BT02,1,20:10:21,20:47:08,00:36:47,36.78
264,274,10-09-2021,BT02,BT01,2,06:09:04,06:51:26,00:42:22,42.37
265,1377,10-09-2021,BT02,BT01,2,06:40:57,07:25:01,00:44:04,44.07
266,262,10-09-2021,BT01,BT02,1,06:51:27,07:37:31,00:46:04,46.07
267,1358,10-09-2021,BT02,BT01,2,06:51:35,07:34:04,00:42:29,42.48
268,264,10-09-2021,BT02,BT01,2,07:00:33,07:45:18,00:44:45,44.75
269,274,10-09-2021,BT01,BT02,1,07:20:13,08:10:17,00:50:04,50.07
270,1377,10-09-2021,BT01,BT02,1,07:41:01,08:30:19,00:49:18,49.3
271,1358,10-09-2021,BT01,BT02,1,07:51:13,08:42:11,00:50:58,50.97
272,123,10-09-2021,BT02,BT01,2,07:57:45,08:45:32,00:47:47,47.78
273,264,10-09-2021,BT01,BT02,1,08:02:06,08:56:35,00:54:29,54.48
274,513,10-09-2021,BT02,BT01,2,08:40:25,09:33:00,00:52:35,52.58
275,279,10-09-2021,BT02,BT01,2,08:51:14,09:45:59,00:54:45,54.75
276,123,10-09-2021,BT01,BT02,1,09:02:53,09:56:45,00:53:52,53.87
277,262,10-09-2021,BT02,BT01,2,09:30:02,10:20:26,00:50:24,50.4
278,274,10-09-2021,BT02,BT01,2,10:01:04,10:52:11,00:51:07,51.12
279,279,10-09-2021,BT01,BT02,1,10:11:35,11:09:17,00:57:42,57.7
280,1377,10-09-2021,BT02,BT01,2,10:21:23,11:21:10,00:59:47,59.78
281,1358,10-09-2021,BT02,BT01,2,10:31:15,11:25:10,00:53:55,53.92
282,262,10-09-2021,BT01,BT02,1,10:51:35,11:48:37,00:57:02,57.03
283,123,10-09-2021,BT02,BT01,2,11:00:56,12:01:37,01:00:41,60.68
284,274,10-09-2021,BT01,BT02,1,11:20:38,12:19:00,00:58:22,58.37
285,1377,10-09-2021,BT01,BT02,1,11:41:24,12:30:32,00:49:08,49.13
286,279,10-09-2021,BT02,BT01,2,11:51:13,12:48:16,00:57:03,57.05
287,1358,10-09-2021,BT01,BT02,1,11:52:00,12:48:00,00:56:00,56
288,123,10-09-2021,BT01,BT02,1,12:19:41,13:12:30,00:52:49,52.82
289,262,10-09-2021,BT02,BT01,2,12:31:11,13:28:53,00:57:42,57.7
290,274,10-09-2021,BT02,BT01,2,13:09:38,14:07:08,00:57:30,57.5
291,279,10-09-2021,BT01,BT02,1,13:11:33,13:53:37,00:42:04,42.07
292,1377,10-09-2021,BT02,BT01,2,13:29:39,14:23:03,00:53:24,53.4
293,1358,10-09-2021,BT02,BT01,2,13:49:59,14:40:21,00:50:22,50.37
294,262,10-09-2021,BT01,BT02,1,13:51:27,14:46:24,00:54:57,54.95
295,123,10-09-2021,BT02,BT01,2,14:12:32,15:02:00,00:49:28,49.47
296,274,10-09-2021,BT01,BT02,1,14:29:11,15:26:03,00:56:52,56.87
297,1377,10-09-2021,BT01,BT02,1,14:51:13,15:53:23,01:02:10,62.17
298,279,10-09-2021,BT02,BT01,2,15:01:32,16:00:16,00:58:44,58.73
299,1358,10-09-2021,BT01,BT02,1,15:26:23,16:17:18,00:50:55,50.92
300,262,10-09-2021,BT02,BT01,2,15:40:46,16:38:39,00:57:53,57.88
301,123,10-09-2021,BT01,BT02,1,16:13:55,17:02:51,00:48:56,48.93
302,274,10-09-2021,BT02,BT01,2,16:27:23,17:28:28,01:01:05,61.08
303,1377,10-09-2021,BT02,BT01,2,16:43:52,17:43:42,00:59:50,59.83
304,279,10-09-2021,BT01,BT02,1,17:52:37,18:41:03,00:48:26,48.43
305,262,10-09-2021,BT01,BT02,1,18:35:58,19:17:54,00:41:56,41.93
306,274,10-09-2021,BT01,BT02,1,20:27:25,21:02:37,00:35:12,35.2
307,274,10-10-2021,BT02,BT01,2,06:00:07,06:38:33,00:38:26,38.43
308,1377,10-10-2021,BT02,BT01,2,06:21:30,07:02:58,00:41:28,41.47
309,279,10-10-2021,BT02,BT01,2,06:38:54,07:26:33,00:47:39,47.65
310,274,10-10-2021,BT01,BT02,1,07:10:04,08:05:40,00:55:36,55.6
311,1377,10-10-2021,BT01,BT02,1,07:32:22,08:34:35,01:02:13,62.22
312,279,10-10-2021,BT01,BT02,1,07:52:14,08:43:30,00:51:16,51.27
313,264,10-10-2021,BT02,BT01,2,08:20:06,09:16:23,00:56:17,56.28
314,274,10-10-2021,BT02,BT01,2,09:10:41,10:04:48,00:54:07,54.12
315,1377,10-10-2021,BT02,BT01,2,09:28:52,10:26:41,00:57:49,57.82
316,279,10-10-2021,BT02,BT01,2,09:39:51,10:32:14,00:52:23,52.38
317,264,10-10-2021,BT01,BT02,1,10:01:29,10:58:45,00:57:16,57.27
318,123,10-10-2021,BT02,BT01,2,10:44:40,11:39:08,00:54:28,54.47
319,264,10-10-2021,BT02,BT01,2,11:17:36,12:16:43,00:59:07,59.12
320,274,10-10-2021,BT01,BT02,1,11:40:39,12:37:00,00:56:21,56.35
321,1377,10-10-2021,BT01,BT02,1,12:21:58,13:18:42,00:56:44,56.73
322,279,10-10-2021,BT01,BT02,1,12:40:26,13:41:52,01:01:26,61.43
323,274,10-10-2021,BT02,BT01,2,12:55:46,13:37:51,00:42:05,42.08
324,1377,10-10-2021,BT02,BT01,2,13:48:29,14:35:48,00:47:19,47.32
325,123,10-10-2021,BT01,BT02,1,14:01:47,14:56:57,00:55:10,55.17
326,279,10-10-2021,BT02,BT01,2,14:07:24,15:04:32,00:57:08,57.13
327,264,10-10-2021,BT01,BT02,1,14:35:15,15:23:03,00:47:48,47.8
328,123,10-10-2021,BT02,BT01,2,15:30:02,16:26:48,00:56:46,56.77
329,274,10-10-2021,BT01,BT02,1,16:28:54,17:19:06,00:50:12,50.2
330,1377,10-10-2021,BT01,BT02,1,17:08:26,18:00:29,00:52:03,52.05
331,279,10-10-2021,BT01,BT02,1,17:39:20,18:30:13,00:50:53,50.88
332,123,10-10-2021,BT01,BT02,1,18:35:09,19:16:20,00:41:11,41.18
333,1377,10-11-2021,BT02,BT01,2,06:19:15,07:07:38,00:48:23,48.38
334,264,10-11-2021,BT02,BT01,2,06:43:53,07:28:26,00:44:33,44.55
335,1408,10-11-2021,BT01,BT02,1,06:49:34,07:38:50,00:49:16,49.27
336,1358,10-11-2021,BT02,BT01,2,07:30:05,08:15:56,00:45:51,45.85
337,1377,10-11-2021,BT01,BT02,1,07:30:11,08:22:23,00:52:12,52.2
338,264,10-11-2021,BT01,BT02,1,07:50:41,08:42:32,00:51:51,51.85
339,1358,10-11-2021,BT01,BT02,1,08:29:19,09:23:24,00:54:05,54.08
340,1408,10-11-2021,BT02,BT01,2,09:20:36,10:23:33,01:02:57,62.95
341,513,10-11-2021,BT02,BT01,2,09:29:01,10:31:21,01:02:20,62.33
342,1377,10-11-2021,BT02,BT01,2,10:10:35,11:11:32,01:00:57,60.95
343,264,10-11-2021,BT02,BT01,2,10:29:42,11:22:49,00:53:07,53.12
344,1408,10-11-2021,BT01,BT02,1,10:40:19,11:39:03,00:58:44,58.73
345,513,10-11-2021,BT01,BT02,1,10:51:19,11:50:28,00:59:09,59.15
346,1358,10-11-2021,BT02,BT01,2,11:00:27,11:52:18,00:51:51,51.85
347,1377,10-11-2021,BT01,BT02,1,11:31:17,12:22:31,00:51:14,51.23
348,264,10-11-2021,BT01,BT02,1,11:52:25,12:47:00,00:54:35,54.58
349,1358,10-11-2021,BT01,BT02,1,12:19:41,13:14:49,00:55:08,55.13
350,1408,10-11-2021,BT02,BT01,2,12:20:13,13:20:19,01:00:06,60.1
351,513,10-11-2021,BT02,BT01,2,12:29:50,13:25:33,00:55:43,55.72
352,1377,10-11-2021,BT02,BT01,2,13:11:59,14:06:33,00:54:34,54.57
353,264,10-11-2021,BT02,BT01,2,13:29:51,14:20:55,00:51:04,51.07
354,1408,10-11-2021,BT01,BT02,1,13:40:56,14:36:11,00:55:15,55.25
355,513,10-11-2021,BT01,BT02,1,13:51:32,14:43:13,00:51:41,51.68
356,1358,10-11-2021,BT02,BT01,2,14:00:07,14:54:50,00:54:43,54.72
357,1377,10-11-2021,BT01,BT02,1,14:30:48,15:20:00,00:49:12,49.2
358,264,10-11-2021,BT01,BT02,1,14:52:20,15:36:10,00:43:50,43.83
359,1408,10-11-2021,BT02,BT01,2,15:20:45,16:18:32,00:57:47,57.78
360,1358,10-11-2021,BT01,BT02,1,15:39:06,16:30:04,00:50:58,50.97
361,1377,10-11-2021,BT02,BT01,2,16:40:04,17:34:05,00:54:01,54.02
362,1408,10-11-2021,BT01,BT02,1,17:50:30,18:38:18,00:47:48,47.8
363,123,10-11-2021,BT01,BT02,1,20:17:52,20:52:55,00:35:03,35.05
364,1377,10-12-2021,BT02,BT01,2,06:10:14,06:54:56,00:44:42,44.7
365,294,10-12-2021,BT02,BT01,2,06:18:33,07:06:15,00:47:42,47.7
366,264,10-12-2021,BT02,BT01,2,06:30:05,07:22:56,00:52:51,52.85
367,1408,10-12-2021,BT01,BT02,1,06:40:21,07:32:51,00:52:30,52.5
368,262,10-12-2021,BT01,BT02,1,07:01:03,07:51:54,00:50:51,50.85
369,1358,10-12-2021,BT02,BT01,2,07:09:55,07:53:57,00:44:02,44.03
370,123,10-12-2021,BT02,BT01,2,07:30:22,08:09:52,00:39:30,39.5
371,1377,10-12-2021,BT01,BT02,1,07:31:27,08:21:24,00:49:57,49.95
372,294,10-12-2021,BT01,BT02,1,07:40:37,08:25:12,00:44:35,44.58
373,264,10-12-2021,BT01,BT02,1,07:51:30,08:39:24,00:47:54,47.9
374,1143,10-12-2021,BT02,BT01,2,08:11:51,09:01:44,00:49:53,49.88
375,1358,10-12-2021,BT01,BT02,1,08:31:53,09:24:51,00:52:58,52.97
376,279,10-12-2021,BT02,BT01,2,09:00:37,09:53:40,00:53:03,53.05
377,123,10-12-2021,BT01,BT02,1,09:01:26,09:56:38,00:55:12,55.2
378,274,10-12-2021,BT02,BT01,2,09:10:46,10:02:28,00:51:42,51.7
379,1143,10-12-2021,BT01,BT02,1,09:41:07,10:35:53,00:54:46,54.77
380,1408,10-12-2021,BT02,BT01,2,09:58:31,10:55:48,00:57:17,57.28
381,262,10-12-2021,BT02,BT01,2,10:19:51,11:15:44,00:55:53,55.88
382,279,10-12-2021,BT01,BT02,1,10:31:16,11:23:45,00:52:29,52.48
383,274,10-12-2021,BT01,BT02,1,10:40:32,11:37:44,00:57:12,57.2
384,1377,10-12-2021,BT02,BT01,2,10:50:49,11:50:26,00:59:37,59.62
385,294,10-12-2021,BT02,BT01,2,11:00:39,11:54:20,00:53:41,53.68
386,264,10-12-2021,BT02,BT01,2,11:21:00,12:17:23,00:56:23,56.38
387,1408,10-12-2021,BT01,BT02,1,11:30:40,12:25:37,00:54:57,54.95
388,262,10-12-2021,BT01,BT02,1,11:41:29,12:37:17,00:55:48,55.8
389,1358,10-12-2021,BT02,BT01,2,11:59:06,12:51:51,00:52:45,52.75
390,1377,10-12-2021,BT01,BT02,1,12:10:39,13:04:08,00:53:29,53.48
391,123,10-12-2021,BT02,BT01,2,12:21:40,13:17:43,00:56:03,56.05
392,294,10-12-2021,BT01,BT02,1,12:22:02,13:15:24,00:53:22,53.37
393,264,10-12-2021,BT01,BT02,1,12:39:48,13:29:55,00:50:07,50.12
394,1143,10-12-2021,BT02,BT01,2,13:01:03,13:58:11,00:57:08,57.13
395,1358,10-12-2021,BT01,BT02,1,13:21:21,14:16:30,00:55:09,55.15
396,279,10-12-2021,BT02,BT01,2,13:41:32,14:39:34,00:58:02,58.03
397,274,10-12-2021,BT02,BT01,2,13:51:11,14:47:07,00:55:56,55.93
398,123,10-12-2021,BT01,BT02,1,14:09:52,15:02:12,00:52:20,52.33
399,1143,10-12-2021,BT01,BT02,1,14:31:22,15:23:53,00:52:31,52.52
400,1408,10-12-2021,BT02,BT01,2,14:39:49,15:37:54,00:58:05,58.08
401,262,10-12-2021,BT02,BT01,2,14:50:18,15:44:07,00:53:49,53.82
402,279,10-12-2021,BT01,BT02,1,15:11:10,16:07:22,00:56:12,56.2
403,274,10-12-2021,BT01,BT02,1,15:19:14,16:02:18,00:43:04,43.07
404,1377,10-12-2021,BT02,BT01,2,15:20:29,16:16:18,00:55:49,55.82
405,294,10-12-2021,BT02,BT01,2,15:29:55,16:21:41,00:51:46,51.77
406,1358,10-12-2021,BT02,BT01,2,16:09:10,17:03:58,00:54:48,54.8
407,1408,10-12-2021,BT01,BT02,1,16:11:48,17:11:02,00:59:14,59.23
408,262,10-12-2021,BT01,BT02,1,16:20:36,17:20:28,00:59:52,59.87
409,1377,10-12-2021,BT01,BT02,1,16:49:39,17:44:42,00:55:03,55.05
410,1143,10-12-2021,BT02,BT01,2,16:51:56,17:51:38,00:59:42,59.7
411,294,10-12-2021,BT01,BT02,1,17:00:08,17:53:16,00:53:08,53.13
412,279,10-12-2021,BT02,BT01,2,17:31:55,18:29:56,00:58:01,58.02
413,1358,10-12-2021,BT01,BT02,1,17:41:42,18:30:54,00:49:12,49.2
414,262,10-12-2021,BT02,BT01,2,18:30:32,19:09:48,00:39:16,39.27
415,1143,10-12-2021,BT01,BT02,1,18:41:10,19:20:48,00:39:38,39.63
416,279,10-12-2021,BT01,BT02,1,20:13:21,20:47:38,00:34:17,34.28
417,123,10-12-2021,BT01,BT02,1,20:56:37,21:25:54,00:29:17,29.28
418,274,10/13/2021,BT02,BT01,2,05:48:52,06:30:11,00:41:19,41.32
419,128,10/13/2021,BT02,BT01,2,06:20:04,07:08:22,00:48:18,48.3
420,1408,10/13/2021,BT01,BT02,1,06:20:32,07:13:47,00:53:15,53.25
421,1358,10/13/2021,BT02,BT01,2,06:29:53,07:09:09,00:39:16,39.27
422,262,10/13/2021,BT01,BT02,1,06:30:55,07:19:12,00:48:17,48.28
423,1143,10/13/2021,BT02,BT01,2,06:59:29,07:44:37,00:45:08,45.13
424,274,10/13/2021,BT01,BT02,1,07:20:29,08:14:26,00:53:57,53.95
425,128,10/13/2021,BT01,BT02,1,07:51:52,08:44:09,00:52:17,52.28
426,1358,10/13/2021,BT01,BT02,1,08:01:00,08:44:29,00:43:29,43.48
427,279,10/13/2021,BT02,BT01,2,08:20:45,09:18:44,00:57:59,57.98
428,1143,10/13/2021,BT01,BT02,1,08:31:39,09:20:45,00:49:06,49.1
429,123,10/13/2021,BT02,BT01,2,08:59:23,09:52:05,00:52:42,52.7
430,1408,10/13/2021,BT02,BT01,2,09:20:35,10:15:58,00:55:23,55.38
431,262,10/13/2021,BT02,BT01,2,09:28:44,10:20:21,00:51:37,51.62
432,279,10/13/2021,BT01,BT02,1,09:50:52,10:42:21,00:51:29,51.48
433,274,10/13/2021,BT02,BT01,2,10:16:59,11:14:54,00:57:55,57.92
434,123,10/13/2021,BT01,BT02,1,10:31:42,11:26:42,00:55:00,55
435,128,10/13/2021,BT02,BT01,2,10:50:00,11:43:56,00:53:56,53.93
436,1408,10/13/2021,BT01,BT02,1,10:51:06,11:48:39,00:57:33,57.55
437,262,10/13/2021,BT01,BT02,1,11:01:51,11:56:18,00:54:27,54.45
438,1143,10/13/2021,BT02,BT01,2,11:31:22,12:26:30,00:55:08,55.13
439,274,10/13/2021,BT01,BT02,1,11:50:42,12:44:56,00:54:14,54.23
440,128,10/13/2021,BT01,BT02,1,12:19:58,13:17:10,00:57:12,57.2
441,279,10/13/2021,BT02,BT01,2,12:40:40,13:36:40,00:56:00,56
442,1143,10/13/2021,BT01,BT02,1,12:59:45,13:47:49,00:48:04,48.07
443,123,10/13/2021,BT02,BT01,2,13:11:04,14:06:52,00:55:48,55.8
444,1408,10/13/2021,BT02,BT01,2,13:39:20,14:33:15,00:53:55,53.92
445,262,10/13/2021,BT02,BT01,2,13:49:56,14:44:22,00:54:26,54.43
446,279,10/13/2021,BT01,BT02,1,14:12:41,15:15:24,01:02:43,62.72
447,123,10/13/2021,BT01,BT02,1,14:31:46,15:32:04,01:00:18,60.3
448,274,10/13/2021,BT02,BT01,2,14:48:10,15:43:52,00:55:42,55.7
449,1408,10/13/2021,BT01,BT02,1,15:01:20,16:01:24,01:00:04,60.07
450,262,10/13/2021,BT01,BT02,1,15:10:34,16:03:43,00:53:09,53.15
451,128,10/13/2021,BT02,BT01,2,15:20:42,16:15:13,00:54:31,54.52
452,1143,10/13/2021,BT02,BT01,2,15:50:03,16:44:15,00:54:12,54.2
453,274,10/13/2021,BT01,BT02,1,16:11:30,17:01:53,00:50:23,50.38
454,279,10/13/2021,BT02,BT01,2,16:31:08,17:27:19,00:56:11,56.18
455,128,10/13/2021,BT01,BT02,1,16:40:53,17:38:21,00:57:28,57.47
456,1408,10/13/2021,BT02,BT01,2,17:10:55,18:07:53,00:56:58,56.97
457,1143,10/13/2021,BT01,BT02,1,17:11:12,18:01:38,00:50:26,50.43
458,262,10/13/2021,BT02,BT01,2,17:21:44,18:24:54,01:03:10,63.17
459,274,10/13/2021,BT02,BT01,2,17:54:59,18:48:10,00:53:11,53.18
460,279,10/13/2021,BT01,BT02,1,18:25:23,19:12:59,00:47:36,47.6
461,123,10/13/2021,BT01,BT02,1,19:06:49,19:43:17,00:36:28,36.47
462,274,10/13/2021,BT01,BT02,1,20:56:13,21:27:02,00:30:49,30.82
463,274,10/14/2021,BT02,BT01,2,05:49:16,06:30:15,00:40:59,40.98
464,264,10/14/2021,BT02,BT01,2,06:00:23,06:44:52,00:44:29,44.48
465,128,10/14/2021,BT02,BT01,2,06:19:41,07:09:58,00:50:17,50.28
466,1358,10/14/2021,BT02,BT01,2,06:39:53,07:25:05,00:45:12,45.2
467,262,10/14/2021,BT01,BT02,1,06:51:02,07:40:37,00:49:35,49.58
468,1143,10/14/2021,BT02,BT01,2,06:59:28,07:46:04,00:46:36,46.6
469,274,10/14/2021,BT01,BT02,1,07:08:18,07:56:39,00:48:21,48.35
470,264,10/14/2021,BT01,BT02,1,07:20:52,08:14:11,00:53:19,53.32
471,128,10/14/2021,BT01,BT02,1,07:39:56,08:28:12,00:48:16,48.27
472,1358,10/14/2021,BT01,BT02,1,07:59:34,08:52:30,00:52:56,52.93
473,279,10/14/2021,BT02,BT01,2,08:08:25,08:56:15,00:47:50,47.83
474,1143,10/14/2021,BT01,BT02,1,08:30:51,09:24:41,00:53:50,53.83
475,262,10/14/2021,BT02,BT01,2,09:28:08,10:23:44,00:55:36,55.6
476,279,10/14/2021,BT01,BT02,1,09:41:11,10:40:15,00:59:04,59.07
477,274,10/14/2021,BT02,BT01,2,09:50:30,10:42:49,00:52:19,52.32
478,264,10/14/2021,BT02,BT01,2,10:01:09,10:57:37,00:56:28,56.47
479,128,10/14/2021,BT02,BT01,2,10:20:16,11:16:29,00:56:13,56.22
480,1358,10/14/2021,BT02,BT01,2,10:40:55,11:33:17,00:52:22,52.37
481,262,10/14/2021,BT01,BT02,1,11:00:07,11:55:54,00:55:47,55.78
482,1143,10/14/2021,BT02,BT01,2,11:10:57,12:08:32,00:57:35,57.58
483,274,10/14/2021,BT01,BT02,1,11:20:39,12:14:57,00:54:18,54.3
484,264,10/14/2021,BT01,BT02,1,11:31:24,12:25:33,00:54:09,54.15
485,128,10/14/2021,BT01,BT02,1,11:50:42,12:48:10,00:57:28,57.47
486,279,10/14/2021,BT02,BT01,2,12:09:02,13:03:52,00:54:50,54.83
487,1358,10/14/2021,BT01,BT02,1,12:11:03,13:00:54,00:49:51,49.85
488,1143,10/14/2021,BT01,BT02,1,12:41:07,13:34:30,00:53:23,53.38
489,262,10/14/2021,BT02,BT01,2,13:30:34,14:23:37,00:53:03,53.05
490,279,10/14/2021,BT01,BT02,1,13:31:58,14:25:20,00:53:22,53.37
491,274,10/14/2021,BT02,BT01,2,13:49:59,14:46:06,00:56:07,56.12
492,264,10/14/2021,BT02,BT01,2,13:58:42,14:56:11,00:57:29,57.48
493,128,10/14/2021,BT02,BT01,2,14:10:58,15:09:57,00:58:59,58.98
494,1358,10/14/2021,BT02,BT01,2,14:29:17,15:25:15,00:55:58,55.97
495,1143,10/14/2021,BT02,BT01,2,15:00:00,15:55:01,00:55:01,55.02
496,262,10/14/2021,BT01,BT02,1,15:01:13,15:59:21,00:58:08,58.13
497,274,10/14/2021,BT01,BT02,1,15:31:49,16:31:01,00:59:12,59.2
498,279,10/14/2021,BT02,BT01,2,15:40:41,16:37:17,00:56:36,56.6
499,264,10/14/2021,BT01,BT02,1,16:11:26,17:00:18,00:48:52,48.87
500,128,10/14/2021,BT01,BT02,1,16:29:25,17:22:34,00:53:09,53.15
501,1358,10/14/2021,BT01,BT02,1,16:50:16,17:43:24,00:53:08,53.13
502,262,10/14/2021,BT02,BT01,2,16:58:29,17:50:11,00:51:42,51.7
503,274,10/14/2021,BT02,BT01,2,17:26:24,18:16:45,00:50:21,50.35
504,1143,10/14/2021,BT01,BT02,1,17:32:32,18:14:52,00:42:20,42.33
505,128,10/14/2021,BT02,BT01,2,17:54:25,18:48:10,00:53:45,53.75
506,279,10/14/2021,BT01,BT02,1,18:43:29,19:23:35,00:40:06,40.1
507,128,10/14/2021,BT01,BT02,1,18:58:51,19:37:09,00:38:18,38.3
508,274,10/14/2021,BT01,BT02,1,20:21:29,20:57:06,00:35:37,35.62
509,274,10/15/2021,BT02,BT01,2,05:52:17,06:31:14,00:38:57,38.95
510,128,10/15/2021,BT02,BT01,2,06:10:05,06:57:59,00:47:54,47.9
511,1143,10/15/2021,BT02,BT01,2,06:28:56,07:10:27,00:41:31,41.52
512,274,10/15/2021,BT01,BT02,1,07:20:25,08:12:00,00:51:35,51.58
513,279,10/15/2021,BT02,BT01,2,07:30:34,08:13:08,00:42:34,42.57
514,128,10/15/2021,BT01,BT02,1,07:40:48,08:30:11,00:49:23,49.38
515,1377,10/15/2021,BT02,BT01,2,08:21:08,09:09:58,00:48:50,48.83
516,279,10/15/2021,BT01,BT02,1,09:01:13,09:51:19,00:50:06,50.1
517,274,10/15/2021,BT02,BT01,2,09:19:57,10:25:03,01:05:06,65.1
518,128,10/15/2021,BT02,BT01,2,09:40:56,10:40:24,00:59:28,59.47
519,1377,10/15/2021,BT01,BT02,1,09:51:39,10:47:44,00:56:05,56.08
520,1143,10/15/2021,BT02,BT01,2,09:59:38,10:55:29,00:55:51,55.85
521,274,10/15/2021,BT01,BT02,1,10:50:57,11:45:17,00:54:20,54.33
522,279,10/15/2021,BT02,BT01,2,10:57:15,11:57:06,00:59:51,59.85
523,128,10/15/2021,BT01,BT02,1,11:11:11,12:07:17,00:56:06,56.1
524,1143,10/15/2021,BT01,BT02,1,11:30:42,12:26:09,00:55:27,55.45
525,1377,10/15/2021,BT02,BT01,2,11:51:01,12:45:12,00:54:11,54.18
526,279,10/15/2021,BT01,BT02,1,12:31:04,13:28:38,00:57:34,57.57
527,505,10/15/2021,BT02,BT01,2,12:40:29,13:37:21,00:56:52,56.87
528,274,10/15/2021,BT02,BT01,2,12:50:12,13:43:48,00:53:36,53.6
529,128,10/15/2021,BT02,BT01,2,13:09:43,14:06:44,00:57:01,57.02
530,1377,10/15/2021,BT01,BT02,1,13:21:19,14:16:32,00:55:13,55.22
531,1143,10/15/2021,BT02,BT01,2,13:27:13,14:27:00,00:59:47,59.78
532,505,10/15/2021,BT01,BT02,1,14:11:13,15:00:47,00:49:34,49.57
533,274,10/15/2021,BT01,BT02,1,14:18:22,15:16:43,00:58:21,58.35
534,279,10/15/2021,BT02,BT01,2,14:20:03,15:17:37,00:57:34,57.57
535,128,10/15/2021,BT01,BT02,1,14:40:08,15:29:18,00:49:10,49.17
536,1143,10/15/2021,BT01,BT02,1,14:52:33,15:44:24,00:51:51,51.85
537,1377,10/15/2021,BT02,BT01,2,14:58:50,15:51:31,00:52:41,52.68
538,505,10/15/2021,BT02,BT01,2,16:00:24,16:53:07,00:52:43,52.72
539,279,10/15/2021,BT01,BT02,1,16:00:33,16:47:04,00:46:31,46.52
540,274,10/15/2021,BT02,BT01,2,16:15:36,17:07:07,00:51:31,51.52
541,128,10/15/2021,BT02,BT01,2,16:29:41,17:32:16,01:02:35,62.58
542,1143,10/15/2021,BT02,BT01,2,16:42:56,17:45:46,01:02:50,62.83
543,279,10/15/2021,BT02,BT01,2,17:35:33,18:44:59,01:09:26,69.43
544,1377,10/15/2021,BT01,BT02,1,17:38:02,18:22:53,00:44:51,44.85
545,505,10/15/2021,BT01,BT02,1,18:36:27,19:18:09,00:41:42,41.7
546,274,10/15/2021,BT01,BT02,1,18:53:21,19:35:39,00:42:18,42.3
547,123,10/15/2021,BT01,BT02,1,19:13:16,20:26:49,01:13:33,73.55
548,128,10/15/2021,BT01,BT02,1,19:51:29,20:29:55,00:38:26,38.43
549,1143,10/15/2021,BT01,BT02,1,20:14:40,20:51:43,00:37:03,37.05
550,279,10/15/2021,BT01,BT02,1,20:54:26,21:26:43,00:32:17,32.28
551,128,10/16/2021,BT02,BT01,2,05:52:22,06:45:31,00:53:09,53.15
552,1358,10/16/2021,BT02,BT01,2,06:20:45,07:03:46,00:43:01,43.02
553,513,10/16/2021,BT02,BT01,2,06:41:11,07:27:37,00:46:26,46.43
554,262,10/16/2021,BT01,BT02,1,06:50:58,07:40:08,00:49:10,49.17
555,505,10/16/2021,BT01,BT02,1,07:01:53,07:51:03,00:49:10,49.17
556,128,10/16/2021,BT01,BT02,1,07:08:03,07:58:06,00:50:03,50.05
557,116,10/16/2021,BT02,BT01,2,07:08:31,07:53:04,00:44:33,44.55
558,1358,10/16/2021,BT01,BT02,1,07:29:38,08:19:58,00:50:20,50.33
559,513,10/16/2021,BT01,BT02,1,07:54:31,08:43:09,00:48:38,48.63
560,116,10/16/2021,BT01,BT02,1,08:03:04,08:53:33,00:50:29,50.48
561,1377,10/16/2021,BT02,BT01,2,08:09:41,09:01:10,00:51:29,51.48
562,264,10/16/2021,BT02,BT01,2,08:19:59,09:12:02,00:52:03,52.05
563,1377,10/16/2021,BT01,BT02,1,09:21:23,10:18:18,00:56:55,56.92
564,264,10/16/2021,BT01,BT02,1,09:30:36,10:25:34,00:54:58,54.97
565,262,10/16/2021,BT02,BT01,2,09:39:31,10:35:50,00:56:19,56.32
566,505,10/16/2021,BT02,BT01,2,09:50:33,10:45:12,00:54:39,54.65
567,128,10/16/2021,BT02,BT01,2,10:00:42,10:52:03,00:51:21,51.35
568,1358,10/16/2021,BT02,BT01,2,10:20:57,11:16:07,00:55:10,55.17
569,513,10/16/2021,BT02,BT01,2,10:40:45,11:38:16,00:57:31,57.52
570,116,10/16/2021,BT02,BT01,2,10:50:19,11:44:28,00:54:09,54.15
571,262,10/16/2021,BT01,BT02,1,11:10:48,12:07:52,00:57:04,57.07
572,505,10/16/2021,BT01,BT02,1,11:21:36,12:16:50,00:55:14,55.23
573,128,10/16/2021,BT01,BT02,1,11:31:19,12:25:21,00:54:02,54.03
574,1377,10/16/2021,BT02,BT01,2,11:42:17,12:43:42,01:01:25,61.42
575,264,10/16/2021,BT02,BT01,2,11:51:14,12:50:03,00:58:49,58.82
576,1358,10/16/2021,BT01,BT02,1,11:51:17,12:46:17,00:55:00,55
577,513,10/16/2021,BT01,BT02,1,12:11:02,13:09:48,00:58:46,58.77
578,116,10/16/2021,BT01,BT02,1,12:21:15,13:18:18,00:57:03,57.05
579,262,10/16/2021,BT02,BT01,2,13:11:20,14:06:56,00:55:36,55.6
580,1377,10/16/2021,BT01,BT02,1,13:11:35,14:10:48,00:59:13,59.22
581,264,10/16/2021,BT01,BT02,1,13:20:48,14:16:08,00:55:20,55.33
582,505,10/16/2021,BT02,BT01,2,13:20:55,14:19:34,00:58:39,58.65
583,128,10/16/2021,BT02,BT01,2,13:30:12,14:26:38,00:56:26,56.43
584,513,10/16/2021,BT02,BT01,2,14:00:16,14:56:35,00:56:19,56.32
585,116,10/16/2021,BT02,BT01,2,14:14:36,15:07:05,00:52:29,52.48
586,262,10/16/2021,BT01,BT02,1,14:40:15,15:25:49,00:45:34,45.57
587,505,10/16/2021,BT01,BT02,1,14:52:11,15:34:29,00:42:18,42.3
588,128,10/16/2021,BT01,BT02,1,15:00:01,15:53:24,00:53:23,53.38
589,1377,10/16/2021,BT02,BT01,2,15:25:45,16:18:35,00:52:50,52.83
590,264,10/16/2021,BT02,BT01,2,15:45:11,16:34:14,00:49:03,49.05
591,123,10/16/2021,BT01,BT02,1,16:01:39,16:53:18,00:51:39,51.65
592,513,10/16/2021,BT01,BT02,1,16:15:16,17:10:32,00:55:16,55.27
593,116,10/16/2021,BT01,BT02,1,16:31:20,17:28:36,00:57:16,57.27
594,262,10/16/2021,BT02,BT01,2,17:30:42,18:25:36,00:54:54,54.9
595,128,10/16/2021,BT02,BT01,2,17:57:05,18:57:40,01:00:35,60.58
596,1377,10/16/2021,BT01,BT02,1,18:03:08,18:49:49,00:46:41,46.68
597,264,10/16/2021,BT01,BT02,1,18:26:52,19:09:39,00:42:47,42.78
598,123,10/16/2021,BT01,BT02,1,20:21:28,20:56:43,00:35:15,35.25
599,128,10/16/2021,BT01,BT02,1,20:47:17,21:21:41,00:34:24,34.4
600,274,10/17/2021,BT02,BT01,2,05:37:52,06:10:28,00:32:36,32.6
601,274,10/17/2021,BT01,BT02,1,06:51:26,07:42:28,00:51:02,51.03
602,116,10/17/2021,BT02,BT01,2,07:30:01,08:13:09,00:43:08,43.13
603,1377,10/17/2021,BT02,BT01,2,08:00:38,08:52:54,00:52:16,52.27
604,264,10/17/2021,BT02,BT01,2,08:11:04,08:58:31,00:47:27,47.45
605,123,10/17/2021,BT02,BT01,2,08:29:48,09:25:54,00:56:06,56.1
606,116,10/17/2021,BT01,BT02,1,08:30:38,09:21:48,00:51:10,51.17
607,513,10/17/2021,BT02,BT01,2,08:50:40,09:45:13,00:54:33,54.55
608,274,10/17/2021,BT02,BT01,2,09:28:46,10:21:34,00:52:48,52.8
609,1377,10/17/2021,BT01,BT02,1,09:31:06,10:27:07,00:56:01,56.02
610,264,10/17/2021,BT01,BT02,1,09:50:20,10:47:27,00:57:07,57.12
611,123,10/17/2021,BT01,BT02,1,10:32:56,11:20:29,00:47:33,47.55
612,116,10/17/2021,BT02,BT01,2,10:41:34,11:38:48,00:57:14,57.23
613,1377,10/17/2021,BT02,BT01,2,11:07:37,11:59:39,00:52:02,52.03
614,513,10/17/2021,BT01,BT02,1,11:11:22,12:07:08,00:55:46,55.77
615,123,10/17/2021,BT02,BT01,2,11:36:14,12:29:09,00:52:55,52.92
616,513,10/17/2021,BT02,BT01,2,12:25:40,13:24:22,00:58:42,58.7
617,274,10/17/2021,BT01,BT02,1,12:30:55,13:22:27,00:51:32,51.53
618,279,10/17/2021,BT02,BT01,2,12:54:03,13:43:06,00:49:03,49.05
619,274,10/17/2021,BT02,BT01,2,14:00:36,14:54:15,00:53:39,53.65
620,116,10/17/2021,BT01,BT02,1,14:52:17,15:43:45,00:51:28,51.47
621,1377,10/17/2021,BT01,BT02,1,15:30:07,16:28:36,00:58:29,58.48
622,123,10/17/2021,BT01,BT02,1,15:51:43,16:46:03,00:54:20,54.33
623,116,10/17/2021,BT02,BT01,2,16:23:30,17:11:59,00:48:29,48.48
624,279,10/17/2021,BT01,BT02,1,16:51:40,17:45:00,00:53:20,53.33
625,1377,10/17/2021,BT02,BT01,2,17:01:25,17:51:51,00:50:26,50.43
626,274,10/17/2021,BT01,BT02,1,17:30:45,18:19:53,00:49:08,49.13
627,116,10/17/2021,BT01,BT02,1,19:33:45,20:12:02,00:38:17,38.28
628,505,10/18/2021,BT02,BT01,2,05:38:31,06:11:05,00:32:34,32.57
629,274,10/18/2021,BT02,BT01,2,05:49:51,06:28:31,00:38:40,38.67
630,1358,10/18/2021,BT02,BT01,2,06:09:42,06:56:18,00:46:36,46.6
631,262,10/18/2021,BT01,BT02,1,06:30:38,07:20:04,00:49:26,49.43
632,505,10/18/2021,BT01,BT02,1,06:50:54,07:33:48,00:42:54,42.9
633,274,10/18/2021,BT01,BT02,1,07:01:44,07:47:44,00:46:00,46
634,1358,10/18/2021,BT01,BT02,1,07:20:53,08:11:44,00:50:51,50.85
635,116,10/18/2021,BT02,BT01,2,07:30:13,08:14:44,00:44:31,44.52
636,123,10/18/2021,BT02,BT01,2,08:21:21,09:12:42,00:51:21,51.35
637,128,10/18/2021,BT02,BT01,2,08:30:01,09:18:22,00:48:21,48.35
638,116,10/18/2021,BT01,BT02,1,08:30:35,09:24:04,00:53:29,53.48
639,262,10/18/2021,BT02,BT01,2,08:38:59,09:30:04,00:51:05,51.08
640,505,10/18/2021,BT02,BT01,2,08:51:09,09:44:16,00:53:07,53.12
641,274,10/18/2021,BT02,BT01,2,09:00:07,09:50:13,00:50:06,50.1
642,1358,10/18/2021,BT02,BT01,2,09:19:40,10:14:11,00:54:31,54.52
643,123,10/18/2021,BT01,BT02,1,09:31:45,10:25:21,00:53:36,53.6
644,128,10/18/2021,BT01,BT02,1,09:41:10,10:29:24,00:48:14,48.23
645,262,10/18/2021,BT01,BT02,1,09:50:37,10:45:07,00:54:30,54.5
646,505,10/18/2021,BT01,BT02,1,10:01:25,10:55:33,00:54:08,54.13
647,274,10/18/2021,BT01,BT02,1,10:10:21,11:11:41,01:01:20,61.33
648,116,10/18/2021,BT02,BT01,2,10:20:16,11:16:34,00:56:18,56.3
649,1358,10/18/2021,BT01,BT02,1,10:31:22,11:28:37,00:57:15,57.25
650,123,10/18/2021,BT02,BT01,2,11:20:55,12:19:22,00:58:27,58.45
651,128,10/18/2021,BT02,BT01,2,11:30:13,12:25:15,00:55:02,55.03
652,116,10/18/2021,BT01,BT02,1,11:32:19,12:27:54,00:55:35,55.58
653,262,10/18/2021,BT02,BT01,2,11:38:48,12:33:20,00:54:32,54.53
654,505,10/18/2021,BT02,BT01,2,11:50:54,12:42:17,00:51:23,51.38
655,274,10/18/2021,BT02,BT01,2,12:00:23,12:52:25,00:52:02,52.03
656,1358,10/18/2021,BT02,BT01,2,12:20:54,13:15:51,00:54:57,54.95
657,128,10/18/2021,BT01,BT02,1,12:44:39,13:31:48,00:47:09,47.15
658,262,10/18/2021,BT01,BT02,1,13:00:33,13:53:46,00:53:13,53.22
659,505,10/18/2021,BT01,BT02,1,13:11:35,14:01:03,00:49:28,49.47
660,274,10/18/2021,BT01,BT02,1,13:20:46,14:16:03,00:55:17,55.28
661,116,10/18/2021,BT02,BT01,2,13:20:55,14:19:44,00:58:49,58.82
662,1358,10/18/2021,BT01,BT02,1,13:40:10,14:35:06,00:54:56,54.93
663,128,10/18/2021,BT02,BT01,2,14:21:27,15:19:42,00:58:15,58.25
664,262,10/18/2021,BT02,BT01,2,14:30:13,15:22:42,00:52:29,52.48
665,116,10/18/2021,BT01,BT02,1,14:41:27,15:34:29,00:53:02,53.03
666,505,10/18/2021,BT02,BT01,2,14:43:17,15:32:58,00:49:41,49.68
667,274,10/18/2021,BT02,BT01,2,14:59:47,15:44:45,00:44:58,44.97
668,1358,10/18/2021,BT02,BT01,2,15:25:57,16:12:37,00:46:40,46.67
669,123,10/18/2021,BT01,BT02,1,15:41:20,16:36:50,00:55:30,55.5
670,128,10/18/2021,BT01,BT02,1,15:49:51,16:43:33,00:53:42,53.7
671,262,10/18/2021,BT01,BT02,1,16:00:52,17:00:16,00:59:24,59.4
672,505,10/18/2021,BT01,BT02,1,16:11:52,17:04:04,00:52:12,52.2
673,274,10/18/2021,BT01,BT02,1,16:29:17,17:18:19,00:49:02,49.03
674,116,10/18/2021,BT02,BT01,2,16:44:01,17:35:05,00:51:04,51.07
675,1358,10/18/2021,BT01,BT02,1,16:51:01,17:47:22,00:56:21,56.35
676,128,10/18/2021,BT02,BT01,2,17:28:20,18:24:03,00:55:43,55.72
677,262,10/18/2021,BT02,BT01,2,17:46:42,18:39:43,00:53:01,53.02
678,116,10/18/2021,BT01,BT02,1,18:02:06,18:47:40,00:45:34,45.57
679,123,10/18/2021,BT01,BT02,1,19:16:48,19:57:50,00:41:02,41.03
680,128,10/18/2021,BT01,BT02,1,20:13:01,20:49:06,00:36:05,36.08
681,505,10/19/2021,BT02,BT01,2,05:39:22,06:12:59,00:33:37,33.62
682,274,10/19/2021,BT02,BT01,2,05:49:25,06:30:01,00:40:36,40.6
683,1358,10/19/2021,BT02,BT01,2,06:01:08,06:44:32,00:43:24,43.4
684,262,10/19/2021,BT01,BT02,1,06:26:13,07:21:20,00:55:07,55.12
685,513,10/19/2021,BT02,BT01,2,06:39:59,07:20:35,00:40:36,40.6
686,505,10/19/2021,BT01,BT02,1,06:42:25,07:32:57,00:50:32,50.53
687,274,10/19/2021,BT01,BT02,1,06:52:50,07:36:46,00:43:56,43.93
688,1358,10/19/2021,BT01,BT02,1,07:01:48,07:47:26,00:45:38,45.63
689,279,10/19/2021,BT02,BT01,2,07:05:31,07:48:11,00:42:40,42.67
690,116,10/19/2021,BT02,BT01,2,07:18:41,08:02:29,00:43:48,43.8
691,513,10/19/2021,BT01,BT02,1,07:42:05,08:32:56,00:50:51,50.85
692,1377,10/19/2021,BT02,BT01,2,08:01:00,08:56:09,00:55:09,55.15
693,279,10/19/2021,BT01,BT02,1,08:05:19,08:58:38,00:53:19,53.32
694,264,10/19/2021,BT02,BT01,2,08:10:08,08:45:30,00:35:22,35.37
695,116,10/19/2021,BT01,BT02,1,08:19:44,09:08:28,00:48:44,48.73
696,123,10/19/2021,BT02,BT01,2,08:30:38,09:22:47,00:52:09,52.15
697,128,10/19/2021,BT02,BT01,2,08:41:15,09:30:25,00:49:10,49.17
698,264,10/19/2021,BT01,BT02,1,09:10:43,09:59:15,00:48:32,48.53
699,262,10/19/2021,BT02,BT01,2,09:10:50,10:01:33,00:50:43,50.72
700,505,10/19/2021,BT02,BT01,2,09:20:37,10:15:38,00:55:01,55.02
701,1377,10/19/2021,BT01,BT02,1,09:21:27,10:18:48,00:57:21,57.35
702,274,10/19/2021,BT02,BT01,2,09:29:59,10:23:39,00:53:40,53.67
703,1358,10/19/2021,BT02,BT01,2,09:40:52,10:35:15,00:54:23,54.38
704,123,10/19/2021,BT01,BT02,1,09:41:38,10:34:52,00:53:14,53.23
705,128,10/19/2021,BT01,BT02,1,09:50:37,10:45:16,00:54:39,54.65
706,262,10/19/2021,BT01,BT02,1,10:20:58,11:13:42,00:52:44,52.73
707,279,10/19/2021,BT02,BT01,2,10:31:17,11:29:07,00:57:50,57.83
708,505,10/19/2021,BT01,BT02,1,10:31:20,11:17:07,00:45:47,45.78
709,274,10/19/2021,BT01,BT02,1,10:40:42,11:34:35,00:53:53,53.88
710,116,10/19/2021,BT02,BT01,2,10:41:38,11:35:37,00:53:59,53.98
711,1358,10/19/2021,BT01,BT02,1,10:51:09,11:46:23,00:55:14,55.23
712,264,10/19/2021,BT02,BT01,2,11:20:56,12:19:24,00:58:28,58.47
713,1377,10/19/2021,BT02,BT01,2,11:30:55,12:26:14,00:55:19,55.32
714,279,10/19/2021,BT01,BT02,1,11:40:21,12:37:51,00:57:30,57.5
715,123,10/19/2021,BT02,BT01,2,11:51:50,12:49:02,00:57:12,57.2
716,116,10/19/2021,BT01,BT02,1,11:52:13,12:45:08,00:52:55,52.92
717,128,10/19/2021,BT02,BT01,2,12:01:51,12:52:58,00:51:07,51.12
718,262,10/19/2021,BT02,BT01,2,12:30:03,13:21:26,00:51:23,51.38
719,264,10/19/2021,BT01,BT02,1,12:37:51,13:31:10,00:53:19,53.32
720,1358,10/19/2021,BT02,BT01,2,12:40:43,13:38:36,00:57:53,57.88
721,1377,10/19/2021,BT01,BT02,1,12:50:57,13:49:56,00:58:59,58.98
722,128,10/19/2021,BT01,BT02,1,13:13:25,14:02:07,00:48:42,48.7
723,279,10/19/2021,BT02,BT01,2,14:09:29,15:06:02,00:56:33,56.55
724,262,10/19/2021,BT01,BT02,1,14:10:41,15:09:09,00:58:28,58.47
725,1377,10/19/2021,BT02,BT01,2,14:26:08,15:22:46,00:56:38,56.63
726,1358,10/19/2021,BT01,BT02,1,14:32:16,15:29:57,00:57:41,57.68
727,128,10/19/2021,BT02,BT01,2,14:58:06,15:54:32,00:56:26,56.43
728,123,10/19/2021,BT01,BT02,1,15:50:39,16:50:43,01:00:04,60.07
729,262,10/19/2021,BT02,BT01,2,16:07:48,17:02:38,00:54:50,54.83
730,1358,10/19/2021,BT02,BT01,2,16:18:10,17:20:48,01:02:38,62.63
731,279,10/19/2021,BT01,BT02,1,16:31:11,17:32:00,01:00:49,60.82
732,1377,10/19/2021,BT01,BT02,1,16:56:31,17:51:05,00:54:34,54.57
733,123,10/19/2021,BT02,BT01,2,17:53:38,18:39:52,00:46:14,46.23
734,128,10/19/2021,BT01,BT02,1,18:10:46,19:01:19,00:50:33,50.55
735,1377,10/19/2021,BT02,BT01,2,18:21:56,19:03:52,00:41:56,41.93
736,1358,10/19/2021,BT01,BT02,1,19:11:13,20:02:06,00:50:53,50.88
737,274,10/20/2021,BT02,BT01,2,05:50:43,06:25:31,00:34:48,34.8
738,274,10/20/2021,BT01,BT02,1,06:44:38,07:32:21,00:47:43,47.72
739,279,10/20/2021,BT02,BT01,2,06:49:57,07:31:26,00:41:29,41.48
740,279,10/20/2021,BT01,BT02,1,07:48:13,08:41:17,00:53:04,53.07
741,128,10/20/2021,BT02,BT01,2,07:52:57,08:39:58,00:47:01,47.02
742,274,10/20/2021,BT02,BT01,2,08:31:11,09:19:13,00:48:02,48.03
743,128,10/20/2021,BT01,BT02,1,08:58:07,09:50:03,00:51:56,51.93
744,279,10/20/2021,BT02,BT01,2,09:13:50,10:03:48,00:49:58,49.97
745,274,10/20/2021,BT01,BT02,1,09:41:35,10:43:48,01:02:13,62.22
746,128,10/20/2021,BT02,BT01,2,10:14:34,10:58:49,00:44:15,44.25
747,123,10/20/2021,BT02,BT01,2,10:39:48,11:36:57,00:57:09,57.15
748,279,10/20/2021,BT01,BT02,1,10:41:55,11:36:20,00:54:25,54.42
749,274,10/20/2021,BT02,BT01,2,11:07:38,11:51:57,00:44:19,44.32
750,128,10/20/2021,BT01,BT02,1,11:54:46,12:44:15,00:49:29,49.48
751,279,10/20/2021,BT02,BT01,2,12:07:55,12:54:08,00:46:13,46.22
752,123,10/20/2021,BT01,BT02,1,12:15:29,13:15:30,01:00:01,60.02
753,274,10/20/2021,BT01,BT02,1,13:11:53,14:02:18,00:50:25,50.42
754,128,10/20/2021,BT02,BT01,2,13:25:37,14:17:26,00:51:49,51.82
755,123,10/20/2021,BT02,BT01,2,13:44:16,14:40:03,00:55:47,55.78
756,279,10/20/2021,BT01,BT02,1,13:58:45,14:54:15,00:55:30,55.5
757,274,10/20/2021,BT02,BT01,2,14:24:53,15:08:35,00:43:42,43.7
758,128,10/20/2021,BT01,BT02,1,15:26:39,16:21:44,00:55:05,55.08
759,279,10/20/2021,BT02,BT01,2,15:37:49,16:44:12,01:06:23,66.38
760,123,10/20/2021,BT01,BT02,1,15:59:40,17:01:19,01:01:39,61.65
761,128,10/20/2021,BT02,BT01,2,16:43:34,17:31:00,00:47:26,47.43
762,274,10/20/2021,BT01,BT02,1,17:00:24,17:47:56,00:47:32,47.53
763,123,10/20/2021,BT02,BT01,2,17:30:46,18:21:19,00:50:33,50.55
764,279,10/20/2021,BT01,BT02,1,18:32:13,19:08:37,00:36:24,36.4
765,128,10/20/2021,BT01,BT02,1,19:23:55,20:03:44,00:39:49,39.82
766,505,10/21/2021,BT02,BT01,2,05:39:30,06:11:47,00:32:17,32.28
767,513,10/21/2021,BT02,BT01,2,06:11:34,06:50:31,00:38:57,38.95
768,116,10/21/2021,BT02,BT01,2,06:40:43,07:26:47,00:46:04,46.07
769,262,10/21/2021,BT01,BT02,1,06:41:32,07:30:31,00:48:59,48.98
770,505,10/21/2021,BT01,BT02,1,06:51:34,07:41:55,00:50:21,50.35
771,513,10/21/2021,BT01,BT02,1,06:58:53,07:54:33,00:55:40,55.67
772,1377,10/21/2021,BT02,BT01,2,07:09:47,07:51:31,00:41:44,41.73
773,264,10/21/2021,BT02,BT01,2,07:27:33,08:16:19,00:48:46,48.77
774,116,10/21/2021,BT01,BT02,1,07:40:33,08:32:24,00:51:51,51.85
775,128,10/21/2021,BT02,BT01,2,07:55:08,08:45:33,00:50:25,50.42
776,1377,10/21/2021,BT01,BT02,1,08:11:31,08:59:07,00:47:36,47.6
777,264,10/21/2021,BT01,BT02,1,08:31:38,09:30:59,00:59:21,59.35
778,262,10/21/2021,BT02,BT01,2,09:10:49,09:59:34,00:48:45,48.75
779,505,10/21/2021,BT02,BT01,2,09:19:09,10:12:27,00:53:18,53.3
780,128,10/21/2021,BT01,BT02,1,09:20:59,10:16:06,00:55:07,55.12
781,513,10/21/2021,BT02,BT01,2,09:29:38,10:21:39,00:52:01,52.02
782,1377,10/21/2021,BT02,BT01,2,10:21:14,11:18:53,00:57:39,57.65
783,264,10/21/2021,BT02,BT01,2,10:30:12,11:30:28,01:00:16,60.27
784,262,10/21/2021,BT01,BT02,1,10:30:13,11:29:33,00:59:20,59.33
785,505,10/21/2021,BT01,BT02,1,10:41:02,11:34:41,00:53:39,53.65
786,513,10/21/2021,BT01,BT02,1,10:50:54,11:47:33,00:56:39,56.65
787,128,10/21/2021,BT02,BT01,2,11:12:14,12:06:15,00:54:01,54.02
788,1377,10/21/2021,BT01,BT02,1,11:41:41,12:39:55,00:58:14,58.23
789,264,10/21/2021,BT01,BT02,1,11:50:55,12:50:05,00:59:10,59.17
790,262,10/21/2021,BT02,BT01,2,12:20:27,13:13:44,00:53:17,53.28
791,505,10/21/2021,BT02,BT01,2,12:30:44,13:27:11,00:56:27,56.45
792,128,10/21/2021,BT01,BT02,1,12:31:42,13:21:28,00:49:46,49.77
793,116,10/21/2021,BT02,BT01,2,13:18:54,14:12:41,00:53:47,53.78
794,262,10/21/2021,BT01,BT02,1,13:41:54,14:36:03,00:54:09,54.15
795,505,10/21/2021,BT01,BT02,1,13:51:22,14:42:40,00:51:18,51.3
796,1377,10/21/2021,BT02,BT01,2,13:51:39,14:46:10,00:54:31,54.52
797,264,10/21/2021,BT02,BT01,2,13:59:13,14:54:35,00:55:22,55.37
798,128,10/21/2021,BT02,BT01,2,14:39:53,15:34:03,00:54:10,54.17
799,116,10/21/2021,BT01,BT02,1,14:41:26,15:34:00,00:52:34,52.57
800,1377,10/21/2021,BT01,BT02,1,15:11:05,15:59:47,00:48:42,48.7
801,264,10/21/2021,BT01,BT02,1,15:21:22,16:04:15,00:42:53,42.88
802,262,10/21/2021,BT02,BT01,2,15:50:55,16:46:59,00:56:04,56.07
803,505,10/21/2021,BT02,BT01,2,16:01:07,17:00:01,00:58:54,58.9
804,128,10/21/2021,BT01,BT02,1,16:01:19,17:00:22,00:59:03,59.05
805,116,10/21/2021,BT02,BT01,2,16:30:57,17:32:48,01:01:51,61.85
806,262,10/21/2021,BT01,BT02,1,17:02:34,18:07:21,01:04:47,64.78
807,1377,10/21/2021,BT02,BT01,2,17:11:23,18:09:19,00:57:56,57.93
808,264,10/21/2021,BT02,BT01,2,17:21:00,18:26:03,01:05:03,65.05
809,505,10/21/2021,BT01,BT02,1,17:30:36,18:26:18,00:55:42,55.7
810,128,10/21/2021,BT02,BT01,2,18:00:40,18:59:46,00:59:06,59.1
811,116,10/21/2021,BT01,BT02,1,18:02:56,18:50:18,00:47:22,47.37
812,1377,10/21/2021,BT01,BT02,1,19:33:38,20:14:19,00:40:41,40.68
813,264,10/21/2021,BT01,BT02,1,19:48:53,20:26:51,00:37:58,37.97
814,128,10/21/2021,BT01,BT02,1,21:00:35,21:34:28,00:33:53,33.88
815,274,10/22/2021,BT02,BT01,2,05:39:02,06:16:07,00:37:05,37.08
816,279,10/22/2021,BT02,BT01,2,06:29:16,07:17:01,00:47:45,47.75
817,116,10/22/2021,BT02,BT01,2,06:40:45,07:32:21,00:51:36,51.6
818,262,10/22/2021,BT01,BT02,1,06:50:54,07:35:48,00:44:54,44.9
819,274,10/22/2021,BT01,BT02,1,07:10:07,08:05:13,00:55:06,55.1
820,279,10/22/2021,BT01,BT02,1,07:51:33,08:44:41,00:53:08,53.13
821,1377,10/22/2021,BT02,BT01,2,08:00:57,08:46:36,00:45:39,45.65
822,264,10/22/2021,BT02,BT01,2,08:10:32,08:59:34,00:49:02,49.03
823,116,10/22/2021,BT01,BT02,1,08:31:39,09:24:36,00:52:57,52.95
824,123,10/22/2021,BT02,BT01,2,08:41:00,09:34:26,00:53:26,53.43
825,1358,10/22/2021,BT02,BT01,2,09:10:21,10:07:18,00:56:57,56.95
826,1377,10/22/2021,BT01,BT02,1,09:11:51,10:02:35,00:50:44,50.73
827,264,10/22/2021,BT01,BT02,1,09:20:52,10:12:40,00:51:48,51.8
828,1143,10/22/2021,BT02,BT01,2,09:27:50,10:26:37,00:58:47,58.78
829,123,10/22/2021,BT01,BT02,1,09:51:45,10:45:21,00:53:36,53.6
830,262,10/22/2021,BT02,BT01,2,10:10:44,11:02:43,00:51:59,51.98
831,1358,10/22/2021,BT01,BT02,1,10:20:32,11:23:40,01:03:08,63.13
832,274,10/22/2021,BT02,BT01,2,10:29:42,11:19:17,00:49:35,49.58
833,1143,10/22/2021,BT01,BT02,1,10:50:59,11:45:55,00:54:56,54.93
834,279,10/22/2021,BT02,BT01,2,11:12:01,12:05:33,00:53:32,53.53
835,123,10/22/2021,BT02,BT01,2,11:18:46,12:13:17,00:54:31,54.52
836,262,10/22/2021,BT01,BT02,1,11:21:31,12:17:00,00:55:29,55.48
837,116,10/22/2021,BT02,BT01,2,11:30:05,12:24:53,00:54:48,54.8
838,274,10/22/2021,BT01,BT02,1,11:41:15,12:39:01,00:57:46,57.77
839,279,10/22/2021,BT01,BT02,1,12:26:58,13:22:29,00:55:31,55.52
840,1377,10/22/2021,BT02,BT01,2,12:30:34,13:23:27,00:52:53,52.88
841,264,10/22/2021,BT02,BT01,2,12:40:58,13:34:22,00:53:24,53.4
842,116,10/22/2021,BT01,BT02,1,12:41:09,13:36:34,00:55:25,55.42
843,1358,10/22/2021,BT02,BT01,2,13:39:47,14:40:01,01:00:14,60.23
844,1377,10/22/2021,BT01,BT02,1,13:41:28,14:37:04,00:55:36,55.6
845,264,10/22/2021,BT01,BT02,1,13:55:17,14:53:05,00:57:48,57.8
846,1143,10/22/2021,BT02,BT01,2,14:00:50,14:55:33,00:54:43,54.72
847,262,10/22/2021,BT02,BT01,2,14:30:47,15:21:30,00:50:43,50.72
848,274,10/22/2021,BT02,BT01,2,14:40:36,15:35:18,00:54:42,54.7
849,1358,10/22/2021,BT01,BT02,1,15:00:15,15:54:14,00:53:59,53.98
850,1143,10/22/2021,BT01,BT02,1,15:22:40,16:19:40,00:57:00,57
851,123,10/22/2021,BT01,BT02,1,15:31:28,16:28:14,00:56:46,56.77
852,279,10/22/2021,BT02,BT01,2,15:31:33,16:26:42,00:55:09,55.15
853,116,10/22/2021,BT02,BT01,2,15:40:53,16:31:44,00:50:51,50.85
854,262,10/22/2021,BT01,BT02,1,16:10:24,17:03:58,00:53:34,53.57
855,274,10/22/2021,BT01,BT02,1,16:21:28,17:15:22,00:53:54,53.9
856,1377,10/22/2021,BT02,BT01,2,16:42:14,17:46:00,01:03:46,63.77
857,264,10/22/2021,BT02,BT01,2,16:50:46,17:53:08,01:02:22,62.37
858,279,10/22/2021,BT01,BT02,1,17:11:42,18:06:02,00:54:20,54.33
859,116,10/22/2021,BT01,BT02,1,17:20:56,18:17:32,00:56:36,56.6
860,1358,10/22/2021,BT02,BT01,2,17:41:33,18:37:28,00:55:55,55.92
861,1143,10/22/2021,BT02,BT01,2,17:49:10,18:39:18,00:50:08,50.13
862,262,10/22/2021,BT02,BT01,2,18:19:46,19:06:46,00:47:00,47
863,1377,10/22/2021,BT01,BT02,1,18:23:55,19:08:39,00:44:44,44.73
864,264,10/22/2021,BT01,BT02,1,18:43:15,19:28:53,00:45:38,45.63
865,123,10/22/2021,BT01,BT02,1,19:55:23,20:28:58,00:33:35,33.58
866,1358,10/22/2021,BT01,BT02,1,20:31:57,21:06:43,00:34:46,34.77
867,1143,10/22/2021,BT01,BT02,1,21:09:44,21:46:37,00:36:53,36.88
868,505,10/23/2021,BT02,BT01,2,05:40:59,06:11:50,00:30:51,30.85
869,274,10/23/2021,BT02,BT01,2,05:49:51,06:27:24,00:37:33,37.55
870,279,10/23/2021,BT02,BT01,2,06:20:10,07:10:21,00:50:11,50.18
871,116,10/23/2021,BT02,BT01,2,06:40:36,07:27:25,00:46:49,46.82
872,262,10/23/2021,BT01,BT02,1,06:41:35,07:30:45,00:49:10,49.17
873,505,10/23/2021,BT01,BT02,1,06:59:24,07:50:59,00:51:35,51.58
874,274,10/23/2021,BT01,BT02,1,07:10:10,08:00:06,00:49:56,49.93
875,279,10/23/2021,BT01,BT02,1,07:31:05,08:22:23,00:51:18,51.3
876,116,10/23/2021,BT01,BT02,1,07:51:18,08:44:11,00:52:53,52.88
877,128,10/23/2021,BT02,BT01,2,08:10:51,09:01:35,00:50:44,50.73
878,1358,10/23/2021,BT02,BT01,2,08:27:09,09:26:42,00:59:33,59.55
879,1143,10/23/2021,BT02,BT01,2,08:39:22,09:34:46,00:55:24,55.4
880,262,10/23/2021,BT02,BT01,2,09:21:06,10:27:09,01:06:03,66.05
881,128,10/23/2021,BT01,BT02,1,09:21:21,10:18:35,00:57:14,57.23
882,505,10/23/2021,BT02,BT01,2,09:40:12,10:44:46,01:04:34,64.57
883,1358,10/23/2021,BT01,BT02,1,09:41:02,10:42:23,01:01:21,61.35
884,274,10/23/2021,BT02,BT01,2,09:50:16,10:52:01,01:01:45,61.75
885,1143,10/23/2021,BT01,BT02,1,09:51:36,10:47:16,00:55:40,55.67
886,279,10/23/2021,BT02,BT01,2,10:11:45,11:10:09,00:58:24,58.4
887,116,10/23/2021,BT02,BT01,2,10:30:53,11:25:02,00:54:09,54.15
888,262,10/23/2021,BT01,BT02,1,10:41:01,11:37:40,00:56:39,56.65
889,505,10/23/2021,BT01,BT02,1,11:01:56,11:56:55,00:54:59,54.98
890,274,10/23/2021,BT01,BT02,1,11:11:11,11:59:09,00:47:58,47.97
891,279,10/23/2021,BT01,BT02,1,11:31:27,12:24:21,00:52:54,52.9
892,128,10/23/2021,BT02,BT01,2,11:48:01,12:53:07,01:05:06,65.1
893,116,10/23/2021,BT01,BT02,1,11:52:19,12:55:32,01:03:13,63.22
894,1358,10/23/2021,BT02,BT01,2,12:10:35,13:07:49,00:57:14,57.23
895,1143,10/23/2021,BT02,BT01,2,12:16:51,13:15:26,00:58:35,58.58
896,262,10/23/2021,BT02,BT01,2,13:00:24,13:58:20,00:57:56,57.93
897,128,10/23/2021,BT01,BT02,1,13:11:31,13:59:16,00:47:45,47.75
898,505,10/23/2021,BT02,BT01,2,13:19:59,14:17:00,00:57:01,57.02
899,274,10/23/2021,BT02,BT01,2,13:30:34,14:28:20,00:57:46,57.77
900,1358,10/23/2021,BT01,BT02,1,13:31:43,14:36:36,01:04:53,64.88
901,1143,10/23/2021,BT01,BT02,1,13:42:14,14:40:09,00:57:55,57.92
902,279,10/23/2021,BT02,BT01,2,13:51:31,14:47:14,00:55:43,55.72
903,116,10/23/2021,BT02,BT01,2,14:10:53,15:04:25,00:53:32,53.53
904,262,10/23/2021,BT01,BT02,1,14:21:22,15:18:12,00:56:50,56.83
905,505,10/23/2021,BT01,BT02,1,14:41:36,15:37:30,00:55:54,55.9
906,274,10/23/2021,BT01,BT02,1,14:50:52,15:43:12,00:52:20,52.33
907,279,10/23/2021,BT01,BT02,1,15:12:04,16:03:43,00:51:39,51.65
908,116,10/23/2021,BT01,BT02,1,15:31:43,16:28:31,00:56:48,56.8
909,128,10/23/2021,BT02,BT01,2,15:35:47,16:30:14,00:54:27,54.45
910,1358,10/23/2021,BT02,BT01,2,16:00:10,16:54:39,00:54:29,54.48
911,1143,10/23/2021,BT02,BT01,2,16:11:00,17:09:59,00:58:59,58.98
912,262,10/23/2021,BT02,BT01,2,16:50:21,17:48:50,00:58:29,58.48
913,128,10/23/2021,BT01,BT02,1,16:52:55,17:40:41,00:47:46,47.77
914,505,10/23/2021,BT02,BT01,2,17:11:23,18:02:56,00:51:33,51.55
915,274,10/23/2021,BT02,BT01,2,17:16:05,18:09:26,00:53:21,53.35
916,1358,10/23/2021,BT01,BT02,1,17:20:39,18:05:26,00:44:47,44.78
917,1143,10/23/2021,BT01,BT02,1,17:31:22,18:17:59,00:46:37,46.62
918,279,10/23/2021,BT02,BT01,2,17:32:08,18:24:39,00:52:31,52.52
919,262,10/23/2021,BT01,BT02,1,18:10:08,18:54:08,00:44:00,44
920,505,10/23/2021,BT01,BT02,1,19:19:26,19:58:26,00:39:00,39
921,274,10/23/2021,BT01,BT02,1,19:48:17,20:28:44,00:40:27,40.45
922,279,10/23/2021,BT01,BT02,1,20:15:54,20:51:56,00:36:02,36.03
923,505,10/24/2021,BT02,BT01,2,05:40:49,06:13:40,00:32:51,32.85
924,274,10/24/2021,BT02,BT01,2,05:53:02,06:42:54,00:49:52,49.87
925,279,10/24/2021,BT02,BT01,2,06:06:06,06:55:19,00:49:13,49.22
926,116,10/24/2021,BT02,BT01,2,06:19:42,07:02:51,00:43:09,43.15
927,1377,10/24/2021,BT02,BT01,2,07:00:16,07:46:21,00:46:05,46.08
928,505,10/24/2021,BT01,BT02,1,07:00:27,07:49:46,00:49:19,49.32
929,274,10/24/2021,BT01,BT02,1,07:10:03,08:05:31,00:55:28,55.47
930,279,10/24/2021,BT01,BT02,1,07:20:32,08:16:27,00:55:55,55.92
931,116,10/24/2021,BT01,BT02,1,07:31:01,08:24:33,00:53:32,53.53
932,1143,10/24/2021,BT02,BT01,2,07:40:32,08:30:35,00:50:03,50.05
933,128,10/24/2021,BT02,BT01,2,08:00:27,08:51:26,00:50:59,50.98
934,1377,10/24/2021,BT01,BT02,1,08:11:25,08:58:15,00:46:50,46.83
935,1358,10/24/2021,BT02,BT01,2,08:20:55,09:14:22,00:53:27,53.45
936,1143,10/24/2021,BT01,BT02,1,08:51:40,09:47:06,00:55:26,55.43
937,123,10/24/2021,BT02,BT01,2,08:58:42,09:53:46,00:55:04,55.07
938,128,10/24/2021,BT01,BT02,1,09:10:30,10:03:35,00:53:05,53.08
939,1358,10/24/2021,BT01,BT02,1,09:31:33,10:31:55,01:00:22,60.37
940,117,10/24/2021,BT02,BT01,2,09:41:03,10:35:51,00:54:48,54.8
941,505,10/24/2021,BT02,BT01,2,09:50:49,10:45:15,00:54:26,54.43
942,274,10/24/2021,BT02,BT01,2,09:59:58,10:55:25,00:55:27,55.45
943,279,10/24/2021,BT02,BT01,2,10:10:50,11:07:51,00:57:01,57.02
944,123,10/24/2021,BT01,BT02,1,10:11:11,11:08:00,00:56:49,56.82
945,116,10/24/2021,BT02,BT01,2,10:20:44,11:13:53,00:53:09,53.15
946,1377,10/24/2021,BT02,BT01,2,10:50:10,11:43:14,00:53:04,53.07
947,117,10/24/2021,BT01,BT02,1,10:50:44,11:49:50,00:59:06,59.1
948,505,10/24/2021,BT01,BT02,1,11:06:07,11:59:01,00:52:54,52.9
949,274,10/24/2021,BT01,BT02,1,11:25:18,12:15:47,00:50:29,50.48
950,279,10/24/2021,BT01,BT02,1,11:34:46,12:28:16,00:53:30,53.5
951,1143,10/24/2021,BT02,BT01,2,11:39:48,12:29:32,00:49:44,49.73
952,116,10/24/2021,BT01,BT02,1,11:45:14,12:43:37,00:58:23,58.38
953,128,10/24/2021,BT02,BT01,2,12:00:53,12:57:58,00:57:05,57.08
954,1358,10/24/2021,BT02,BT01,2,12:21:12,13:15:47,00:54:35,54.58
955,1377,10/24/2021,BT01,BT02,1,12:41:40,13:38:49,00:57:09,57.15
956,123,10/24/2021,BT02,BT01,2,13:00:30,13:51:37,00:51:07,51.12
957,117,10/24/2021,BT02,BT01,2,13:40:17,14:35:08,00:54:51,54.85
958,274,10/24/2021,BT02,BT01,2,13:51:07,14:37:13,00:46:06,46.1
959,505,10/24/2021,BT02,BT01,2,14:00:57,14:56:30,00:55:33,55.55
960,279,10/24/2021,BT02,BT01,2,14:11:37,15:02:54,00:51:17,51.28
961,1143,10/24/2021,BT01,BT02,1,14:12:18,15:03:04,00:50:46,50.77
962,116,10/24/2021,BT02,BT01,2,14:20:48,15:18:38,00:57:50,57.83
963,1377,10/24/2021,BT02,BT01,2,14:50:29,15:47:48,00:57:19,57.32
964,128,10/24/2021,BT01,BT02,1,14:56:18,15:45:16,00:48:58,48.97
965,1358,10/24/2021,BT01,BT02,1,15:46:04,16:41:12,00:55:08,55.13
966,1143,10/24/2021,BT02,BT01,2,15:48:05,16:43:51,00:55:46,55.77
967,123,10/24/2021,BT01,BT02,1,17:38:08,18:23:46,00:45:38,45.63
968,505,10/24/2021,BT01,BT02,1,18:49:49,19:26:18,00:36:29,36.48
969,274,10/24/2021,BT01,BT02,1,19:06:51,19:50:09,00:43:18,43.3
970,279,10/24/2021,BT01,BT02,1,19:36:20,20:19:20,00:43:00,43
971,1143,10/24/2021,BT01,BT02,1,19:58:39,20:42:17,00:43:38,43.63
972,116,10/24/2021,BT01,BT02,1,20:22:53,20:57:26,00:34:33,34.55
973,505,10/25/2021,BT02,BT01,2,05:35:31,06:10:18,00:34:47,34.78
974,274,10/25/2021,BT02,BT01,2,05:50:39,06:31:32,00:40:53,40.88
975,279,10/25/2021,BT02,BT01,2,06:00:11,06:49:09,00:48:58,48.97
976,505,10/25/2021,BT01,BT02,1,06:31:06,07:21:22,00:50:16,50.27
977,1377,10/25/2021,BT02,BT01,2,06:40:26,07:28:27,00:48:01,48.02
978,274,10/25/2021,BT01,BT02,1,06:42:58,07:39:16,00:56:18,56.3
979,294,10/25/2021,BT02,BT01,2,06:59:15,07:42:16,00:43:01,43.02
980,279,10/25/2021,BT01,BT02,1,07:00:05,07:56:58,00:56:53,56.88
981,128,10/25/2021,BT02,BT01,2,07:07:33,07:54:13,00:46:40,46.67
982,1143,10/25/2021,BT02,BT01,2,07:40:36,08:31:07,00:50:31,50.52
983,1377,10/25/2021,BT01,BT02,1,07:40:42,08:31:56,00:51:14,51.23
984,513,10/25/2021,BT02,BT01,2,08:00:17,08:49:17,00:49:00,49
985,294,10/25/2021,BT01,BT02,1,08:09:57,09:06:11,00:56:14,56.23
986,128,10/25/2021,BT01,BT02,1,08:19:14,09:12:09,00:52:55,52.92
987,123,10/25/2021,BT02,BT01,2,08:21:58,09:16:08,00:54:10,54.17
988,505,10/25/2021,BT02,BT01,2,08:50:46,09:44:02,00:53:16,53.27
989,274,10/25/2021,BT02,BT01,2,08:59:23,09:52:37,00:53:14,53.23
990,1143,10/25/2021,BT01,BT02,1,09:01:10,09:56:14,00:55:04,55.07
991,279,10/25/2021,BT02,BT01,2,09:11:02,10:06:55,00:55:53,55.88
992,513,10/25/2021,BT01,BT02,1,09:31:32,10:27:17,00:55:45,55.75
993,1377,10/25/2021,BT02,BT01,2,09:49:19,10:50:05,01:00:46,60.77
994,123,10/25/2021,BT01,BT02,1,09:51:26,10:46:48,00:55:22,55.37
995,505,10/25/2021,BT01,BT02,1,10:20:51,11:09:39,00:48:48,48.8
996,294,10/25/2021,BT02,BT01,2,10:21:22,11:24:42,01:03:20,63.33
997,128,10/25/2021,BT02,BT01,2,10:30:44,11:33:48,01:03:04,63.07
998,274,10/25/2021,BT01,BT02,1,10:31:18,11:29:24,00:58:06,58.1
999,279,10/25/2021,BT01,BT02,1,10:41:42,11:44:28,01:02:46,62.77
1000,1143,10/25/2021,BT02,BT01,2,11:00:28,12:07:34,01:07:06,67.1
1001,1377,10/25/2021,BT01,BT02,1,11:21:31,12:17:47,00:56:16,56.27
1002,123,10/25/2021,BT02,BT01,2,11:40:46,12:42:17,01:01:31,61.52
1003,294,10/25/2021,BT01,BT02,1,11:50:47,12:48:42,00:57:55,57.92
1004,128,10/25/2021,BT01,BT02,1,11:58:22,12:54:23,00:56:01,56.02
1005,505,10/25/2021,BT02,BT01,2,12:11:01,13:04:12,00:53:11,53.18
1006,274,10/25/2021,BT02,BT01,2,12:16:35,13:05:54,00:49:19,49.32
1007,279,10/25/2021,BT02,BT01,2,12:31:18,13:24:20,00:53:02,53.03
1008,1143,10/25/2021,BT01,BT02,1,12:41:16,13:35:13,00:53:57,53.95
1009,123,10/25/2021,BT01,BT02,1,13:01:13,13:52:49,00:51:36,51.6
1010,1377,10/25/2021,BT02,BT01,2,13:21:14,14:19:07,00:57:53,57.88
1011,505,10/25/2021,BT01,BT02,1,13:40:48,14:24:22,00:43:34,43.57
1012,294,10/25/2021,BT02,BT01,2,13:50:27,14:43:14,00:52:47,52.78
1013,274,10/25/2021,BT01,BT02,1,13:51:41,14:44:18,00:52:37,52.62
1014,279,10/25/2021,BT01,BT02,1,14:00:39,14:52:59,00:52:20,52.33
1015,128,10/25/2021,BT02,BT01,2,14:01:07,14:53:14,00:52:07,52.12
1016,1143,10/25/2021,BT02,BT01,2,14:41:02,15:41:45,01:00:43,60.72
1017,1377,10/25/2021,BT01,BT02,1,14:52:05,15:42:30,00:50:25,50.42
1018,513,10/25/2021,BT02,BT01,2,15:00:47,15:47:54,00:47:07,47.12
1019,294,10/25/2021,BT01,BT02,1,15:21:36,16:22:45,01:01:09,61.15
1020,128,10/25/2021,BT01,BT02,1,15:30:17,16:27:32,00:57:15,57.25
1021,123,10/25/2021,BT02,BT01,2,15:30:51,16:27:25,00:56:34,56.57
1022,505,10/25/2021,BT02,BT01,2,15:50:59,16:46:18,00:55:19,55.32
1023,274,10/25/2021,BT02,BT01,2,15:59:53,16:50:46,00:50:53,50.88
1024,279,10/25/2021,BT02,BT01,2,16:10:33,17:10:08,00:59:35,59.58
1025,1143,10/25/2021,BT01,BT02,1,16:11:37,17:11:07,00:59:30,59.5
1026,513,10/25/2021,BT01,BT02,1,16:33:25,17:30:37,00:57:12,57.2
1027,1377,10/25/2021,BT02,BT01,2,16:41:02,17:39:41,00:58:39,58.65
1028,294,10/25/2021,BT02,BT01,2,17:11:07,18:11:34,01:00:27,60.45
1029,505,10/25/2021,BT01,BT02,1,17:11:12,17:58:02,00:46:50,46.83
1030,274,10/25/2021,BT01,BT02,1,17:21:24,18:12:38,00:51:14,51.23
1031,128,10/25/2021,BT02,BT01,2,17:24:21,18:23:54,00:59:33,59.55
1032,279,10/25/2021,BT01,BT02,1,17:30:47,18:20:10,00:49:23,49.38
1033,1377,10/25/2021,BT01,BT02,1,18:15:27,19:02:27,00:47:00,47
1034,294,10/25/2021,BT01,BT02,1,19:16:40,19:59:04,00:42:24,42.4
1035,128,10/25/2021,BT01,BT02,1,19:29:44,20:12:01,00:42:17,42.28
1036,123,10/25/2021,BT01,BT02,1,20:53:12,21:27:02,00:33:50,33.83
1037,505,10/26/2021,BT02,BT01,2,05:35:37,06:09:33,00:33:56,33.93
1038,116,10/26/2021,BT02,BT01,2,06:00:41,06:49:11,00:48:30,48.5
1039,1377,10/26/2021,BT02,BT01,2,06:31:01,07:18:21,00:47:20,47.33
1040,262,10/26/2021,BT01,BT02,1,06:31:33,07:25:37,00:54:04,54.07
1041,294,10/26/2021,BT02,BT01,2,06:40:04,07:28:49,00:48:45,48.75
1042,505,10/26/2021,BT01,BT02,1,06:51:28,07:44:04,00:52:36,52.6
1043,116,10/26/2021,BT01,BT02,1,06:59:56,07:55:36,00:55:40,55.67
1044,128,10/26/2021,BT02,BT01,2,07:00:08,07:49:31,00:49:23,49.38
1045,1377,10/26/2021,BT01,BT02,1,07:31:06,08:24:27,00:53:21,53.35
1046,513,10/26/2021,BT02,BT01,2,07:33:42,08:21:18,00:47:36,47.6
1047,294,10/26/2021,BT01,BT02,1,07:40:20,08:23:49,00:43:29,43.48
1048,1358,10/26/2021,BT02,BT01,2,07:40:46,08:28:34,00:47:48,47.8
1049,128,10/26/2021,BT01,BT02,1,08:00:29,08:45:27,00:44:58,44.97
1050,513,10/26/2021,BT01,BT02,1,08:40:53,09:34:09,00:53:16,53.27
1051,262,10/26/2021,BT02,BT01,2,08:50:32,09:40:08,00:49:36,49.6
1052,1358,10/26/2021,BT01,BT02,1,08:51:29,09:50:07,00:58:38,58.63
1053,505,10/26/2021,BT02,BT01,2,09:00:57,09:54:08,00:53:11,53.18
1054,116,10/26/2021,BT02,BT01,2,09:10:53,10:05:31,00:54:38,54.63
1055,294,10/26/2021,BT02,BT01,2,09:39:01,10:36:22,00:57:21,57.35
1056,1377,10/26/2021,BT02,BT01,2,09:51:03,10:41:18,00:50:15,50.25
1057,128,10/26/2021,BT02,BT01,2,10:11:15,11:08:57,00:57:42,57.7
1058,262,10/26/2021,BT01,BT02,1,10:12:14,11:01:15,00:49:01,49.02
1059,505,10/26/2021,BT01,BT02,1,10:21:14,11:02:39,00:41:25,41.42
1060,116,10/26/2021,BT01,BT02,1,10:30:54,11:24:07,00:53:13,53.22
1061,1358,10/26/2021,BT02,BT01,2,11:01:02,11:57:42,00:56:40,56.67
1062,294,10/26/2021,BT01,BT02,1,11:01:45,11:55:04,00:53:19,53.32
1063,1377,10/26/2021,BT01,BT02,1,11:11:05,11:58:40,00:47:35,47.58
1064,128,10/26/2021,BT01,BT02,1,11:31:29,12:28:31,00:57:02,57.03
1065,262,10/26/2021,BT02,BT01,2,12:19:56,13:16:06,00:56:10,56.17
1066,1358,10/26/2021,BT01,BT02,1,12:21:01,13:20:54,00:59:53,59.88
1067,505,10/26/2021,BT02,BT01,2,12:40:45,13:40:48,01:00:03,60.05
1068,116,10/26/2021,BT02,BT01,2,12:50:50,13:46:54,00:56:04,56.07
1069,294,10/26/2021,BT02,BT01,2,13:20:50,14:15:02,00:54:12,54.2
1070,1377,10/26/2021,BT02,BT01,2,13:30:55,14:22:26,00:51:31,51.52
1071,262,10/26/2021,BT01,BT02,1,13:41:43,14:35:51,00:54:08,54.13
1072,128,10/26/2021,BT02,BT01,2,13:50:58,14:40:04,00:49:06,49.1
1073,505,10/26/2021,BT01,BT02,1,14:01:53,14:56:18,00:54:25,54.42
1074,116,10/26/2021,BT01,BT02,1,14:11:24,15:12:29,01:01:05,61.08
1075,1358,10/26/2021,BT02,BT01,2,14:39:48,15:30:39,00:50:51,50.85
1076,294,10/26/2021,BT01,BT02,1,14:40:04,15:34:06,00:54:02,54.03
1077,1377,10/26/2021,BT01,BT02,1,14:51:12,15:46:40,00:55:28,55.47
1078,128,10/26/2021,BT01,BT02,1,15:10:53,16:04:54,00:54:01,54.02
1079,262,10/26/2021,BT02,BT01,2,15:57:41,16:56:39,00:58:58,58.97
1080,1358,10/26/2021,BT01,BT02,1,16:01:12,16:59:20,00:58:08,58.13
1081,505,10/26/2021,BT02,BT01,2,16:21:14,17:18:46,00:57:32,57.53
1082,116,10/26/2021,BT02,BT01,2,16:30:57,17:27:00,00:56:03,56.05
1083,294,10/26/2021,BT02,BT01,2,16:58:40,17:55:29,00:56:49,56.82
1084,1377,10/26/2021,BT02,BT01,2,17:11:03,18:11:27,01:00:24,60.4
1085,262,10/26/2021,BT01,BT02,1,17:21:40,18:14:47,00:53:07,53.12
1086,505,10/26/2021,BT01,BT02,1,17:30:46,18:22:53,00:52:07,52.12
1087,128,10/26/2021,BT02,BT01,2,17:34:10,18:32:46,00:58:36,58.6
1088,116,10/26/2021,BT01,BT02,1,17:46:45,18:36:55,00:50:10,50.17
1089,262,10/26/2021,BT02,BT01,2,18:40:56,19:25:57,00:45:01,45.02
1090,294,10/26/2021,BT01,BT02,1,18:44:10,19:23:50,00:39:40,39.67
1091,1377,10/26/2021,BT01,BT02,1,19:04:29,19:47:18,00:42:49,42.82
1092,116,10/27/2021,BT02,BT01,2,05:38:03,06:12:26,00:34:23,34.38
1093,274,10/27/2021,BT02,BT01,2,05:49:10,06:32:44,00:43:34,43.57
1094,1377,10/27/2021,BT02,BT01,2,06:40:36,07:29:00,00:48:24,48.4
1095,262,10/27/2021,BT01,BT02,1,06:51:16,07:48:16,00:57:00,57
1096,1408,10/27/2021,BT01,BT02,1,07:00:06,07:55:34,00:55:28,55.47
1097,116,10/27/2021,BT01,BT02,1,07:11:13,08:04:16,00:53:03,53.05
1098,274,10/27/2021,BT01,BT02,1,07:20:07,08:13:30,00:53:23,53.38
1099,1358,10/27/2021,BT02,BT01,2,07:26:10,08:10:10,00:44:00,44
1100,1143,10/27/2021,BT02,BT01,2,07:39:38,08:27:12,00:47:34,47.57
1101,513,10/27/2021,BT02,BT01,2,08:00:25,08:47:37,00:47:12,47.2
1102,1377,10/27/2021,BT01,BT02,1,08:11:23,08:59:09,00:47:46,47.77
1103,279,10/27/2021,BT02,BT01,2,08:20:57,09:12:59,00:52:02,52.03
1104,1358,10/27/2021,BT01,BT02,1,09:01:44,09:58:45,00:57:01,57.02
1105,262,10/27/2021,BT02,BT01,2,09:21:07,10:18:57,00:57:50,57.83
1106,1143,10/27/2021,BT01,BT02,1,09:21:15,10:17:14,00:55:59,55.98
1107,1408,10/27/2021,BT02,BT01,2,09:31:10,10:29:54,00:58:44,58.73
1108,116,10/27/2021,BT02,BT01,2,09:40:55,10:36:03,00:55:08,55.13
1109,274,10/27/2021,BT02,BT01,2,09:49:28,10:45:24,00:55:56,55.93
1110,279,10/27/2021,BT01,BT02,1,10:00:54,10:56:58,00:56:04,56.07
1111,1377,10/27/2021,BT02,BT01,2,10:40:37,11:37:58,00:57:21,57.35
1112,262,10/27/2021,BT01,BT02,1,11:01:31,11:58:08,00:56:37,56.62
1113,1408,10/27/2021,BT01,BT02,1,11:11:18,12:10:20,00:59:02,59.03
1114,1358,10/27/2021,BT02,BT01,2,11:20:08,12:19:27,00:59:19,59.32
1115,116,10/27/2021,BT01,BT02,1,11:21:29,12:19:10,00:57:41,57.68
1116,274,10/27/2021,BT01,BT02,1,11:31:28,12:29:06,00:57:38,57.63
1117,1143,10/27/2021,BT02,BT01,2,11:40:49,12:42:18,01:01:29,61.48
1118,279,10/27/2021,BT02,BT01,2,12:20:17,13:18:49,00:58:32,58.53
1119,1377,10/27/2021,BT01,BT02,1,12:21:41,13:17:35,00:55:54,55.9
1120,1358,10/27/2021,BT01,BT02,1,13:00:47,13:52:54,00:52:07,52.12
1121,262,10/27/2021,BT02,BT01,2,13:21:10,14:18:49,00:57:39,57.65
1122,1143,10/27/2021,BT01,BT02,1,13:21:58,14:15:13,00:53:15,53.25
1123,1408,10/27/2021,BT02,BT01,2,13:31:03,14:22:50,00:51:47,51.78
1124,123,10/27/2021,BT02,BT01,2,13:41:19,14:32:50,00:51:31,51.52
1125,116,10/27/2021,BT02,BT01,2,13:50:47,14:44:02,00:53:15,53.25
1126,274,10/27/2021,BT02,BT01,2,14:00:13,14:48:51,00:48:38,48.63
1127,279,10/27/2021,BT01,BT02,1,14:01:29,14:53:34,00:52:05,52.08
1128,1377,10/27/2021,BT02,BT01,2,14:51:00,15:42:27,00:51:27,51.45
1129,262,10/27/2021,BT01,BT02,1,15:01:34,16:02:32,01:00:58,60.97
1130,1408,10/27/2021,BT01,BT02,1,15:10:51,16:05:43,00:54:52,54.87
1131,123,10/27/2021,BT01,BT02,1,15:21:21,16:19:33,00:58:12,58.2
1132,1358,10/27/2021,BT02,BT01,2,15:30:03,16:23:58,00:53:55,53.92
1133,116,10/27/2021,BT01,BT02,1,15:31:31,16:24:38,00:53:07,53.12
1134,274,10/27/2021,BT01,BT02,1,15:40:57,16:36:15,00:55:18,55.3
1135,1143,10/27/2021,BT02,BT01,2,15:51:28,16:48:03,00:56:35,56.58
1136,279,10/27/2021,BT02,BT01,2,16:29:25,17:27:55,00:58:30,58.5
1137,1377,10/27/2021,BT01,BT02,1,16:30:57,17:25:17,00:54:20,54.33
1138,262,10/27/2021,BT02,BT01,2,17:01:36,17:55:16,00:53:40,53.67
1139,1358,10/27/2021,BT01,BT02,1,17:10:48,18:05:14,00:54:26,54.43
1140,1408,10/27/2021,BT02,BT01,2,17:11:03,18:11:16,01:00:13,60.22
1141,116,10/27/2021,BT02,BT01,2,17:18:45,18:16:45,00:58:00,58
1142,274,10/27/2021,BT02,BT01,2,17:31:20,18:21:37,00:50:17,50.28
1143,1377,10/27/2021,BT02,BT01,2,18:10:50,19:03:53,00:53:03,53.05
1144,279,10/27/2021,BT01,BT02,1,18:44:29,19:28:52,00:44:23,44.38
1145,116,10/27/2021,BT01,BT02,1,19:50:57,20:31:00,00:40:03,40.05
1146,274,10/27/2021,BT01,BT02,1,20:15:35,20:50:47,00:35:12,35.2
1147,123,10/27/2021,BT01,BT02,1,21:11:02,21:41:26,00:30:24,30.4
1148,505,10/28/2021,BT02,BT01,2,05:38:36,06:10:14,00:31:38,31.63
1149,294,10/28/2021,BT02,BT01,2,06:10:59,06:59:56,00:48:57,48.95
1150,117,10/28/2021,BT01,BT02,1,06:31:00,07:25:46,00:54:46,54.77
1151,128,10/28/2021,BT02,BT01,2,06:35:14,07:20:12,00:44:58,44.97
1152,262,10/28/2021,BT01,BT02,1,06:41:19,07:34:18,00:52:59,52.98
1153,1358,10/28/2021,BT02,BT01,2,06:59:04,07:40:50,00:41:46,41.77
1154,1408,10/28/2021,BT01,BT02,1,06:59:58,07:55:20,00:55:22,55.37
1155,505,10/28/2021,BT01,BT02,1,07:11:29,08:04:34,00:53:05,53.08
1156,294,10/28/2021,BT01,BT02,1,07:29:39,08:22:24,00:52:45,52.75
1157,128,10/28/2021,BT01,BT02,1,07:51:08,08:38:53,00:47:45,47.75
1158,279,10/28/2021,BT02,BT01,2,08:00:24,08:50:54,00:50:30,50.5
1159,116,10/28/2021,BT02,BT01,2,08:10:04,09:03:28,00:53:24,53.4
1160,1358,10/28/2021,BT01,BT02,1,08:11:27,09:03:47,00:52:20,52.33
1161,1143,10/28/2021,BT02,BT01,2,08:30:36,09:23:24,00:52:48,52.8
1162,117,10/28/2021,BT02,BT01,2,08:59:00,09:48:01,00:49:01,49.02
1163,262,10/28/2021,BT02,BT01,2,09:10:22,10:06:07,00:55:45,55.75
1164,1408,10/28/2021,BT02,BT01,2,09:29:58,10:23:31,00:53:33,53.55
1165,279,10/28/2021,BT01,BT02,1,09:31:26,10:24:47,00:53:21,53.35
1166,505,10/28/2021,BT02,BT01,2,09:38:18,10:30:06,00:51:48,51.8
1167,116,10/28/2021,BT01,BT02,1,09:41:26,10:38:58,00:57:32,57.53
1168,1143,10/28/2021,BT01,BT02,1,09:51:13,10:46:39,00:55:26,55.43
1169,294,10/28/2021,BT02,BT01,2,10:00:20,10:56:57,00:56:37,56.62
1170,128,10/28/2021,BT02,BT01,2,10:16:55,11:11:18,00:54:23,54.38
1171,117,10/28/2021,BT01,BT02,1,10:21:09,11:15:30,00:54:21,54.35
1172,262,10/28/2021,BT01,BT02,1,10:31:13,11:23:51,00:52:38,52.63
1173,1358,10/28/2021,BT02,BT01,2,10:40:24,11:32:31,00:52:07,52.12
1174,1408,10/28/2021,BT01,BT02,1,10:51:18,11:45:22,00:54:04,54.07
1175,505,10/28/2021,BT01,BT02,1,11:01:44,11:54:30,00:52:46,52.77
1176,294,10/28/2021,BT01,BT02,1,11:21:57,12:23:28,01:01:31,61.52
1177,279,10/28/2021,BT02,BT01,2,11:39:35,12:37:28,00:57:53,57.88
1178,128,10/28/2021,BT01,BT02,1,11:41:21,12:41:19,00:59:58,59.97
1179,116,10/28/2021,BT02,BT01,2,11:50:33,12:49:22,00:58:49,58.82
1180,1358,10/28/2021,BT01,BT02,1,11:59:12,13:00:25,01:01:13,61.22
1181,123,10/28/2021,BT02,BT01,2,12:00:50,12:58:14,00:57:24,57.4
1182,1143,10/28/2021,BT02,BT01,2,12:11:11,13:07:42,00:56:31,56.52
1183,117,10/28/2021,BT02,BT01,2,12:46:15,13:45:39,00:59:24,59.4
1184,262,10/28/2021,BT02,BT01,2,12:59:48,13:59:46,00:59:58,59.97
1185,279,10/28/2021,BT01,BT02,1,13:11:29,14:10:36,00:59:07,59.12
1186,1408,10/28/2021,BT02,BT01,2,13:20:41,14:18:20,00:57:39,57.65
1187,116,10/28/2021,BT01,BT02,1,13:21:04,14:12:20,00:51:16,51.27
1188,505,10/28/2021,BT02,BT01,2,13:30:19,14:25:26,00:55:07,55.12
1189,123,10/28/2021,BT01,BT02,1,13:31:51,14:24:00,00:52:09,52.15
1190,1143,10/28/2021,BT01,BT02,1,13:41:43,14:34:05,00:52:22,52.37
1191,294,10/28/2021,BT02,BT01,2,13:50:10,14:50:13,01:00:03,60.05
1192,128,10/28/2021,BT02,BT01,2,14:07:01,14:58:37,00:51:36,51.6
1193,1358,10/28/2021,BT02,BT01,2,14:20:27,15:18:45,00:58:18,58.3
1194,117,10/28/2021,BT01,BT02,1,14:21:31,15:20:05,00:58:34,58.57
1195,262,10/28/2021,BT01,BT02,1,14:31:14,15:25:51,00:54:37,54.62
1196,1408,10/28/2021,BT01,BT02,1,14:50:58,15:44:35,00:53:37,53.62
1197,505,10/28/2021,BT01,BT02,1,15:01:29,15:54:44,00:53:15,53.25
1198,279,10/28/2021,BT02,BT01,2,15:10:50,16:04:25,00:53:35,53.58
1199,123,10/28/2021,BT02,BT01,2,15:21:01,16:18:05,00:57:04,57.07
1200,294,10/28/2021,BT01,BT02,1,15:22:29,16:16:34,00:54:05,54.08
1201,1143,10/28/2021,BT02,BT01,2,15:30:13,16:28:43,00:58:30,58.5
1202,128,10/28/2021,BT01,BT02,1,15:39:10,16:34:26,00:55:16,55.27
1203,1358,10/28/2021,BT01,BT02,1,15:51:25,16:48:54,00:57:29,57.48
1204,116,10/28/2021,BT02,BT01,2,16:00:02,16:55:14,00:55:12,55.2
1205,117,10/28/2021,BT02,BT01,2,16:21:36,17:16:21,00:54:45,54.75
1206,262,10/28/2021,BT02,BT01,2,16:31:12,17:17:16,00:46:04,46.07
1207,1408,10/28/2021,BT02,BT01,2,16:40:51,17:36:53,00:56:02,56.03
1208,123,10/28/2021,BT01,BT02,1,16:42:23,17:28:05,00:45:42,45.7
1209,505,10/28/2021,BT02,BT01,2,16:50:48,17:44:52,00:54:04,54.07
1210,279,10/28/2021,BT01,BT02,1,16:51:22,17:47:08,00:55:46,55.77
1211,1143,10/28/2021,BT01,BT02,1,17:02:00,17:53:32,00:51:32,51.53
1212,128,10/28/2021,BT02,BT01,2,17:27:16,18:23:35,00:56:19,56.32
1213,116,10/28/2021,BT01,BT02,1,17:34:45,18:21:25,00:46:40,46.67
1214,262,10/28/2021,BT01,BT02,1,18:06:16,18:58:01,00:51:45,51.75
1215,279,10/28/2021,BT02,BT01,2,18:12:01,19:04:10,00:52:09,52.15
1216,1408,10/28/2021,BT01,BT02,1,18:20:39,19:04:37,00:43:58,43.97
1217,505,10/28/2021,BT01,BT02,1,18:36:49,19:20:05,00:43:16,43.27
1218,294,10/28/2021,BT01,BT02,1,19:42:39,20:23:19,00:40:40,40.67
1219,128,10/28/2021,BT01,BT02,1,20:11:49,20:51:16,00:39:27,39.45
1220,505,10/29/2021,BT02,BT01,2,05:38:32,06:14:04,00:35:32,35.53
1221,274,10/29/2021,BT02,BT01,2,05:50:51,06:33:54,00:43:03,43.05
1222,128,10/29/2021,BT02,BT01,2,06:10:23,07:00:39,00:50:16,50.27
1223,1358,10/29/2021,BT02,BT01,2,06:39:48,07:34:40,00:54:52,54.87
1224,262,10/29/2021,BT01,BT02,1,06:41:17,07:38:08,00:56:51,56.85
1225,505,10/29/2021,BT01,BT02,1,06:50:47,07:50:58,01:00:11,60.18
1226,274,10/29/2021,BT01,BT02,1,06:58:43,07:59:25,01:00:42,60.7
1227,1143,10/29/2021,BT02,BT01,2,07:09:54,07:52:39,00:42:45,42.75
1228,128,10/29/2021,BT01,BT02,1,07:20:28,08:10:38,00:50:10,50.17
1229,513,10/29/2021,BT02,BT01,2,07:40:47,08:31:56,00:51:09,51.15
1230,279,10/29/2021,BT02,BT01,2,07:50:57,08:44:01,00:53:04,53.07
1231,1358,10/29/2021,BT01,BT02,1,07:51:03,08:43:28,00:52:25,52.42
1232,116,10/29/2021,BT02,BT01,2,08:00:28,08:51:55,00:51:27,51.45
1233,123,10/29/2021,BT02,BT01,2,08:09:45,09:02:14,00:52:29,52.48
1234,1143,10/29/2021,BT01,BT02,1,08:20:45,09:11:54,00:51:09,51.15
1235,262,10/29/2021,BT02,BT01,2,08:43:09,09:23:41,00:40:32,40.53
1236,505,10/29/2021,BT02,BT01,2,09:00:20,09:44:53,00:44:33,44.55
1237,274,10/29/2021,BT02,BT01,2,09:09:04,10:08:05,00:59:01,59.02
1238,513,10/29/2021,BT01,BT02,1,09:11:38,10:07:15,00:55:37,55.62
1239,128,10/29/2021,BT02,BT01,2,09:29:36,10:25:44,00:56:08,56.13
1240,279,10/29/2021,BT01,BT02,1,09:29:56,10:23:41,00:53:45,53.75
1241,116,10/29/2021,BT01,BT02,1,09:41:32,10:36:52,00:55:20,55.33
1242,123,10/29/2021,BT01,BT02,1,09:51:36,10:43:04,00:51:28,51.47
1243,1358,10/29/2021,BT02,BT01,2,10:00:38,10:55:39,00:55:01,55.02
1244,1143,10/29/2021,BT02,BT01,2,10:30:39,11:26:52,00:56:13,56.22
1245,262,10/29/2021,BT01,BT02,1,10:32:38,11:25:25,00:52:47,52.78
1246,505,10/29/2021,BT01,BT02,1,10:40:34,11:34:30,00:53:56,53.93
1247,274,10/29/2021,BT01,BT02,1,10:51:31,11:47:27,00:55:56,55.93
1248,128,10/29/2021,BT01,BT02,1,11:12:15,12:08:49,00:56:34,56.57
1249,279,10/29/2021,BT02,BT01,2,11:29:57,12:28:52,00:58:55,58.92
1250,116,10/29/2021,BT02,BT01,2,11:41:07,12:35:56,00:54:49,54.82
1251,1358,10/29/2021,BT01,BT02,1,11:41:09,12:46:14,01:05:05,65.08
1252,123,10/29/2021,BT02,BT01,2,11:50:42,12:49:15,00:58:33,58.55
1253,1143,10/29/2021,BT01,BT02,1,12:12:06,13:15:42,01:03:36,63.6
1254,262,10/29/2021,BT02,BT01,2,12:30:44,13:28:51,00:58:07,58.12
1255,505,10/29/2021,BT02,BT01,2,12:40:47,13:32:14,00:51:27,51.45
1256,274,10/29/2021,BT02,BT01,2,12:50:17,13:48:23,00:58:06,58.1
1257,279,10/29/2021,BT01,BT02,1,13:12:00,14:08:56,00:56:56,56.93
1258,128,10/29/2021,BT02,BT01,2,13:21:21,14:16:55,00:55:34,55.57
1259,116,10/29/2021,BT01,BT02,1,13:22:31,14:14:09,00:51:38,51.63
1260,123,10/29/2021,BT01,BT02,1,13:31:09,14:24:02,00:52:53,52.88
1261,1358,10/29/2021,BT02,BT01,2,13:50:42,14:46:36,00:55:54,55.9
1262,262,10/29/2021,BT01,BT02,1,14:12:13,15:03:31,00:51:18,51.3
1263,1143,10/29/2021,BT02,BT01,2,14:20:32,15:19:52,00:59:20,59.33
1264,505,10/29/2021,BT01,BT02,1,14:31:17,15:23:17,00:52:00,52
1265,274,10/29/2021,BT01,BT02,1,14:40:16,15:37:17,00:57:01,57.02
1266,128,10/29/2021,BT01,BT02,1,15:01:42,15:58:53,00:57:11,57.18
1267,279,10/29/2021,BT02,BT01,2,15:20:48,16:19:14,00:58:26,58.43
1268,116,10/29/2021,BT02,BT01,2,15:30:55,16:25:31,00:54:36,54.6
1269,1358,10/29/2021,BT01,BT02,1,15:31:35,16:31:30,00:59:55,59.92
1270,123,10/29/2021,BT02,BT01,2,15:40:34,16:35:39,00:55:05,55.08
1271,1143,10/29/2021,BT01,BT02,1,16:01:01,17:02:54,01:01:53,61.88
1272,262,10/29/2021,BT02,BT01,2,16:11:33,17:08:15,00:56:42,56.7
1273,505,10/29/2021,BT02,BT01,2,16:20:27,17:15:08,00:54:41,54.68
1274,274,10/29/2021,BT02,BT01,2,16:30:12,17:26:48,00:56:36,56.6
1275,123,10/29/2021,BT01,BT02,1,16:49:58,17:34:38,00:44:40,44.67
1276,128,10/29/2021,BT02,BT01,2,16:59:10,18:05:16,01:06:06,66.1
1277,279,10/29/2021,BT01,BT02,1,17:12:13,18:06:26,00:54:13,54.22
1278,116,10/29/2021,BT01,BT02,1,17:21:32,18:16:46,00:55:14,55.23
1279,505,10/29/2021,BT01,BT02,1,18:02:57,18:56:18,00:53:21,53.35
1280,274,10/29/2021,BT01,BT02,1,18:15:36,19:05:41,00:50:05,50.08
1281,128,10/29/2021,BT01,BT02,1,19:39:52,20:23:28,00:43:36,43.6
1282,505,10/30/2021,BT02,BT01,2,05:36:00,06:10:44,00:34:44,34.73
1283,274,10/30/2021,BT02,BT01,2,05:49:24,06:31:45,00:42:21,42.35
1284,128,10/30/2021,BT02,BT01,2,06:00:49,06:51:27,00:50:38,50.63
1285,1143,10/30/2021,BT02,BT01,2,06:40:28,07:28:03,00:47:35,47.58
1286,505,10/30/2021,BT01,BT02,1,06:50:50,07:36:00,00:45:10,45.17
1287,274,10/30/2021,BT01,BT02,1,07:00:18,07:52:48,00:52:30,52.5
1288,513,10/30/2021,BT02,BT01,2,07:06:25,07:49:42,00:43:17,43.28
1289,128,10/30/2021,BT01,BT02,1,07:09:13,08:01:27,00:52:14,52.23
1290,279,10/30/2021,BT02,BT01,2,07:30:47,08:15:06,00:44:19,44.32
1291,1143,10/30/2021,BT01,BT02,1,07:51:23,08:45:58,00:54:35,54.58
1292,513,10/30/2021,BT01,BT02,1,08:11:11,08:49:39,00:38:28,38.47
1293,294,10/30/2021,BT02,BT01,2,08:20:47,09:15:02,00:54:15,54.25
1294,279,10/30/2021,BT01,BT02,1,08:30:36,09:22:48,00:52:12,52.2
1295,123,10/30/2021,BT02,BT01,2,08:40:06,09:33:50,00:53:44,53.73
1296,294,10/30/2021,BT01,BT02,1,09:28:55,10:26:20,00:57:25,57.42
1297,505,10/30/2021,BT02,BT01,2,09:40:37,10:31:42,00:51:05,51.08
1298,274,10/30/2021,BT02,BT01,2,09:50:00,10:42:19,00:52:19,52.32
1299,123,10/30/2021,BT01,BT02,1,09:51:17,10:40:14,00:48:57,48.95
1300,513,10/30/2021,BT02,BT01,2,10:31:18,11:21:34,00:50:16,50.27
1301,505,10/30/2021,BT01,BT02,1,10:51:24,11:39:06,00:47:42,47.7
1302,274,10/30/2021,BT01,BT02,1,11:00:13,11:41:31,00:41:18,41.3
1303,279,10/30/2021,BT02,BT01,2,11:00:58,11:53:25,00:52:27,52.45
1304,123,10/30/2021,BT02,BT01,2,11:21:13,12:13:32,00:52:19,52.32
1305,294,10/30/2021,BT02,BT01,2,11:51:01,12:46:34,00:55:33,55.55
1306,279,10/30/2021,BT01,BT02,1,12:11:36,13:01:44,00:50:08,50.13
1307,123,10/30/2021,BT01,BT02,1,12:31:45,13:18:47,00:47:02,47.03
1308,505,10/30/2021,BT02,BT01,2,12:50:17,13:46:24,00:56:07,56.12
1309,294,10/30/2021,BT01,BT02,1,13:02:20,13:59:40,00:57:20,57.33
1310,279,10/30/2021,BT02,BT01,2,14:00:58,14:53:26,00:52:28,52.47
1311,505,10/30/2021,BT01,BT02,1,14:01:43,14:54:33,00:52:50,52.83
1312,294,10/30/2021,BT02,BT01,2,14:40:53,15:32:56,00:52:03,52.05
1313,279,10/30/2021,BT01,BT02,1,15:10:16,16:01:20,00:51:04,51.07
1314,505,10/30/2021,BT02,BT01,2,15:40:49,16:38:05,00:57:16,57.27
1315,294,10/30/2021,BT01,BT02,1,16:00:59,16:56:19,00:55:20,55.33
1316,279,10/30/2021,BT02,BT01,2,16:24:32,17:23:37,00:59:05,59.08
1317,505,10/30/2021,BT01,BT02,1,17:06:48,17:55:53,00:49:05,49.08
1318,294,10/30/2021,BT02,BT01,2,17:25:17,18:22:57,00:57:40,57.67
1319,279,10/30/2021,BT01,BT02,1,17:48:35,18:33:48,00:45:13,45.22
1320,294,10/30/2021,BT01,BT02,1,19:55:17,20:32:18,00:37:01,37.02
1321,123,10/30/2021,BT01,BT02,1,20:36:17,21:12:24,00:36:07,36.12
1322,505,10/31/2021,BT02,BT01,2,05:34:03,06:09:54,00:35:51,35.85
1323,1143,10/31/2021,BT02,BT01,2,06:15:01,07:04:12,00:49:11,49.18
1324,1408,10/31/2021,BT01,BT02,1,06:40:30,07:31:19,00:50:49,50.82
1325,505,10/31/2021,BT01,BT02,1,06:50:34,07:38:05,00:47:31,47.52
1326,1143,10/31/2021,BT01,BT02,1,07:23:19,08:09:18,00:45:59,45.98
1327,116,10/31/2021,BT02,BT01,2,07:28:43,08:12:16,00:43:33,43.55
1328,294,10/31/2021,BT02,BT01,2,08:11:04,09:04:44,00:53:40,53.67
1329,116,10/31/2021,BT01,BT02,1,08:27:01,09:18:34,00:51:33,51.55
1330,123,10/31/2021,BT02,BT01,2,08:39:02,09:34:08,00:55:06,55.1
1331,128,10/31/2021,BT02,BT01,2,08:50:51,09:46:30,00:55:39,55.65
1332,279,10/31/2021,BT02,BT01,2,09:00:46,09:58:20,00:57:34,57.57
1333,1408,10/31/2021,BT02,BT01,2,09:29:58,10:22:50,00:52:52,52.87
1334,505,10/31/2021,BT02,BT01,2,09:40:47,10:32:07,00:51:20,51.33
1335,294,10/31/2021,BT01,BT02,1,09:49:25,10:45:19,00:55:54,55.9
1336,274,10/31/2021,BT02,BT01,2,09:50:04,10:43:17,00:53:13,53.22
1337,1143,10/31/2021,BT02,BT01,2,10:09:25,11:09:15,00:59:50,59.83
1338,116,10/31/2021,BT02,BT01,2,10:50:35,11:49:39,00:59:04,59.07
1339,123,10/31/2021,BT01,BT02,1,10:51:02,11:46:07,00:55:05,55.08
1340,128,10/31/2021,BT01,BT02,1,11:10:22,12:12:47,01:02:25,62.42
1341,294,10/31/2021,BT02,BT01,2,11:31:24,12:30:34,00:59:10,59.17
1342,279,10/31/2021,BT01,BT02,1,11:35:54,12:32:37,00:56:43,56.72
1343,123,10/31/2021,BT02,BT01,2,12:18:09,13:16:02,00:57:53,57.88
1344,1408,10/31/2021,BT01,BT02,1,12:20:40,13:12:24,00:51:44,51.73
1345,128,10/31/2021,BT02,BT01,2,12:30:49,13:28:21,00:57:32,57.53
1346,505,10/31/2021,BT01,BT02,1,12:33:16,13:20:21,00:47:05,47.08
1347,274,10/31/2021,BT01,BT02,1,12:43:12,13:38:19,00:55:07,55.12
1348,1143,10/31/2021,BT01,BT02,1,13:08:05,14:10:05,01:02:00,62
1349,505,10/31/2021,BT02,BT01,2,14:01:16,14:56:06,00:54:50,54.83
1350,116,10/31/2021,BT01,BT02,1,14:05:06,14:45:42,00:40:36,40.6
1351,274,10/31/2021,BT02,BT01,2,14:21:01,15:12:16,00:51:15,51.25
1352,1143,10/31/2021,BT02,BT01,2,15:13:15,16:03:02,00:49:47,49.78
1353,116,10/31/2021,BT02,BT01,2,15:35:00,16:26:15,00:51:15,51.25
1354,123,10/31/2021,BT01,BT02,1,16:16:40,17:00:39,00:43:59,43.98
1355,128,10/31/2021,BT01,BT02,1,16:56:22,17:42:21,00:45:59,45.98
1356,123,10/31/2021,BT02,BT01,2,17:25:18,18:15:50,00:50:32,50.53
1357,128,10/31/2021,BT02,BT01,2,18:07:30,19:01:02,00:53:32,53.53
1358,505,10/31/2021,BT01,BT02,1,18:27:49,19:07:47,00:39:58,39.97
1359,274,10/31/2021,BT01,BT02,1,18:41:24,19:26:52,00:45:28,45.47
1360,128,10/31/2021,BT01,BT02,1,19:35:26,20:35:18,00:59:52,59.87
1361,1143,10/31/2021,BT01,BT02,1,20:02:02,20:38:52,00:36:50,36.83
1362,123,10/31/2021,BT01,BT02,1,20:40:41,21:16:07,00:35:26,35.43
1363,123,11-01-2021,BT02,BT01,2,04:54:52,05:30:38,00:35:46,35.77
1364,128,11-01-2021,BT02,BT01,2,05:57:45,06:47:35,00:49:50,49.83
1365,1358,11-01-2021,BT02,BT01,2,06:39:28,07:40:55,01:01:27,61.45
1366,262,11-01-2021,BT01,BT02,1,06:41:25,07:29:37,00:48:12,48.2
1367,128,11-01-2021,BT01,BT02,1,07:00:19,07:55:47,00:55:28,55.47
1368,513,11-01-2021,BT02,BT01,2,07:08:47,08:00:31,00:51:44,51.73
1369,294,11-01-2021,BT02,BT01,2,07:51:18,08:50:10,00:58:52,58.87
1370,1358,11-01-2021,BT01,BT02,1,07:59:07,08:48:05,00:48:58,48.97
1371,262,11-01-2021,BT02,BT01,2,08:40:30,09:35:05,00:54:35,54.58
1372,128,11-01-2021,BT02,BT01,2,08:59:32,09:54:08,00:54:36,54.6
1373,294,11-01-2021,BT01,BT02,1,09:28:54,10:13:35,00:44:41,44.68
1374,1408,11-01-2021,BT02,BT01,2,09:30:48,10:22:20,00:51:32,51.53
1375,1358,11-01-2021,BT02,BT01,2,09:40:27,10:32:59,00:52:32,52.53
1376,262,11-01-2021,BT01,BT02,1,10:20:56,11:16:17,00:55:21,55.35
1377,128,11-01-2021,BT01,BT02,1,10:40:14,11:37:03,00:56:49,56.82
1378,116,11-01-2021,BT02,BT01,2,11:01:03,12:03:10,01:02:07,62.12
1379,1408,11-01-2021,BT01,BT02,1,11:10:57,12:10:01,00:59:04,59.07
1380,294,11-01-2021,BT02,BT01,2,11:11:42,12:12:42,01:01:00,61
1381,1358,11-01-2021,BT01,BT02,1,11:52:12,12:52:53,01:00:41,60.68
1382,262,11-01-2021,BT02,BT01,2,12:00:14,12:54:01,00:53:47,53.78
1383,128,11-01-2021,BT02,BT01,2,12:14:44,13:16:21,01:01:37,61.62
1384,1408,11-01-2021,BT02,BT01,2,12:50:58,13:50:29,00:59:31,59.52
1385,116,11-01-2021,BT01,BT02,1,12:51:56,13:55:24,01:03:28,63.47
1386,294,11-01-2021,BT01,BT02,1,13:01:59,14:00:48,00:58:49,58.82
1387,1358,11-01-2021,BT02,BT01,2,13:40:45,14:36:54,00:56:09,56.15
1388,262,11-01-2021,BT01,BT02,1,13:51:11,14:46:55,00:55:44,55.73
1389,128,11-01-2021,BT01,BT02,1,14:12:10,15:07:49,00:55:39,55.65
1390,116,11-01-2021,BT02,BT01,2,14:40:56,15:33:54,00:52:58,52.97
1391,294,11-01-2021,BT02,BT01,2,14:51:21,15:48:12,00:56:51,56.85
1392,1408,11-01-2021,BT01,BT02,1,14:52:10,15:45:30,00:53:20,53.33
1393,1358,11-01-2021,BT01,BT02,1,15:31:28,16:26:03,00:54:35,54.58
1394,262,11-01-2021,BT02,BT01,2,15:40:14,16:30:21,00:50:07,50.12
1395,128,11-01-2021,BT02,BT01,2,15:48:59,16:43:02,00:54:03,54.05
1396,1408,11-01-2021,BT02,BT01,2,16:21:21,17:16:07,00:54:46,54.77
1397,116,11-01-2021,BT01,BT02,1,16:31:50,17:29:13,00:57:23,57.38
1398,294,11-01-2021,BT01,BT02,1,16:42:03,17:34:17,00:52:14,52.23
1399,262,11-01-2021,BT01,BT02,1,17:30:12,18:25:47,00:55:35,55.58
1400,1408,11-01-2021,BT01,BT02,1,17:41:00,18:39:19,00:58:19,58.32
1401,128,11-01-2021,BT01,BT02,1,17:58:05,18:49:40,00:51:35,51.58
1402,262,11-01-2021,BT02,BT01,2,18:46:57,19:25:31,00:38:34,38.57
1403,274,11-02-2021,BT02,BT01,2,05:37:38,06:10:41,00:33:03,33.05
1404,1358,11-02-2021,BT02,BT01,2,06:21:58,07:07:54,00:45:56,45.93
1405,262,11-02-2021,BT01,BT02,1,06:41:31,07:37:05,00:55:34,55.57
1406,1408,11-02-2021,BT01,BT02,1,07:00:20,07:58:48,00:58:28,58.47
1407,274,11-02-2021,BT01,BT02,1,07:11:05,08:06:49,00:55:44,55.73
1408,279,11-02-2021,BT02,BT01,2,07:29:28,08:17:25,00:47:57,47.95
1409,1358,11-02-2021,BT01,BT02,1,07:38:58,08:38:24,00:59:26,59.43
1410,116,11-02-2021,BT02,BT01,2,07:47:07,08:38:00,00:50:53,50.88
1411,294,11-02-2021,BT02,BT01,2,08:06:41,08:55:30,00:48:49,48.82
1412,123,11-02-2021,BT02,BT01,2,08:39:53,09:35:55,00:56:02,56.03
1413,1143,11-02-2021,BT02,BT01,2,08:50:43,09:42:27,00:51:44,51.73
1414,279,11-02-2021,BT01,BT02,1,08:51:45,09:43:33,00:51:48,51.8
1415,116,11-02-2021,BT01,BT02,1,09:00:46,09:55:48,00:55:02,55.03
1416,294,11-02-2021,BT01,BT02,1,09:29:33,10:20:30,00:50:57,50.95
1417,262,11-02-2021,BT02,BT01,2,09:31:20,10:26:43,00:55:23,55.38
1418,1408,11-02-2021,BT02,BT01,2,09:59:37,10:54:16,00:54:39,54.65
1419,123,11-02-2021,BT01,BT02,1,10:01:08,10:55:45,00:54:37,54.62
1420,274,11-02-2021,BT02,BT01,2,10:11:00,11:05:08,00:54:08,54.13
1421,1143,11-02-2021,BT01,BT02,1,10:11:09,11:06:01,00:54:52,54.87
1422,1358,11-02-2021,BT02,BT01,2,10:38:13,11:28:31,00:50:18,50.3
1423,262,11-02-2021,BT01,BT02,1,10:41:53,11:39:16,00:57:23,57.38
1424,1408,11-02-2021,BT01,BT02,1,11:11:14,12:12:01,01:00:47,60.78
1425,274,11-02-2021,BT01,BT02,1,11:21:45,12:20:02,00:58:17,58.28
1426,279,11-02-2021,BT02,BT01,2,11:40:37,12:43:00,01:02:23,62.38
1427,1358,11-02-2021,BT01,BT02,1,11:50:25,12:53:00,01:02:35,62.58
1428,116,11-02-2021,BT02,BT01,2,11:50:44,12:52:26,01:01:42,61.7
1429,294,11-02-2021,BT02,BT01,2,12:19:16,13:20:06,01:00:50,60.83
1430,1143,11-02-2021,BT02,BT01,2,12:39:10,13:36:25,00:57:15,57.25
1431,279,11-02-2021,BT01,BT02,1,13:01:56,13:58:59,00:57:03,57.05
1432,262,11-02-2021,BT02,BT01,2,13:10:01,14:11:47,01:01:46,61.77
1433,116,11-02-2021,BT01,BT02,1,13:11:49,14:07:16,00:55:27,55.45
1434,1408,11-02-2021,BT02,BT01,2,13:40:20,14:35:29,00:55:09,55.15
1435,294,11-02-2021,BT01,BT02,1,13:41:30,14:34:13,00:52:43,52.72
1436,274,11-02-2021,BT02,BT01,2,13:51:20,14:45:05,00:53:45,53.75
1437,1143,11-02-2021,BT01,BT02,1,14:01:33,14:56:22,00:54:49,54.82
1438,1358,11-02-2021,BT02,BT01,2,14:19:29,15:19:12,00:59:43,59.72
1439,262,11-02-2021,BT01,BT02,1,14:32:12,15:22:18,00:50:06,50.1
1440,1408,11-02-2021,BT01,BT02,1,15:01:45,15:57:50,00:56:05,56.08
1441,274,11-02-2021,BT01,BT02,1,15:11:35,16:06:35,00:55:00,55
1442,279,11-02-2021,BT02,BT01,2,15:21:05,16:18:50,00:57:45,57.75
1443,116,11-02-2021,BT02,BT01,2,15:30:34,16:20:55,00:50:21,50.35
1444,1358,11-02-2021,BT01,BT02,1,15:39:31,16:38:05,00:58:34,58.57
1445,294,11-02-2021,BT02,BT01,2,15:59:32,16:49:55,00:50:23,50.38
1446,1143,11-02-2021,BT02,BT01,2,16:20:38,17:22:00,01:01:22,61.37
1447,279,11-02-2021,BT01,BT02,1,16:40:18,17:39:18,00:59:00,59
1448,116,11-02-2021,BT01,BT02,1,16:49:38,17:46:54,00:57:16,57.27
1449,262,11-02-2021,BT02,BT01,2,16:51:13,17:54:35,01:03:22,63.37
1450,294,11-02-2021,BT01,BT02,1,17:20:16,18:27:12,01:06:56,66.93
1451,1408,11-02-2021,BT02,BT01,2,17:20:30,18:19:48,00:59:18,59.3
1452,274,11-02-2021,BT02,BT01,2,17:30:28,18:19:22,00:48:54,48.9
1453,1143,11-02-2021,BT01,BT02,1,17:41:06,18:40:08,00:59:02,59.03
1454,1358,11-02-2021,BT02,BT01,2,18:22:30,19:05:29,00:42:59,42.98
1455,262,11-02-2021,BT01,BT02,1,18:48:25,19:35:17,00:46:52,46.87
1456,274,11-02-2021,BT01,BT02,1,19:06:34,19:52:01,00:45:27,45.45
1457,1408,11-02-2021,BT01,BT02,1,19:24:44,20:11:06,00:46:22,46.37
1458,123,11-02-2021,BT01,BT02,1,20:04:34,20:42:43,00:38:09,38.15
1459,1358,11-02-2021,BT01,BT02,1,21:04:20,21:33:31,00:29:11,29.18
1460,123,11-03-2021,BT02,BT01,2,04:31:38,05:01:45,00:30:07,30.12
1461,505,11-03-2021,BT02,BT01,2,05:32:53,06:07:14,00:34:21,34.35
1462,274,11-03-2021,BT02,BT01,2,05:49:30,06:39:05,00:49:35,49.58
1463,1358,11-03-2021,BT02,BT01,2,06:00:17,06:46:57,00:46:40,46.67
1464,117,11-03-2021,BT01,BT02,1,06:25:55,07:20:36,00:54:41,54.68
1465,262,11-03-2021,BT01,BT02,1,06:31:17,07:28:55,00:57:38,57.63
1466,505,11-03-2021,BT01,BT02,1,07:01:40,07:52:37,00:50:57,50.95
1467,274,11-03-2021,BT01,BT02,1,07:11:32,07:59:23,00:47:51,47.85
1468,123,11-03-2021,BT02,BT01,2,07:12:23,07:58:32,00:46:09,46.15
1469,1358,11-03-2021,BT01,BT02,1,07:20:29,08:10:36,00:50:07,50.12
1470,116,11-03-2021,BT02,BT01,2,07:29:39,08:13:14,00:43:35,43.58
1471,294,11-03-2021,BT02,BT01,2,07:59:01,08:50:08,00:51:07,51.12
1472,250,11-03-2021,BT02,BT01,2,08:08:54,08:56:45,00:47:51,47.85
1473,123,11-03-2021,BT01,BT02,1,08:31:16,09:24:08,00:52:52,52.87
1474,128,11-03-2021,BT02,BT01,2,08:40:23,09:29:09,00:48:46,48.77
1475,1143,11-03-2021,BT02,BT01,2,08:50:43,09:43:36,00:52:53,52.88
1476,116,11-03-2021,BT01,BT02,1,08:51:32,09:48:15,00:56:43,56.72
1477,117,11-03-2021,BT02,BT01,2,09:00:34,09:57:36,00:57:02,57.03
1478,262,11-03-2021,BT02,BT01,2,09:10:54,10:05:33,00:54:39,54.65
1479,294,11-03-2021,BT01,BT02,1,09:30:07,10:21:53,00:51:46,51.77
1480,250,11-03-2021,BT01,BT02,1,09:40:16,10:33:56,00:53:40,53.67
1481,505,11-03-2021,BT02,BT01,2,09:40:49,10:38:12,00:57:23,57.38
1482,274,11-03-2021,BT02,BT01,2,09:47:27,10:47:17,00:59:50,59.83
1483,1358,11-03-2021,BT02,BT01,2,09:58:35,10:58:33,00:59:58,59.97
1484,128,11-03-2021,BT01,BT02,1,10:11:18,11:07:19,00:56:01,56.02
1485,1143,11-03-2021,BT01,BT02,1,10:21:56,11:17:34,00:55:38,55.63
1486,117,11-03-2021,BT01,BT02,1,10:31:47,11:26:42,00:54:55,54.92
1487,505,11-03-2021,BT01,BT02,1,11:01:16,11:54:46,00:53:30,53.5
1488,274,11-03-2021,BT01,BT02,1,11:10:23,12:10:09,00:59:46,59.77
1489,123,11-03-2021,BT02,BT01,2,11:11:52,12:06:56,00:55:04,55.07
1490,1358,11-03-2021,BT01,BT02,1,11:21:22,12:20:10,00:58:48,58.8
1491,116,11-03-2021,BT02,BT01,2,11:30:57,12:31:57,01:01:00,61
1492,294,11-03-2021,BT02,BT01,2,12:00:24,13:00:48,01:00:24,60.4
1493,250,11-03-2021,BT02,BT01,2,12:10:50,13:15:25,01:04:35,64.58
1494,123,11-03-2021,BT01,BT02,1,12:21:14,13:06:54,00:45:40,45.67
1495,128,11-03-2021,BT02,BT01,2,12:40:34,13:39:25,00:58:51,58.85
1496,1143,11-03-2021,BT02,BT01,2,12:50:54,13:53:41,01:02:47,62.78
1497,116,11-03-2021,BT01,BT02,1,12:51:27,13:54:53,01:03:26,63.43
1498,117,11-03-2021,BT02,BT01,2,13:11:09,14:06:58,00:55:49,55.82
1499,294,11-03-2021,BT01,BT02,1,13:22:05,14:21:51,00:59:46,59.77
1500,505,11-03-2021,BT02,BT01,2,13:30:32,14:24:31,00:53:59,53.98
1501,250,11-03-2021,BT01,BT02,1,13:31:00,14:29:57,00:58:57,58.95
1502,274,11-03-2021,BT02,BT01,2,13:40:16,14:27:24,00:47:08,47.13
1503,1358,11-03-2021,BT02,BT01,2,13:48:51,14:44:53,00:56:02,56.03
1504,128,11-03-2021,BT01,BT02,1,14:01:19,14:59:11,00:57:52,57.87
1505,117,11-03-2021,BT01,BT02,1,14:31:57,15:33:35,01:01:38,61.63
1506,505,11-03-2021,BT01,BT02,1,14:50:58,15:44:10,00:53:12,53.2
1507,274,11-03-2021,BT01,BT02,1,14:59:56,15:49:21,00:49:25,49.42
1508,123,11-03-2021,BT02,BT01,2,15:01:07,15:57:17,00:56:10,56.17
1509,116,11-03-2021,BT02,BT01,2,15:10:47,16:12:35,01:01:48,61.8
1510,1143,11-03-2021,BT01,BT02,1,15:11:36,16:03:10,00:51:34,51.57
1511,1358,11-03-2021,BT01,BT02,1,15:20:59,16:16:43,00:55:44,55.73
1512,294,11-03-2021,BT02,BT01,2,15:39:12,16:39:35,01:00:23,60.38
1513,250,11-03-2021,BT02,BT01,2,15:51:45,16:52:18,01:00:33,60.55
1514,128,11-03-2021,BT02,BT01,2,16:21:10,17:22:48,01:01:38,61.63
1515,123,11-03-2021,BT01,BT02,1,16:22:23,17:18:21,00:55:58,55.97
1516,117,11-03-2021,BT02,BT01,2,16:30:19,17:33:26,01:03:07,63.12
1517,116,11-03-2021,BT01,BT02,1,16:41:44,17:41:42,00:59:58,59.97
1518,505,11-03-2021,BT02,BT01,2,17:00:04,18:01:44,01:01:40,61.67
1519,274,11-03-2021,BT02,BT01,2,17:10:26,18:09:22,00:58:56,58.93
1520,294,11-03-2021,BT01,BT02,1,17:10:42,18:07:25,00:56:43,56.72
1521,250,11-03-2021,BT01,BT02,1,17:19:17,18:16:57,00:57:40,57.67
1522,1358,11-03-2021,BT02,BT01,2,17:19:22,18:21:37,01:02:15,62.25
1523,1143,11-03-2021,BT02,BT01,2,17:45:22,18:47:06,01:01:44,61.73
1524,128,11-03-2021,BT01,BT02,1,17:53:32,18:49:43,00:56:11,56.18
1525,505,11-03-2021,BT01,BT02,1,18:20:32,19:11:05,00:50:33,50.55
1526,274,11-03-2021,BT01,BT02,1,19:07:32,19:58:38,00:51:06,51.1
1527,1358,11-03-2021,BT01,BT02,1,19:26:18,20:06:31,00:40:13,40.22
1528,1143,11-03-2021,BT01,BT02,1,20:37:24,21:11:24,00:34:00,34
1529,123,11-03-2021,BT01,BT02,1,21:21:16,22:31:35,01:10:19,70.32
1530,505,11-04-2021,BT02,BT01,2,05:35:47,06:09:11,00:33:24,33.4
1531,274,11-04-2021,BT02,BT01,2,06:00:31,06:45:07,00:44:36,44.6
1532,513,11-04-2021,BT02,BT01,2,06:24:23,07:11:03,00:46:40,46.67
1533,117,11-04-2021,BT01,BT02,1,06:31:57,07:17:18,00:45:21,45.35
1534,1377,11-04-2021,BT02,BT01,2,06:37:30,07:28:52,00:51:22,51.37
1535,505,11-04-2021,BT01,BT02,1,06:40:15,07:30:15,00:50:00,50
1536,274,11-04-2021,BT01,BT02,1,06:59:46,07:49:53,00:50:07,50.12
1537,116,11-04-2021,BT02,BT01,2,07:25:52,08:15:14,00:49:22,49.37
1538,513,11-04-2021,BT01,BT02,1,07:30:44,08:26:06,00:55:22,55.37
1539,1377,11-04-2021,BT01,BT02,1,07:41:37,08:28:54,00:47:17,47.28
1540,264,11-04-2021,BT02,BT01,2,07:47:35,08:36:31,00:48:56,48.93
1541,250,11-04-2021,BT02,BT01,2,07:59:25,08:49:55,00:50:30,50.5
1542,123,11-04-2021,BT02,BT01,2,08:21:05,09:17:34,00:56:29,56.48
1543,116,11-04-2021,BT01,BT02,1,08:31:23,09:29:04,00:57:41,57.68
1544,1358,11-04-2021,BT02,BT01,2,08:39:29,09:41:54,01:02:25,62.42
1545,1143,11-04-2021,BT02,BT01,2,08:49:43,09:51:29,01:01:46,61.77
1546,264,11-04-2021,BT01,BT02,1,08:51:28,09:44:54,00:53:26,53.43
1547,250,11-04-2021,BT01,BT02,1,09:01:02,09:57:50,00:56:48,56.8
1548,117,11-04-2021,BT02,BT01,2,09:11:04,10:08:10,00:57:06,57.1
1549,505,11-04-2021,BT02,BT01,2,09:28:25,10:21:19,00:52:54,52.9
1550,123,11-04-2021,BT01,BT02,1,09:29:31,10:20:46,00:51:15,51.25
1551,274,11-04-2021,BT02,BT01,2,09:40:42,10:37:01,00:56:19,56.32
1552,1358,11-04-2021,BT01,BT02,1,09:50:29,10:49:11,00:58:42,58.7
1553,1377,11-04-2021,BT02,BT01,2,10:11:17,11:06:13,00:54:56,54.93
1554,1143,11-04-2021,BT01,BT02,1,10:11:25,11:13:34,01:02:09,62.15
1555,116,11-04-2021,BT02,BT01,2,10:40:37,11:36:53,00:56:16,56.27
1556,505,11-04-2021,BT01,BT02,1,10:40:49,11:35:46,00:54:57,54.95
1557,274,11-04-2021,BT01,BT02,1,10:49:40,11:36:38,00:46:58,46.97
1558,264,11-04-2021,BT02,BT01,2,11:00:16,12:01:14,01:00:58,60.97
1559,250,11-04-2021,BT02,BT01,2,11:10:41,12:12:19,01:01:38,61.63
1560,1377,11-04-2021,BT01,BT02,1,11:21:30,12:28:11,01:06:41,66.68
1561,1358,11-04-2021,BT02,BT01,2,11:40:57,12:43:33,01:02:36,62.6
1562,1143,11-04-2021,BT02,BT01,2,11:47:44,12:48:47,01:01:03,61.05
1563,116,11-04-2021,BT01,BT02,1,11:51:38,12:52:39,01:01:01,61.02
1564,264,11-04-2021,BT01,BT02,1,12:11:42,13:04:32,00:52:50,52.83
1565,250,11-04-2021,BT01,BT02,1,12:21:27,13:20:30,00:59:03,59.05
1566,505,11-04-2021,BT02,BT01,2,12:21:53,13:21:22,00:59:29,59.48
1567,1377,11-04-2021,BT02,BT01,2,12:58:57,13:58:54,00:59:57,59.95
1568,1358,11-04-2021,BT01,BT02,1,13:00:19,14:03:10,01:02:51,62.85
1569,1143,11-04-2021,BT01,BT02,1,13:11:23,14:10:41,00:59:18,59.3
1570,116,11-04-2021,BT02,BT01,2,13:29:02,14:24:50,00:55:48,55.8
1571,505,11-04-2021,BT01,BT02,1,13:41:30,14:37:16,00:55:46,55.77
1572,264,11-04-2021,BT02,BT01,2,13:50:57,14:49:21,00:58:24,58.4
1573,250,11-04-2021,BT02,BT01,2,14:00:35,14:55:20,00:54:45,54.75
1574,1377,11-04-2021,BT01,BT02,1,14:11:09,15:07:48,00:56:39,56.65
1575,116,11-04-2021,BT01,BT02,1,14:37:50,15:36:17,00:58:27,58.45
1576,1358,11-04-2021,BT02,BT01,2,14:39:51,15:37:39,00:57:48,57.8
1577,1143,11-04-2021,BT02,BT01,2,14:57:54,15:55:18,00:57:24,57.4
1578,264,11-04-2021,BT01,BT02,1,15:04:31,15:56:11,00:51:40,51.67
1579,250,11-04-2021,BT01,BT02,1,15:16:51,16:10:51,00:54:00,54
1580,505,11-04-2021,BT02,BT01,2,15:29:50,16:21:50,00:52:00,52
1581,1358,11-04-2021,BT01,BT02,1,15:53:05,16:53:38,01:00:33,60.55
1582,1143,11-04-2021,BT01,BT02,1,16:09:27,17:13:17,01:03:50,63.83
1583,1377,11-04-2021,BT02,BT01,2,16:14:59,17:15:26,01:00:27,60.45
1584,505,11-04-2021,BT01,BT02,1,16:56:34,17:48:46,00:52:12,52.2
1585,250,11-04-2021,BT02,BT01,2,16:59:53,17:51:30,00:51:37,51.62
1586,1143,11-04-2021,BT02,BT01,2,17:39:53,18:35:59,00:56:06,56.1
1587,1377,11-04-2021,BT01,BT02,1,17:40:12,18:27:17,00:47:05,47.08
1588,250,11-04-2021,BT01,BT02,1,18:22:14,19:08:31,00:46:17,46.28
1589,1143,11-04-2021,BT01,BT02,1,19:52:26,20:28:51,00:36:25,36.42
1590,123,11-05-2021,BT02,BT01,2,04:12:13,04:45:36,00:33:23,33.38
1591,505,11-05-2021,BT02,BT01,2,05:29:10,06:08:42,00:39:32,39.53
1592,274,11-05-2021,BT02,BT01,2,05:50:43,06:40:00,00:49:17,49.28
1593,513,11-05-2021,BT02,BT01,2,06:11:49,07:01:31,00:49:42,49.7
1594,1408,11-05-2021,BT01,BT02,1,06:21:34,07:16:48,00:55:14,55.23
1595,505,11-05-2021,BT01,BT02,1,06:41:08,07:34:53,00:53:45,53.75
1596,274,11-05-2021,BT01,BT02,1,06:50:24,07:50:27,01:00:03,60.05
1597,513,11-05-2021,BT01,BT02,1,07:11:06,08:03:43,00:52:37,52.62
1598,1377,11-05-2021,BT02,BT01,2,07:28:40,08:19:16,00:50:36,50.6
1599,294,11-05-2021,BT02,BT01,2,07:41:15,08:35:55,00:54:40,54.67
1600,250,11-05-2021,BT02,BT01,2,07:59:15,08:50:55,00:51:40,51.67
1601,264,11-05-2021,BT02,BT01,2,08:08:22,08:59:56,00:51:34,51.57
1602,1377,11-05-2021,BT01,BT02,1,08:39:42,09:37:06,00:57:24,57.4
1603,1143,11-05-2021,BT02,BT01,2,08:41:07,09:38:47,00:57:40,57.67
1604,1408,11-05-2021,BT02,BT01,2,08:59:51,09:51:33,00:51:42,51.7
1605,294,11-05-2021,BT01,BT02,1,09:00:37,09:51:57,00:51:20,51.33
1606,250,11-05-2021,BT01,BT02,1,09:20:26,10:14:49,00:54:23,54.38
1607,264,11-05-2021,BT01,BT02,1,09:28:52,10:21:10,00:52:18,52.3
1608,505,11-05-2021,BT02,BT01,2,09:30:48,10:21:32,00:50:44,50.73
1609,274,11-05-2021,BT02,BT01,2,09:41:25,10:33:24,00:51:59,51.98
1610,1143,11-05-2021,BT01,BT02,1,10:01:02,10:54:55,00:53:53,53.88
1611,1408,11-05-2021,BT01,BT02,1,10:21:39,11:22:44,01:01:05,61.08
1612,505,11-05-2021,BT01,BT02,1,10:51:14,11:43:18,00:52:04,52.07
1613,274,11-05-2021,BT01,BT02,1,11:01:50,11:57:08,00:55:18,55.3
1614,1377,11-05-2021,BT02,BT01,2,11:20:33,12:31:22,01:10:49,70.82
1615,294,11-05-2021,BT02,BT01,2,11:40:22,12:41:38,01:01:16,61.27
1616,250,11-05-2021,BT02,BT01,2,11:50:34,12:55:55,01:05:21,65.35
1617,264,11-05-2021,BT02,BT01,2,12:00:35,13:01:01,01:00:26,60.43
1618,1143,11-05-2021,BT02,BT01,2,12:30:20,13:26:56,00:56:36,56.6
1619,1408,11-05-2021,BT02,BT01,2,12:48:10,13:46:38,00:58:28,58.47
1620,1377,11-05-2021,BT01,BT02,1,12:51:47,13:51:03,00:59:16,59.27
1621,294,11-05-2021,BT01,BT02,1,13:11:10,14:15:46,01:04:36,64.6
1622,250,11-05-2021,BT01,BT02,1,13:19:52,14:20:11,01:00:19,60.32
1623,505,11-05-2021,BT02,BT01,2,13:29:33,14:25:45,00:56:12,56.2
1624,264,11-05-2021,BT01,BT02,1,13:30:39,14:26:45,00:56:06,56.1
1625,274,11-05-2021,BT02,BT01,2,13:40:40,14:34:49,00:54:09,54.15
1626,1408,11-05-2021,BT01,BT02,1,14:30:56,15:24:29,00:53:33,53.55
1627,505,11-05-2021,BT01,BT02,1,15:02:29,15:56:32,00:54:03,54.05
1628,274,11-05-2021,BT01,BT02,1,15:10:30,16:00:50,00:50:20,50.33
1629,1377,11-05-2021,BT02,BT01,2,15:20:51,16:15:57,00:55:06,55.1
1630,294,11-05-2021,BT02,BT01,2,15:27:03,16:23:38,00:56:35,56.58
1631,250,11-05-2021,BT02,BT01,2,15:39:54,16:31:32,00:51:38,51.63
1632,264,11-05-2021,BT02,BT01,2,15:51:06,16:40:14,00:49:08,49.13
1633,1143,11-05-2021,BT02,BT01,2,16:20:07,17:18:48,00:58:41,58.68
1634,1408,11-05-2021,BT02,BT01,2,16:40:47,17:37:11,00:56:24,56.4
1635,1377,11-05-2021,BT01,BT02,1,16:50:53,17:49:47,00:58:54,58.9
1636,294,11-05-2021,BT01,BT02,1,17:01:53,17:54:41,00:52:48,52.8
1637,250,11-05-2021,BT01,BT02,1,17:11:02,18:00:02,00:49:00,49
1638,264,11-05-2021,BT01,BT02,1,17:19:47,18:09:23,00:49:36,49.6
1639,505,11-05-2021,BT02,BT01,2,17:20:24,18:14:37,00:54:13,54.22
1640,274,11-05-2021,BT02,BT01,2,17:28:17,18:21:01,00:52:44,52.73
1641,1143,11-05-2021,BT01,BT02,1,17:55:11,18:40:55,00:45:44,45.73
1642,1377,11-05-2021,BT02,BT01,2,18:14:18,19:04:39,00:50:21,50.35
1643,1408,11-05-2021,BT01,BT02,1,18:27:58,19:19:21,00:51:23,51.38
1644,505,11-05-2021,BT01,BT02,1,18:56:27,19:37:37,00:41:10,41.17
1645,123,11-05-2021,BT01,BT02,1,19:21:39,19:57:51,00:36:12,36.2
1646,274,11-05-2021,BT01,BT02,1,19:40:49,20:23:33,00:42:44,42.73
1647,1377,11-05-2021,BT01,BT02,1,20:34:29,21:13:25,00:38:56,38.93
1648,123,11-06-2021,BT02,BT01,2,04:12:12,04:41:34,00:29:22,29.37
1649,1408,11-06-2021,BT02,BT01,2,05:26:43,05:56:13,00:29:30,29.5
1650,505,11-06-2021,BT02,BT01,2,05:31:44,06:06:54,00:35:10,35.17
1651,1377,11-06-2021,BT02,BT01,2,06:28:45,07:22:10,00:53:25,53.42
1652,294,11-06-2021,BT02,BT01,2,06:39:17,07:27:39,00:48:22,48.37
1653,1408,11-06-2021,BT01,BT02,1,06:41:18,07:30:06,00:48:48,48.8
1654,250,11-06-2021,BT02,BT01,2,06:50:37,07:33:37,00:43:00,43
1655,505,11-06-2021,BT01,BT02,1,07:10:49,07:55:30,00:44:41,44.68
1656,1377,11-06-2021,BT01,BT02,1,07:51:26,08:42:53,00:51:27,51.45
1657,294,11-06-2021,BT01,BT02,1,08:00:19,08:53:19,00:53:00,53
1658,1358,11-06-2021,BT02,BT01,2,08:08:32,09:04:41,00:56:09,56.15
1659,250,11-06-2021,BT01,BT02,1,08:11:01,09:06:06,00:55:05,55.08
1660,1408,11-06-2021,BT02,BT01,2,09:20:57,10:14:50,00:53:53,53.88
1661,1358,11-06-2021,BT01,BT02,1,09:21:02,10:26:27,01:05:25,65.42
1662,505,11-06-2021,BT02,BT01,2,09:40:34,10:33:07,00:52:33,52.55
1663,1377,11-06-2021,BT02,BT01,2,09:50:52,10:43:48,00:52:56,52.93
1664,294,11-06-2021,BT02,BT01,2,09:59:09,10:49:58,00:50:49,50.82
1665,250,11-06-2021,BT02,BT01,2,10:08:47,11:01:52,00:53:05,53.08
1666,1408,11-06-2021,BT01,BT02,1,10:32:29,11:30:59,00:58:30,58.5
1667,505,11-06-2021,BT01,BT02,1,10:50:56,11:43:50,00:52:54,52.9
1668,1377,11-06-2021,BT01,BT02,1,11:01:18,11:57:20,00:56:02,56.03
1669,294,11-06-2021,BT01,BT02,1,11:11:01,12:07:21,00:56:20,56.33
1670,1358,11-06-2021,BT02,BT01,2,11:20:53,12:21:22,01:00:29,60.48
1671,250,11-06-2021,BT01,BT02,1,11:21:14,12:14:49,00:53:35,53.58
1672,1408,11-06-2021,BT02,BT01,2,12:20:37,13:15:43,00:55:06,55.1
1673,505,11-06-2021,BT02,BT01,2,12:40:45,13:33:59,00:53:14,53.23
1674,1358,11-06-2021,BT01,BT02,1,12:42:12,13:39:49,00:57:37,57.62
1675,1377,11-06-2021,BT02,BT01,2,12:51:14,13:49:22,00:58:08,58.13
1676,294,11-06-2021,BT02,BT01,2,13:00:49,13:51:34,00:50:45,50.75
1677,250,11-06-2021,BT02,BT01,2,13:10:58,14:04:28,00:53:30,53.5
1678,1408,11-06-2021,BT01,BT02,1,13:41:27,14:38:52,00:57:25,57.42
1679,505,11-06-2021,BT01,BT02,1,14:01:34,14:53:55,00:52:21,52.35
1680,1377,11-06-2021,BT01,BT02,1,14:11:07,15:08:46,00:57:39,57.65
1681,1358,11-06-2021,BT02,BT01,2,14:20:10,15:23:56,01:03:46,63.77
1682,294,11-06-2021,BT01,BT02,1,14:21:24,15:16:25,00:55:01,55.02
1683,250,11-06-2021,BT01,BT02,1,14:30:50,15:31:14,01:00:24,60.4
1684,1408,11-06-2021,BT02,BT01,2,14:48:50,15:46:15,00:57:25,57.42
1685,505,11-06-2021,BT02,BT01,2,15:40:48,16:33:11,00:52:23,52.38
1686,1358,11-06-2021,BT01,BT02,1,15:42:10,16:36:05,00:53:55,53.92
1687,1377,11-06-2021,BT02,BT01,2,15:53:33,16:46:12,00:52:39,52.65
1688,1408,11-06-2021,BT01,BT02,1,16:11:32,17:08:45,00:57:13,57.22
1689,294,11-06-2021,BT02,BT01,2,16:15:26,17:15:51,01:00:25,60.42
1690,250,11-06-2021,BT02,BT01,2,16:30:54,17:25:39,00:54:45,54.75
1691,505,11-06-2021,BT01,BT02,1,16:58:12,17:54:31,00:56:19,56.32
1692,1377,11-06-2021,BT01,BT02,1,17:15:44,18:10:40,00:54:56,54.93
1693,294,11-06-2021,BT01,BT02,1,17:30:51,18:23:41,00:52:50,52.83
1694,250,11-06-2021,BT01,BT02,1,17:57:03,18:49:38,00:52:35,52.58
1695,1408,11-06-2021,BT02,BT01,2,18:10:07,18:58:10,00:48:03,48.05
1696,1408,11-06-2021,BT01,BT02,1,20:00:24,20:40:36,00:40:12,40.2
1697,123,11-06-2021,BT01,BT02,1,20:48:49,21:23:54,00:35:05,35.08
1698,116,11-07-2021,BT02,BT01,2,06:01:15,06:46:48,00:45:33,45.55
1699,279,11-07-2021,BT02,BT01,2,06:22:00,07:08:42,00:46:42,46.7
1700,264,11-07-2021,BT02,BT01,2,06:40:27,07:31:03,00:50:36,50.6
1701,262,11-07-2021,BT01,BT02,1,06:49:23,07:45:22,00:55:59,55.98
1702,274,11-07-2021,BT01,BT02,1,07:08:13,07:57:58,00:49:45,49.75
1703,123,11-07-2021,BT02,BT01,2,07:12:07,08:02:10,00:50:03,50.05
1704,116,11-07-2021,BT01,BT02,1,07:19:03,08:13:07,00:54:04,54.07
1705,279,11-07-2021,BT01,BT02,1,07:29:10,08:24:25,00:55:15,55.25
1706,264,11-07-2021,BT01,BT02,1,07:50:47,08:35:30,00:44:43,44.72
1707,1358,11-07-2021,BT02,BT01,2,08:00:48,08:46:32,00:45:44,45.73
1708,1143,11-07-2021,BT02,BT01,2,08:11:27,09:05:26,00:53:59,53.98
1709,123,11-07-2021,BT01,BT02,1,08:18:48,09:13:30,00:54:42,54.7
1710,513,11-07-2021,BT02,BT01,2,08:41:39,09:34:24,00:52:45,52.75
1711,1358,11-07-2021,BT01,BT02,1,09:11:26,10:01:42,00:50:16,50.27
1712,1143,11-07-2021,BT01,BT02,1,09:20:41,10:15:26,00:54:45,54.75
1713,274,11-07-2021,BT02,BT01,2,09:48:31,10:42:12,00:53:41,53.68
1714,116,11-07-2021,BT02,BT01,2,10:01:06,10:56:05,00:54:59,54.98
1715,264,11-07-2021,BT02,BT01,2,10:17:50,11:12:07,00:54:17,54.28
1716,123,11-07-2021,BT02,BT01,2,10:51:07,11:47:31,00:56:24,56.4
1717,274,11-07-2021,BT01,BT02,1,11:00:18,12:00:15,00:59:57,59.95
1718,116,11-07-2021,BT01,BT02,1,11:11:20,12:06:38,00:55:18,55.3
1719,1358,11-07-2021,BT02,BT01,2,11:21:10,12:18:09,00:56:59,56.98
1720,264,11-07-2021,BT01,BT02,1,11:30:41,12:23:58,00:53:17,53.28
1721,1143,11-07-2021,BT02,BT01,2,11:30:43,12:23:58,00:53:15,53.25
1722,123,11-07-2021,BT01,BT02,1,12:03:06,12:59:40,00:56:34,56.57
1723,1358,11-07-2021,BT01,BT02,1,12:42:01,13:37:47,00:55:46,55.77
1724,1143,11-07-2021,BT01,BT02,1,12:51:23,13:39:53,00:48:30,48.5
1725,274,11-07-2021,BT02,BT01,2,12:59:31,13:56:30,00:56:59,56.98
1726,264,11-07-2021,BT02,BT01,2,13:20:24,14:20:58,01:00:34,60.57
1727,123,11-07-2021,BT02,BT01,2,13:41:49,14:36:24,00:54:35,54.58
1728,1358,11-07-2021,BT02,BT01,2,14:10:00,15:04:39,00:54:39,54.65
1729,274,11-07-2021,BT01,BT02,1,14:18:08,15:20:15,01:02:07,62.12
1730,1143,11-07-2021,BT02,BT01,2,14:20:25,15:19:05,00:58:40,58.67
1731,264,11-07-2021,BT01,BT02,1,14:40:38,15:27:43,00:47:05,47.08
1732,123,11-07-2021,BT01,BT02,1,15:04:59,15:59:46,00:54:47,54.78
1733,1358,11-07-2021,BT01,BT02,1,15:20:23,16:14:09,00:53:46,53.77
1734,1143,11-07-2021,BT01,BT02,1,15:42:06,16:42:37,01:00:31,60.52
1735,274,11-07-2021,BT02,BT01,2,16:14:39,17:10:38,00:55:59,55.98
1736,264,11-07-2021,BT02,BT01,2,16:45:51,17:47:43,01:01:52,61.87
1737,123,11-07-2021,BT02,BT01,2,17:17:06,18:16:07,00:59:01,59.02
1738,274,11-07-2021,BT01,BT02,1,18:38:57,19:23:15,00:44:18,44.3
1739,264,11-07-2021,BT01,BT02,1,19:31:10,20:10:04,00:38:54,38.9
1740,123,11-07-2021,BT01,BT02,1,20:41:16,21:14:17,00:33:01,33.02
1741,1408,11-08-2021,BT02,BT01,2,05:20:50,05:55:47,00:34:57,34.95
1742,505,11-08-2021,BT02,BT01,2,05:29:56,06:08:03,00:38:07,38.12
1743,274,11-08-2021,BT02,BT01,2,05:41:32,06:14:34,00:33:02,33.03
1744,279,11-08-2021,BT02,BT01,2,06:00:18,06:50:51,00:50:33,50.55
1745,117,11-08-2021,BT01,BT02,1,06:09:33,07:05:57,00:56:24,56.4
1746,505,11-08-2021,BT01,BT02,1,06:09:46,07:22:56,01:13:10,73.17
1747,116,11-08-2021,BT02,BT01,2,06:12:44,07:09:01,00:56:17,56.28
1748,1408,11-08-2021,BT01,BT02,1,06:31:11,07:28:48,00:57:37,57.62
1749,294,11-08-2021,BT02,BT01,2,06:39:32,07:50:49,01:11:17,71.28
1750,262,11-08-2021,BT01,BT02,1,06:41:06,07:37:57,00:56:51,56.85
1751,250,11-08-2021,BT02,BT01,2,06:49:54,07:55:26,01:05:32,65.53
1752,274,11-08-2021,BT01,BT02,1,06:59:35,08:05:53,01:06:18,66.3
1753,279,11-08-2021,BT01,BT02,1,07:12:05,08:20:00,01:07:55,67.92
1754,123,11-08-2021,BT02,BT01,2,07:27:06,08:24:38,00:57:32,57.53
1755,116,11-08-2021,BT01,BT02,1,07:30:51,08:27:49,00:56:58,56.97
1756,1358,11-08-2021,BT02,BT01,2,07:40:23,08:35:07,00:54:44,54.73
1757,1143,11-08-2021,BT02,BT01,2,07:50:11,08:48:18,00:58:07,58.12
1758,294,11-08-2021,BT01,BT02,1,07:59:15,08:55:20,00:56:05,56.08
1759,250,11-08-2021,BT01,BT02,1,08:11:00,09:04:28,00:53:28,53.47
1760,117,11-08-2021,BT02,BT01,2,08:30:51,09:23:28,00:52:37,52.62
1761,1408,11-08-2021,BT02,BT01,2,08:40:38,09:35:22,00:54:44,54.73
1762,262,11-08-2021,BT02,BT01,2,08:50:40,09:42:29,00:51:49,51.82
1763,123,11-08-2021,BT01,BT02,1,08:51:53,09:44:59,00:53:06,53.1
1764,1358,11-08-2021,BT01,BT02,1,09:01:17,09:59:31,00:58:14,58.23
1765,505,11-08-2021,BT02,BT01,2,09:09:55,09:55:17,00:45:22,45.37
1766,274,11-08-2021,BT02,BT01,2,09:20:33,10:14:05,00:53:32,53.53
1767,279,11-08-2021,BT02,BT01,2,09:28:24,10:28:28,01:00:04,60.07
1768,116,11-08-2021,BT02,BT01,2,09:40:58,10:37:10,00:56:12,56.2
1769,117,11-08-2021,BT01,BT02,1,09:51:31,10:43:55,00:52:24,52.4
1770,294,11-08-2021,BT02,BT01,2,09:58:45,10:57:59,00:59:14,59.23
1771,1408,11-08-2021,BT01,BT02,1,10:00:46,10:56:59,00:56:13,56.22
1772,262,11-08-2021,BT01,BT02,1,10:10:04,11:11:46,01:01:42,61.7
1773,250,11-08-2021,BT02,BT01,2,10:11:12,11:06:12,00:55:00,55
1774,505,11-08-2021,BT01,BT02,1,10:30:41,11:29:33,00:58:52,58.87
1775,274,11-08-2021,BT01,BT02,1,10:40:05,11:40:31,01:00:26,60.43
1776,123,11-08-2021,BT02,BT01,2,10:51:09,11:46:18,00:55:09,55.15
1777,279,11-08-2021,BT01,BT02,1,10:52:14,11:48:24,00:56:10,56.17
1778,116,11-08-2021,BT01,BT02,1,11:00:09,11:58:51,00:58:42,58.7
1779,1358,11-08-2021,BT02,BT01,2,11:00:49,11:59:43,00:58:54,58.9
1780,294,11-08-2021,BT01,BT02,1,11:19:56,12:22:25,01:02:29,62.48
1781,250,11-08-2021,BT01,BT02,1,11:30:05,12:26:51,00:56:46,56.77
1782,1143,11-08-2021,BT02,BT01,2,11:31:26,12:33:02,01:01:36,61.6
1783,123,11-08-2021,BT01,BT02,1,12:10:33,13:25:06,01:14:33,74.55
1784,1358,11-08-2021,BT01,BT02,1,12:22:22,13:30:37,01:08:15,68.25
1785,117,11-08-2021,BT02,BT01,2,12:30:23,13:26:48,00:56:25,56.42
1786,1408,11-08-2021,BT02,BT01,2,12:41:09,13:45:15,01:04:06,64.1
1787,1143,11-08-2021,BT01,BT02,1,12:51:15,13:51:49,01:00:34,60.57
1788,262,11-08-2021,BT02,BT01,2,13:00:08,13:55:40,00:55:32,55.53
1789,505,11-08-2021,BT02,BT01,2,13:20:29,14:14:48,00:54:19,54.32
1790,274,11-08-2021,BT02,BT01,2,13:29:19,14:25:50,00:56:31,56.52
1791,279,11-08-2021,BT02,BT01,2,13:40:20,14:35:03,00:54:43,54.72
1792,117,11-08-2021,BT01,BT02,1,13:50:41,14:43:36,00:52:55,52.92
1793,116,11-08-2021,BT02,BT01,2,13:51:23,14:40:28,00:49:05,49.08
1794,1408,11-08-2021,BT01,BT02,1,14:00:15,14:54:29,00:54:14,54.23
1795,294,11-08-2021,BT02,BT01,2,14:06:39,15:04:09,00:57:30,57.5
1796,262,11-08-2021,BT01,BT02,1,14:09:05,15:01:43,00:52:38,52.63
1797,250,11-08-2021,BT02,BT01,2,14:21:47,15:14:53,00:53:06,53.1
1798,505,11-08-2021,BT01,BT02,1,14:41:14,15:25:01,00:43:47,43.78
1799,1358,11-08-2021,BT02,BT01,2,14:50:02,15:50:11,01:00:09,60.15
1800,274,11-08-2021,BT01,BT02,1,14:50:08,15:42:52,00:52:44,52.73
1801,1143,11-08-2021,BT02,BT01,2,14:59:27,15:52:52,00:53:25,53.42
1802,279,11-08-2021,BT01,BT02,1,15:00:56,15:54:54,00:53:58,53.97
1803,116,11-08-2021,BT01,BT02,1,15:11:38,16:03:27,00:51:49,51.82
1804,294,11-08-2021,BT01,BT02,1,15:31:40,16:24:45,00:53:05,53.08
1805,250,11-08-2021,BT01,BT02,1,15:40:58,16:33:08,00:52:10,52.17
1806,117,11-08-2021,BT02,BT01,2,16:00:37,16:52:39,00:52:02,52.03
1807,1358,11-08-2021,BT01,BT02,1,16:11:31,17:08:50,00:57:19,57.32
1808,1143,11-08-2021,BT01,BT02,1,16:21:40,17:23:15,01:01:35,61.58
1809,1408,11-08-2021,BT02,BT01,2,16:30:26,17:26:30,00:56:04,56.07
1810,262,11-08-2021,BT02,BT01,2,16:51:05,17:51:53,01:00:48,60.8
1811,505,11-08-2021,BT02,BT01,2,17:21:08,18:16:44,00:55:36,55.6
1812,274,11-08-2021,BT02,BT01,2,17:30:15,18:24:37,00:54:22,54.37
1813,279,11-08-2021,BT02,BT01,2,17:41:15,18:46:00,01:04:45,64.75
1814,1408,11-08-2021,BT01,BT02,1,17:47:59,18:40:27,00:52:28,52.47
1815,294,11-08-2021,BT02,BT01,2,17:57:57,18:58:22,01:00:25,60.42
1816,262,11-08-2021,BT01,BT02,1,18:06:28,18:57:33,00:51:05,51.08
1817,505,11-08-2021,BT01,BT02,1,18:44:50,19:26:44,00:41:54,41.9
1818,274,11-08-2021,BT01,BT02,1,19:05:43,19:52:28,00:46:45,46.75
1819,279,11-08-2021,BT01,BT02,1,19:31:46,20:17:09,00:45:23,45.38
1820,294,11-08-2021,BT01,BT02,1,20:15:38,20:54:36,00:38:58,38.97
1821,123,11-08-2021,BT01,BT02,1,20:58:24,21:32:06,00:33:42,33.7
1822,505,11-09-2021,BT02,BT01,2,05:30:05,06:05:09,00:35:04,35.07
1823,274,11-09-2021,BT02,BT01,2,05:49:27,06:33:50,00:44:23,44.38
1824,116,11-09-2021,BT02,BT01,2,05:59:59,06:51:57,00:51:58,51.97
1825,1377,11-09-2021,BT02,BT01,2,06:13:44,07:11:48,00:58:04,58.07
1826,250,11-09-2021,BT02,BT01,2,06:39:27,07:42:58,01:03:31,63.52
1827,264,11-09-2021,BT02,BT01,2,06:50:44,07:49:17,00:58:33,58.55
1828,505,11-09-2021,BT01,BT02,1,06:51:49,07:53:30,01:01:41,61.68
1829,274,11-09-2021,BT01,BT02,1,06:57:23,08:01:53,01:04:30,64.5
1830,123,11-09-2021,BT02,BT01,2,07:09:19,08:03:16,00:53:57,53.95
1831,262,11-09-2021,BT01,BT02,1,07:10:35,08:16:39,01:06:04,66.07
1832,116,11-09-2021,BT01,BT02,1,07:21:19,08:24:21,01:03:02,63.03
1833,128,11-09-2021,BT02,BT01,2,07:26:37,08:18:24,00:51:47,51.78
1834,1377,11-09-2021,BT01,BT02,1,07:41:33,08:38:13,00:56:40,56.67
1835,1358,11-09-2021,BT02,BT01,2,07:50:30,08:46:26,00:55:56,55.93
1836,250,11-09-2021,BT01,BT02,1,07:58:33,08:51:54,00:53:21,53.35
1837,1143,11-09-2021,BT02,BT01,2,08:00:43,08:49:52,00:49:09,49.15
1838,264,11-09-2021,BT01,BT02,1,08:09:47,08:55:11,00:45:24,45.4
1839,513,11-09-2021,BT02,BT01,2,08:30:37,09:17:04,00:46:27,46.45
1840,123,11-09-2021,BT01,BT02,1,08:41:59,09:36:10,00:54:11,54.18
1841,262,11-09-2021,BT02,BT01,2,08:58:46,09:52:49,00:54:03,54.05
1842,128,11-09-2021,BT01,BT02,1,09:01:26,09:55:48,00:54:22,54.37
1843,505,11-09-2021,BT02,BT01,2,09:10:45,10:07:30,00:56:45,56.75
1844,274,11-09-2021,BT02,BT01,2,09:19:28,10:14:47,00:55:19,55.32
1845,1358,11-09-2021,BT01,BT02,1,09:22:08,10:13:29,00:51:21,51.35
1846,1143,11-09-2021,BT01,BT02,1,09:30:26,10:23:03,00:52:37,52.62
1847,116,11-09-2021,BT02,BT01,2,09:30:40,10:23:18,00:52:38,52.63
1848,1377,11-09-2021,BT02,BT01,2,09:40:36,10:36:36,00:56:00,56
1849,250,11-09-2021,BT02,BT01,2,09:50:37,10:46:47,00:56:10,56.17
1850,264,11-09-2021,BT02,BT01,2,10:00:31,10:53:18,00:52:47,52.78
1851,513,11-09-2021,BT01,BT02,1,10:01:46,11:01:26,00:59:40,59.67
1852,262,11-09-2021,BT01,BT02,1,10:30:49,11:26:15,00:55:26,55.43
1853,505,11-09-2021,BT01,BT02,1,10:39:51,11:35:13,00:55:22,55.37
1854,123,11-09-2021,BT02,BT01,2,10:40:21,11:34:10,00:53:49,53.82
1855,274,11-09-2021,BT01,BT02,1,10:51:06,11:52:43,01:01:37,61.62
1856,128,11-09-2021,BT02,BT01,2,11:00:29,11:57:23,00:56:54,56.9
1857,116,11-09-2021,BT01,BT02,1,11:02:56,12:04:17,01:01:21,61.35
1858,1377,11-09-2021,BT01,BT02,1,11:12:13,12:09:20,00:57:07,57.12
1859,250,11-09-2021,BT01,BT02,1,11:21:34,12:22:45,01:01:11,61.18
1860,264,11-09-2021,BT01,BT02,1,11:30:50,12:27:58,00:57:08,57.13
1861,1358,11-09-2021,BT02,BT01,2,11:50:59,12:49:23,00:58:24,58.4
1862,1143,11-09-2021,BT02,BT01,2,12:10:46,13:03:44,00:52:58,52.97
1863,123,11-09-2021,BT01,BT02,1,12:12:04,13:15:42,01:03:38,63.63
1864,128,11-09-2021,BT01,BT02,1,12:38:40,13:44:34,01:05:54,65.9
1865,513,11-09-2021,BT02,BT01,2,12:40:35,13:37:08,00:56:33,56.55
1866,1358,11-09-2021,BT01,BT02,1,13:02:04,13:58:58,00:56:54,56.9
1867,262,11-09-2021,BT02,BT01,2,13:27:37,14:21:03,00:53:26,53.43
1868,1143,11-09-2021,BT01,BT02,1,13:30:38,14:27:47,00:57:09,57.15
1869,505,11-09-2021,BT02,BT01,2,13:39:27,14:30:51,00:51:24,51.4
1870,274,11-09-2021,BT02,BT01,2,13:46:28,14:41:23,00:54:55,54.92
1871,116,11-09-2021,BT02,BT01,2,14:00:50,15:00:43,00:59:53,59.88
1872,513,11-09-2021,BT01,BT02,1,14:01:08,14:58:02,00:56:54,56.9
1873,1377,11-09-2021,BT02,BT01,2,14:10:52,15:08:14,00:57:22,57.37
1874,250,11-09-2021,BT02,BT01,2,14:21:03,15:15:52,00:54:49,54.82
1875,264,11-09-2021,BT02,BT01,2,14:31:51,15:26:53,00:55:02,55.03
1876,128,11-09-2021,BT02,BT01,2,14:51:26,15:40:08,00:48:42,48.7
1877,262,11-09-2021,BT01,BT02,1,14:51:51,15:44:29,00:52:38,52.63
1878,505,11-09-2021,BT01,BT02,1,15:01:19,15:51:12,00:49:53,49.88
1879,123,11-09-2021,BT02,BT01,2,15:11:07,15:59:20,00:48:13,48.22
1880,274,11-09-2021,BT01,BT02,1,15:11:20,16:06:18,00:54:58,54.97
1881,1358,11-09-2021,BT02,BT01,2,15:18:51,16:20:28,01:01:37,61.62
1882,116,11-09-2021,BT01,BT02,1,15:31:17,16:26:57,00:55:40,55.67
1883,1143,11-09-2021,BT02,BT01,2,15:39:59,16:31:20,00:51:21,51.35
1884,1377,11-09-2021,BT01,BT02,1,15:40:56,16:38:17,00:57:21,57.35
1885,250,11-09-2021,BT01,BT02,1,15:51:26,16:50:05,00:58:39,58.65
1886,513,11-09-2021,BT02,BT01,2,16:00:26,16:56:24,00:55:58,55.97
1887,123,11-09-2021,BT01,BT02,1,16:11:41,17:12:56,01:01:15,61.25
1888,264,11-09-2021,BT01,BT02,1,16:21:38,17:23:07,01:01:29,61.48
1889,262,11-09-2021,BT02,BT01,2,16:40:35,17:50:40,01:10:05,70.08
1890,128,11-09-2021,BT01,BT02,1,16:42:12,17:38:03,00:55:51,55.85
1891,505,11-09-2021,BT02,BT01,2,16:50:49,18:07:04,01:16:15,76.25
1892,1358,11-09-2021,BT01,BT02,1,17:01:40,18:12:35,01:10:55,70.92
1893,274,11-09-2021,BT02,BT01,2,17:10:41,18:18:48,01:08:07,68.12
1894,116,11-09-2021,BT02,BT01,2,17:20:35,18:34:35,01:14:00,74
1895,1377,11-09-2021,BT02,BT01,2,17:27:36,18:39:57,01:12:21,72.35
1896,250,11-09-2021,BT02,BT01,2,17:43:12,18:49:47,01:06:35,66.58
1897,264,11-09-2021,BT02,BT01,2,17:58:58,18:55:07,00:56:09,56.15
1898,513,11-09-2021,BT01,BT02,1,18:00:44,19:01:46,01:01:02,61.03
1899,262,11-09-2021,BT01,BT02,1,19:08:58,19:49:30,00:40:32,40.53
1900,505,11-09-2021,BT01,BT02,1,19:43:25,20:22:01,00:38:36,38.6
1901,274,11-09-2021,BT01,BT02,1,20:19:26,20:57:07,00:37:41,37.68
1902,116,11-09-2021,BT01,BT02,1,20:48:09,21:23:51,00:35:42,35.7
1903,264,11-09-2021,BT01,BT02,1,20:53:37,21:40:27,00:46:50,46.83
1904,1408,11-10-2021,BT02,BT01,2,05:21:20,05:53:28,00:32:08,32.13
1905,505,11-10-2021,BT02,BT01,2,05:31:59,06:08:00,00:36:01,36.02
1906,274,11-10-2021,BT02,BT01,2,05:47:31,06:22:23,00:34:52,34.87
1907,1377,11-10-2021,BT02,BT01,2,06:10:59,06:58:13,00:47:14,47.23
1908,117,11-10-2021,BT01,BT02,1,06:19:49,07:20:03,01:00:14,60.23
1909,294,11-10-2021,BT02,BT01,2,06:21:03,07:25:35,01:04:32,64.53
1910,250,11-10-2021,BT02,BT01,2,06:29:42,07:33:36,01:03:54,63.9
1911,1408,11-10-2021,BT01,BT02,1,06:31:40,07:30:08,00:58:28,58.47
1912,264,11-10-2021,BT02,BT01,2,06:42:07,07:39:23,00:57:16,57.27
1913,505,11-10-2021,BT01,BT02,1,06:50:53,07:50:20,00:59:27,59.45
1914,274,11-10-2021,BT01,BT02,1,06:58:39,08:07:39,01:09:00,69
1915,128,11-10-2021,BT02,BT01,2,07:08:05,08:02:06,00:54:01,54.02
1916,1377,11-10-2021,BT01,BT02,1,07:18:56,08:20:10,01:01:14,61.23
1917,123,11-10-2021,BT02,BT01,2,07:24:12,08:14:51,00:50:39,50.65
1918,294,11-10-2021,BT01,BT02,1,07:41:27,08:32:42,00:51:15,51.25
1919,250,11-10-2021,BT01,BT02,1,07:50:41,08:44:48,00:54:07,54.12
1920,513,11-10-2021,BT02,BT01,2,07:51:00,08:45:40,00:54:40,54.67
1921,264,11-10-2021,BT01,BT02,1,08:10:58,09:00:50,00:49:52,49.87
1922,279,11-10-2021,BT02,BT01,2,08:11:28,09:07:24,00:55:56,55.93
1923,1143,11-10-2021,BT02,BT01,2,08:20:44,09:16:35,00:55:51,55.85
1924,117,11-10-2021,BT02,BT01,2,08:40:51,09:37:12,00:56:21,56.35
1925,128,11-10-2021,BT01,BT02,1,08:41:01,09:35:20,00:54:19,54.32
1926,1408,11-10-2021,BT02,BT01,2,08:50:46,09:45:48,00:55:02,55.03
1927,505,11-10-2021,BT02,BT01,2,09:00:40,09:54:48,00:54:08,54.13
1928,123,11-10-2021,BT01,BT02,1,09:01:10,09:50:32,00:49:22,49.37
1929,274,11-10-2021,BT02,BT01,2,09:10:16,10:09:11,00:58:55,58.92
1930,513,11-10-2021,BT01,BT02,1,09:21:13,10:17:47,00:56:34,56.57
1931,1377,11-10-2021,BT02,BT01,2,09:30:36,10:27:57,00:57:21,57.35
1932,279,11-10-2021,BT01,BT02,1,09:40:31,10:32:55,00:52:24,52.4
1933,294,11-10-2021,BT02,BT01,2,09:40:54,10:35:16,00:54:22,54.37
1934,250,11-10-2021,BT02,BT01,2,09:50:20,10:48:45,00:58:25,58.42
1935,1143,11-10-2021,BT01,BT02,1,09:51:04,10:44:26,00:53:22,53.37
1936,264,11-10-2021,BT02,BT01,2,10:00:28,10:58:36,00:58:08,58.13
1937,117,11-10-2021,BT01,BT02,1,10:11:08,11:05:59,00:54:51,54.85
1938,128,11-10-2021,BT02,BT01,2,10:19:42,11:14:35,00:54:53,54.88
1939,1408,11-10-2021,BT01,BT02,1,10:21:54,11:13:26,00:51:32,51.53
1940,505,11-10-2021,BT01,BT02,1,10:31:12,11:22:36,00:51:24,51.4
1941,274,11-10-2021,BT01,BT02,1,10:40:06,11:40:58,01:00:52,60.87
1942,123,11-10-2021,BT02,BT01,2,11:00:52,11:57:06,00:56:14,56.23
1943,1377,11-10-2021,BT01,BT02,1,11:11:02,12:14:19,01:03:17,63.28
1944,294,11-10-2021,BT01,BT02,1,11:20:55,12:26:39,01:05:44,65.73
1945,250,11-10-2021,BT01,BT02,1,11:30:48,12:40:52,01:10:04,70.07
1946,264,11-10-2021,BT01,BT02,1,11:40:53,12:46:47,01:05:54,65.9
1947,279,11-10-2021,BT02,BT01,2,11:59:24,13:03:52,01:04:28,64.47
1948,128,11-10-2021,BT01,BT02,1,12:02:22,13:17:45,01:15:23,75.38
1949,1143,11-10-2021,BT02,BT01,2,12:21:08,13:24:13,01:03:05,63.08
1950,123,11-10-2021,BT01,BT02,1,12:22:09,13:39:27,01:17:18,77.3
1951,117,11-10-2021,BT02,BT01,2,12:49:34,13:56:36,01:07:02,67.03
1952,1408,11-10-2021,BT02,BT01,2,13:00:47,13:56:50,00:56:03,56.05
1953,505,11-10-2021,BT02,BT01,2,13:10:47,14:09:07,00:58:20,58.33
1954,279,11-10-2021,BT01,BT02,1,13:30:32,14:37:28,01:06:56,66.93
1955,274,11-10-2021,BT02,BT01,2,13:31:01,14:22:41,00:51:40,51.67
1956,1377,11-10-2021,BT02,BT01,2,13:50:28,14:50:04,00:59:36,59.6
1957,1143,11-10-2021,BT01,BT02,1,13:51:06,14:46:07,00:55:01,55.02
1958,294,11-10-2021,BT02,BT01,2,13:59:09,14:57:54,00:58:45,58.75
1959,250,11-10-2021,BT02,BT01,2,14:08:58,15:11:05,01:02:07,62.12
1960,264,11-10-2021,BT02,BT01,2,14:19:32,15:16:08,00:56:36,56.6
1961,117,11-10-2021,BT01,BT02,1,14:21:27,15:23:29,01:02:02,62.03
1962,1408,11-10-2021,BT01,BT02,1,14:28:29,15:28:31,01:00:02,60.03
1963,128,11-10-2021,BT02,BT01,2,14:40:37,15:31:30,00:50:53,50.88
1964,505,11-10-2021,BT01,BT02,1,14:41:24,15:31:30,00:50:06,50.1
1965,274,11-10-2021,BT01,BT02,1,15:02:44,15:54:39,00:51:55,51.92
1966,123,11-10-2021,BT02,BT01,2,15:12:18,16:06:50,00:54:32,54.53
1967,1377,11-10-2021,BT01,BT02,1,15:21:59,16:15:27,00:53:28,53.47
1968,294,11-10-2021,BT01,BT02,1,15:31:23,16:26:39,00:55:16,55.27
1969,279,11-10-2021,BT02,BT01,2,15:40:30,16:40:52,01:00:22,60.37
1970,250,11-10-2021,BT01,BT02,1,15:41:06,16:35:10,00:54:04,54.07
1971,1143,11-10-2021,BT02,BT01,2,15:48:55,16:44:41,00:55:46,55.77
1972,264,11-10-2021,BT01,BT02,1,15:50:59,16:47:47,00:56:48,56.8
1973,128,11-10-2021,BT01,BT02,1,16:09:40,17:02:39,00:52:59,52.98
1974,117,11-10-2021,BT02,BT01,2,16:20:50,17:16:19,00:55:29,55.48
1975,123,11-10-2021,BT01,BT02,1,16:21:52,17:10:31,00:48:39,48.65
1976,1408,11-10-2021,BT02,BT01,2,16:30:27,17:25:06,00:54:39,54.65
1977,505,11-10-2021,BT02,BT01,2,16:41:34,17:38:54,00:57:20,57.33
1978,274,11-10-2021,BT02,BT01,2,16:50:39,17:42:06,00:51:27,51.45
1979,279,11-10-2021,BT01,BT02,1,17:01:04,17:55:35,00:54:31,54.52
1980,1377,11-10-2021,BT02,BT01,2,17:21:10,18:21:57,01:00:47,60.78
1981,1143,11-10-2021,BT01,BT02,1,17:21:47,18:10:53,00:49:06,49.1
1982,294,11-10-2021,BT02,BT01,2,17:30:43,18:28:39,00:57:56,57.93
1983,250,11-10-2021,BT02,BT01,2,17:45:22,18:42:45,00:57:23,57.38
1984,128,11-10-2021,BT02,BT01,2,18:09:14,19:07:26,00:58:12,58.2
1985,1408,11-10-2021,BT01,BT02,1,18:29:40,19:25:20,00:55:40,55.67
1986,505,11-10-2021,BT01,BT02,1,18:51:11,19:38:19,00:47:08,47.13
1987,274,11-10-2021,BT01,BT02,1,19:04:25,19:53:33,00:49:08,49.13
1988,123,11-10-2021,BT01,BT02,1,19:26:52,20:06:45,00:39:53,39.88
1989,1377,11-10-2021,BT01,BT02,1,20:19:41,20:56:30,00:36:49,36.82
1990,128,11-10-2021,BT01,BT02,1,20:52:20,21:29:46,00:37:26,37.43
1991,1408,11-11-2021,BT02,BT01,2,05:19:48,05:53:25,00:33:37,33.62
1992,505,11-11-2021,BT02,BT01,2,05:35:39,06:10:23,00:34:44,34.73
1993,1377,11-11-2021,BT02,BT01,2,06:00:30,06:52:06,00:51:36,51.6
1994,294,11-11-2021,BT02,BT01,2,06:10:32,06:58:28,00:47:56,47.93
1995,250,11-11-2021,BT02,BT01,2,06:19:27,07:17:49,00:58:22,58.37
1996,117,11-11-2021,BT01,BT02,1,06:21:15,07:20:08,00:58:53,58.88
1997,264,11-11-2021,BT02,BT01,2,06:40:01,07:43:50,01:03:49,63.82
1998,1408,11-11-2021,BT01,BT02,1,06:41:00,07:43:42,01:02:42,62.7
1999,262,11-11-2021,BT01,BT02,1,06:50:50,07:56:58,01:06:08,66.13
2000,505,11-11-2021,BT01,BT02,1,07:01:13,08:08:21,01:07:08,67.13
2001,128,11-11-2021,BT02,BT01,2,07:06:32,08:06:41,01:00:09,60.15
2002,1377,11-11-2021,BT01,BT02,1,07:10:54,08:17:26,01:06:32,66.53
2003,116,11-11-2021,BT02,BT01,2,07:18:52,08:13:55,00:55:03,55.05
2004,294,11-11-2021,BT01,BT02,1,07:20:33,08:25:37,01:05:04,65.07
2005,250,11-11-2021,BT01,BT02,1,07:32:06,08:26:18,00:54:12,54.2
2006,1358,11-11-2021,BT02,BT01,2,07:40:06,08:34:35,00:54:29,54.48
2007,264,11-11-2021,BT01,BT02,1,07:59:38,08:55:14,00:55:36,55.6
2008,513,11-11-2021,BT02,BT01,2,08:10:19,09:06:43,00:56:24,56.4
2009,128,11-11-2021,BT01,BT02,1,08:30:12,09:16:06,00:45:54,45.9
2010,116,11-11-2021,BT01,BT02,1,08:42:08,09:37:38,00:55:30,55.5
2011,117,11-11-2021,BT02,BT01,2,08:50:38,09:46:29,00:55:51,55.85
2012,1358,11-11-2021,BT01,BT02,1,09:02:22,09:52:26,00:50:04,50.07
2013,1408,11-11-2021,BT02,BT01,2,09:11:05,10:05:30,00:54:25,54.42
2014,262,11-11-2021,BT02,BT01,2,09:20:40,10:11:24,00:50:44,50.73
2015,505,11-11-2021,BT02,BT01,2,09:29:23,10:17:50,00:48:27,48.45
2016,513,11-11-2021,BT01,BT02,1,09:31:02,10:19:21,00:48:19,48.32
2017,1377,11-11-2021,BT02,BT01,2,09:40:48,10:34:28,00:53:40,53.67
2018,294,11-11-2021,BT02,BT01,2,09:49:29,10:41:23,00:51:54,51.9
2019,250,11-11-2021,BT02,BT01,2,10:01:01,10:59:11,00:58:10,58.17
2020,264,11-11-2021,BT02,BT01,2,10:10:32,11:05:23,00:54:51,54.85
2021,117,11-11-2021,BT01,BT02,1,10:11:06,11:07:07,00:56:01,56.02
2022,1408,11-11-2021,BT01,BT02,1,10:30:56,11:25:43,00:54:47,54.78
2023,128,11-11-2021,BT02,BT01,2,10:40:14,11:37:06,00:56:52,56.87
2024,262,11-11-2021,BT01,BT02,1,10:41:36,11:35:29,00:53:53,53.88
2025,505,11-11-2021,BT01,BT02,1,10:50:51,11:44:15,00:53:24,53.4
2026,116,11-11-2021,BT02,BT01,2,10:50:52,11:47:08,00:56:16,56.27
2027,1377,11-11-2021,BT01,BT02,1,11:01:14,11:58:18,00:57:04,57.07
2028,294,11-11-2021,BT01,BT02,1,11:11:07,12:09:59,00:58:52,58.87
2029,1358,11-11-2021,BT02,BT01,2,11:11:19,12:09:45,00:58:26,58.43
2030,250,11-11-2021,BT01,BT02,1,11:20:58,12:23:26,01:02:28,62.47
2031,264,11-11-2021,BT01,BT02,1,11:30:47,12:31:40,01:00:53,60.88
2032,513,11-11-2021,BT02,BT01,2,11:40:41,12:40:45,01:00:04,60.07
2033,128,11-11-2021,BT01,BT02,1,12:12:12,13:15:43,01:03:31,63.52
2034,116,11-11-2021,BT01,BT02,1,12:20:37,13:22:12,01:01:35,61.58
2035,117,11-11-2021,BT02,BT01,2,12:20:59,13:21:33,01:00:34,60.57
2036,1408,11-11-2021,BT02,BT01,2,12:40:32,13:36:25,00:55:53,55.88
2037,1358,11-11-2021,BT01,BT02,1,12:41:46,13:48:16,01:06:30,66.5
2038,505,11-11-2021,BT02,BT01,2,12:50:49,13:53:28,01:02:39,62.65
2039,1377,11-11-2021,BT02,BT01,2,13:00:51,14:00:54,01:00:03,60.05
2040,294,11-11-2021,BT02,BT01,2,13:10:43,14:09:53,00:59:10,59.17
2041,513,11-11-2021,BT01,BT02,1,13:12:32,14:06:45,00:54:13,54.22
2042,250,11-11-2021,BT02,BT01,2,13:20:43,14:19:32,00:58:49,58.82
2043,264,11-11-2021,BT02,BT01,2,13:30:25,14:25:16,00:54:51,54.85
2044,117,11-11-2021,BT01,BT02,1,13:51:18,14:51:19,01:00:01,60.02
2045,128,11-11-2021,BT02,BT01,2,14:00:50,14:54:16,00:53:26,53.43
2046,116,11-11-2021,BT02,BT01,2,14:10:44,15:04:20,00:53:36,53.6
2047,1408,11-11-2021,BT01,BT02,1,14:11:54,15:06:13,00:54:19,54.32
2048,505,11-11-2021,BT01,BT02,1,14:21:10,15:11:03,00:49:53,49.88
2049,1358,11-11-2021,BT02,BT01,2,14:31:03,15:25:04,00:54:01,54.02
2050,1377,11-11-2021,BT01,BT02,1,14:31:41,15:26:10,00:54:29,54.48
2051,294,11-11-2021,BT01,BT02,1,14:41:18,15:27:27,00:46:09,46.15
2052,250,11-11-2021,BT01,BT02,1,14:51:28,15:43:50,00:52:22,52.37
2053,264,11-11-2021,BT01,BT02,1,15:00:59,15:54:01,00:53:02,53.03
2054,128,11-11-2021,BT01,BT02,1,15:31:16,16:25:52,00:54:36,54.6
2055,117,11-11-2021,BT02,BT01,2,15:39:32,16:39:19,00:59:47,59.78
2056,116,11-11-2021,BT01,BT02,1,15:41:49,16:36:32,00:54:43,54.72
2057,1408,11-11-2021,BT02,BT01,2,16:00:10,16:58:53,00:58:43,58.72
2058,1358,11-11-2021,BT01,BT02,1,16:00:45,17:00:39,00:59:54,59.9
2059,505,11-11-2021,BT02,BT01,2,16:10:11,17:05:25,00:55:14,55.23
2060,1377,11-11-2021,BT02,BT01,2,16:20:39,17:15:40,00:55:01,55.02
2061,294,11-11-2021,BT02,BT01,2,16:28:53,17:23:31,00:54:38,54.63
2062,264,11-11-2021,BT02,BT01,2,16:40:14,17:40:00,00:59:46,59.77
2063,250,11-11-2021,BT02,BT01,2,16:50:36,17:45:42,00:55:06,55.1
2064,128,11-11-2021,BT02,BT01,2,17:20:49,18:20:10,00:59:21,59.35
2065,116,11-11-2021,BT02,BT01,2,17:28:26,18:30:01,01:01:35,61.58
2066,1408,11-11-2021,BT01,BT02,1,17:31:40,18:25:43,00:54:03,54.05
2067,505,11-11-2021,BT01,BT02,1,17:46:03,18:36:29,00:50:26,50.43
2068,1377,11-11-2021,BT01,BT02,1,18:00:48,18:51:54,00:51:06,51.1
2069,294,11-11-2021,BT01,BT02,1,18:19:02,19:06:34,00:47:32,47.53
2070,264,11-11-2021,BT01,BT02,1,18:48:59,19:33:30,00:44:31,44.52
2071,123,11-11-2021,BT01,BT02,1,18:55:10,20:08:38,01:13:28,73.47
2072,250,11-11-2021,BT01,BT02,1,19:14:18,19:57:35,00:43:17,43.28
2073,128,11-11-2021,BT01,BT02,1,20:39:26,21:16:59,00:37:33,37.55
2074,116,11-11-2021,BT01,BT02,1,20:58:44,21:31:49,00:33:05,33.08
2075,1408,11-12-2021,BT02,BT01,2,05:15:28,05:53:40,00:38:12,38.2
2076,274,11-12-2021,BT02,BT01,2,05:30:01,06:09:46,00:39:45,39.75
2077,294,11-12-2021,BT02,BT01,2,05:58:58,06:45:32,00:46:34,46.57
2078,264,11-12-2021,BT02,BT01,2,06:11:58,07:02:46,00:50:48,50.8
2079,262,11-12-2021,BT01,BT02,1,06:21:16,07:17:38,00:56:22,56.37
2080,1408,11-12-2021,BT01,BT02,1,06:41:24,07:44:00,01:02:36,62.6
2081,1358,11-12-2021,BT02,BT01,2,06:59:29,07:55:18,00:55:49,55.82
2082,1143,11-12-2021,BT02,BT01,2,07:08:59,07:59:50,00:50:51,50.85
2083,274,11-12-2021,BT01,BT02,1,07:10:35,08:08:14,00:57:39,57.65
2084,294,11-12-2021,BT01,BT02,1,07:20:41,08:16:34,00:55:53,55.88
2085,123,11-12-2021,BT02,BT01,2,07:30:47,08:16:12,00:45:25,45.42
2086,264,11-12-2021,BT01,BT02,1,07:38:05,08:32:00,00:53:55,53.92
2087,279,11-12-2021,BT02,BT01,2,08:10:21,09:01:29,00:51:08,51.13
2088,116,11-12-2021,BT02,BT01,2,08:19:47,09:13:14,00:53:27,53.45
2089,1358,11-12-2021,BT01,BT02,1,08:20:54,09:15:05,00:54:11,54.18
2090,1143,11-12-2021,BT01,BT02,1,08:29:47,09:20:22,00:50:35,50.58
2091,1377,11-12-2021,BT02,BT01,2,08:51:09,09:43:26,00:52:17,52.28
2092,123,11-12-2021,BT01,BT02,1,08:51:19,09:44:58,00:53:39,53.65
2093,262,11-12-2021,BT02,BT01,2,09:11:12,10:04:29,00:53:17,53.28
2094,279,11-12-2021,BT01,BT02,1,09:29:56,10:24:13,00:54:17,54.28
2095,1408,11-12-2021,BT02,BT01,2,09:30:10,10:25:53,00:55:43,55.72
2096,116,11-12-2021,BT01,BT02,1,09:41:07,10:37:28,00:56:21,56.35
2097,274,11-12-2021,BT02,BT01,2,09:50:38,10:46:58,00:56:20,56.33
2098,294,11-12-2021,BT02,BT01,2,10:00:01,10:56:56,00:56:55,56.92
2099,264,11-12-2021,BT02,BT01,2,10:10:29,11:05:42,00:55:13,55.22
2100,1377,11-12-2021,BT01,BT02,1,10:11:31,11:11:12,00:59:41,59.68
2101,1358,11-12-2021,BT02,BT01,2,10:29:30,11:25:18,00:55:48,55.8
2102,262,11-12-2021,BT01,BT02,1,10:30:53,11:24:39,00:53:46,53.77
2103,1143,11-12-2021,BT02,BT01,2,10:40:56,11:38:54,00:57:58,57.97
2104,1408,11-12-2021,BT01,BT02,1,10:49:18,11:49:47,01:00:29,60.48
2105,123,11-12-2021,BT02,BT01,2,11:00:31,11:58:58,00:58:27,58.45
2106,274,11-12-2021,BT01,BT02,1,11:11:04,12:11:29,01:00:25,60.42
2107,294,11-12-2021,BT01,BT02,1,11:21:18,12:23:43,01:02:25,62.42
2108,264,11-12-2021,BT01,BT02,1,11:30:09,12:31:13,01:01:04,61.07
2109,279,11-12-2021,BT02,BT01,2,11:40:44,12:39:25,00:58:41,58.68
2110,116,11-12-2021,BT02,BT01,2,11:49:20,12:47:36,00:58:16,58.27
2111,1358,11-12-2021,BT01,BT02,1,11:51:52,12:53:36,01:01:44,61.73
2112,1143,11-12-2021,BT01,BT02,1,12:01:08,13:12:47,01:11:39,71.65
2113,123,11-12-2021,BT01,BT02,1,12:20:30,13:20:16,00:59:46,59.77
2114,1377,11-12-2021,BT02,BT01,2,12:20:33,13:19:22,00:58:49,58.82
2115,262,11-12-2021,BT02,BT01,2,12:40:46,13:37:19,00:56:33,56.55
2116,1408,11-12-2021,BT02,BT01,2,13:00:48,14:02:35,01:01:47,61.78
2117,279,11-12-2021,BT01,BT02,1,13:00:51,13:58:25,00:57:34,57.57
2118,274,11-12-2021,BT02,BT01,2,13:17:51,14:17:08,00:59:17,59.28
2119,116,11-12-2021,BT01,BT02,1,13:18:25,14:15:55,00:57:30,57.5
2120,294,11-12-2021,BT02,BT01,2,13:31:18,14:24:17,00:52:59,52.98
2121,264,11-12-2021,BT02,BT01,2,13:39:43,14:39:46,01:00:03,60.05
2122,1377,11-12-2021,BT01,BT02,1,13:51:26,14:54:00,01:02:34,62.57
2123,1358,11-12-2021,BT02,BT01,2,14:00:01,14:51:33,00:51:32,51.53
2124,1143,11-12-2021,BT02,BT01,2,14:10:45,15:04:19,00:53:34,53.57
2125,262,11-12-2021,BT01,BT02,1,14:11:03,15:08:58,00:57:55,57.92
2126,1408,11-12-2021,BT01,BT02,1,14:32:11,15:23:59,00:51:48,51.8
2127,274,11-12-2021,BT01,BT02,1,14:50:37,15:50:26,00:59:49,59.82
2128,294,11-12-2021,BT01,BT02,1,15:01:20,15:59:18,00:57:58,57.97
2129,279,11-12-2021,BT02,BT01,2,15:01:39,15:57:42,00:56:03,56.05
2130,264,11-12-2021,BT01,BT02,1,15:08:30,16:01:58,00:53:28,53.47
2131,123,11-12-2021,BT02,BT01,2,15:11:10,16:03:01,00:51:51,51.85
2132,116,11-12-2021,BT02,BT01,2,15:20:47,16:14:13,00:53:26,53.43
2133,1358,11-12-2021,BT01,BT02,1,15:31:17,16:27:56,00:56:39,56.65
2134,1377,11-12-2021,BT02,BT01,2,15:50:06,16:48:17,00:58:11,58.18
2135,1143,11-12-2021,BT01,BT02,1,15:51:05,16:49:25,00:58:20,58.33
2136,262,11-12-2021,BT02,BT01,2,16:10:39,17:00:49,00:50:10,50.17
2137,123,11-12-2021,BT01,BT02,1,16:10:51,17:03:14,00:52:23,52.38
2138,1408,11-12-2021,BT02,BT01,2,16:29:36,17:25:03,00:55:27,55.45
2139,116,11-12-2021,BT01,BT02,1,16:50:38,17:48:07,00:57:29,57.48
2140,274,11-12-2021,BT02,BT01,2,17:00:30,17:55:25,00:54:55,54.92
2141,264,11-12-2021,BT02,BT01,2,17:20:38,18:22:32,01:01:54,61.9
2142,1377,11-12-2021,BT01,BT02,1,17:30:39,18:19:55,00:49:16,49.27
2143,1358,11-12-2021,BT02,BT01,2,17:40:26,18:47:33,01:07:07,67.12
2144,262,11-12-2021,BT01,BT02,1,17:55:14,18:45:01,00:49:47,49.78
2145,1143,11-12-2021,BT02,BT01,2,18:01:40,18:52:04,00:50:24,50.4
2146,1408,11-12-2021,BT01,BT02,1,18:29:21,19:14:48,00:45:27,45.45
2147,274,11-12-2021,BT01,BT02,1,19:14:24,19:57:54,00:43:30,43.5
2148,294,11-12-2021,BT01,BT02,1,19:46:47,20:29:08,00:42:21,42.35
2149,123,11-12-2021,BT01,BT02,1,19:48:36,20:49:49,01:01:13,61.22
2150,264,11-12-2021,BT01,BT02,1,20:15:55,20:52:22,00:36:27,36.45
2151,1358,11-12-2021,BT01,BT02,1,21:13:26,21:45:00,00:31:34,31.57
2152,1408,11/13/2021,BT02,BT01,2,05:17:56,05:52:55,00:34:59,34.98
2153,505,11/13/2021,BT02,BT01,2,05:34:31,06:08:31,00:34:00,34
2154,274,11/13/2021,BT02,BT01,2,05:48:11,06:31:16,00:43:05,43.08
2155,262,11/13/2021,BT01,BT02,1,06:09:59,07:03:42,00:53:43,53.72
2156,1408,11/13/2021,BT01,BT02,1,06:31:39,07:21:42,00:50:03,50.05
2157,250,11/13/2021,BT02,BT01,2,06:38:30,07:19:25,00:40:55,40.92
2158,505,11/13/2021,BT01,BT02,1,06:41:06,07:27:59,00:46:53,46.88
2159,274,11/13/2021,BT01,BT02,1,06:59:30,07:48:29,00:48:59,48.98
2160,1358,11/13/2021,BT02,BT01,2,07:10:23,07:48:56,00:38:33,38.55
2161,250,11/13/2021,BT01,BT02,1,07:38:50,08:28:32,00:49:42,49.7
2162,279,11/13/2021,BT02,BT01,2,07:58:04,08:50:12,00:52:08,52.13
2163,116,11/13/2021,BT02,BT01,2,08:10:27,09:00:21,00:49:54,49.9
2164,1358,11/13/2021,BT01,BT02,1,08:21:37,09:13:22,00:51:45,51.75
2165,294,11/13/2021,BT02,BT01,2,08:29:11,09:27:33,00:58:22,58.37
2166,123,11/13/2021,BT02,BT01,2,08:41:06,09:29:45,00:48:39,48.65
2167,1143,11/13/2021,BT02,BT01,2,08:50:42,09:43:35,00:52:53,52.88
2168,279,11/13/2021,BT01,BT02,1,09:02:30,09:50:47,00:48:17,48.28
2169,262,11/13/2021,BT02,BT01,2,09:10:29,10:00:28,00:49:59,49.98
2170,116,11/13/2021,BT01,BT02,1,09:12:02,10:04:29,00:52:27,52.45
2171,294,11/13/2021,BT01,BT02,1,09:40:27,10:33:52,00:53:25,53.42
2172,505,11/13/2021,BT02,BT01,2,09:40:52,10:31:11,00:50:19,50.32
2173,123,11/13/2021,BT01,BT02,1,09:50:48,10:47:56,00:57:08,57.13
2174,274,11/13/2021,BT02,BT01,2,09:51:03,10:38:43,00:47:40,47.67
2175,1143,11/13/2021,BT01,BT02,1,10:01:52,11:00:26,00:58:34,58.57
2176,250,11/13/2021,BT02,BT01,2,10:30:07,11:19:35,00:49:28,49.47
2177,262,11/13/2021,BT01,BT02,1,10:31:08,11:25:25,00:54:17,54.28
2178,505,11/13/2021,BT01,BT02,1,11:01:23,11:51:38,00:50:15,50.25
2179,1358,11/13/2021,BT02,BT01,2,11:09:57,12:04:43,00:54:46,54.77
2180,274,11/13/2021,BT01,BT02,1,11:10:01,12:07:32,00:57:31,57.52
2181,123,11/13/2021,BT02,BT01,2,11:21:25,12:17:34,00:56:09,56.15
2182,279,11/13/2021,BT02,BT01,2,11:40:56,12:38:09,00:57:13,57.22
2183,116,11/13/2021,BT02,BT01,2,11:51:00,12:47:49,00:56:49,56.82
2184,250,11/13/2021,BT01,BT02,1,11:51:43,12:47:38,00:55:55,55.92
2185,294,11/13/2021,BT02,BT01,2,12:09:56,13:08:13,00:58:17,58.28
2186,1143,11/13/2021,BT02,BT01,2,12:20:46,13:18:53,00:58:07,58.12
2187,1358,11/13/2021,BT01,BT02,1,12:31:08,13:28:52,00:57:44,57.73
2188,262,11/13/2021,BT02,BT01,2,12:40:22,13:42:43,01:02:21,62.35
2189,123,11/13/2021,BT01,BT02,1,12:41:53,13:33:18,00:51:25,51.42
2190,279,11/13/2021,BT01,BT02,1,13:01:57,13:59:11,00:57:14,57.23
2191,116,11/13/2021,BT01,BT02,1,13:12:25,14:14:04,01:01:39,61.65
2192,505,11/13/2021,BT02,BT01,2,13:20:52,14:15:32,00:54:40,54.67
2193,274,11/13/2021,BT02,BT01,2,13:29:40,14:25:46,00:56:06,56.1
2194,294,11/13/2021,BT01,BT02,1,13:31:03,14:28:04,00:57:01,57.02
2195,1143,11/13/2021,BT01,BT02,1,13:50:36,14:43:24,00:52:48,52.8
2196,250,11/13/2021,BT02,BT01,2,14:09:00,15:07:41,00:58:41,58.68
2197,262,11/13/2021,BT01,BT02,1,14:10:56,15:04:48,00:53:52,53.87
2198,505,11/13/2021,BT01,BT02,1,14:49:53,15:38:32,00:48:39,48.65
2199,1358,11/13/2021,BT02,BT01,2,14:50:15,15:44:12,00:53:57,53.95
2200,274,11/13/2021,BT01,BT02,1,15:00:26,15:54:55,00:54:29,54.48
2201,279,11/13/2021,BT02,BT01,2,15:01:04,15:56:32,00:55:28,55.47
2202,123,11/13/2021,BT02,BT01,2,15:09:58,16:10:11,01:00:13,60.22
2203,116,11/13/2021,BT02,BT01,2,15:20:38,16:15:31,00:54:53,54.88
2204,250,11/13/2021,BT01,BT02,1,15:42:03,16:41:55,00:59:52,59.87
2205,294,11/13/2021,BT02,BT01,2,15:42:28,16:34:04,00:51:36,51.6
2206,1143,11/13/2021,BT02,BT01,2,15:51:04,16:47:23,00:56:19,56.32
2207,262,11/13/2021,BT02,BT01,2,16:09:26,17:01:27,00:52:01,52.02
2208,1358,11/13/2021,BT01,BT02,1,16:31:19,17:25:51,00:54:32,54.53
2209,279,11/13/2021,BT01,BT02,1,16:39:45,17:34:40,00:54:55,54.92
2210,274,11/13/2021,BT02,BT01,2,17:00:27,17:54:35,00:54:08,54.13
2211,116,11/13/2021,BT01,BT02,1,17:03:38,17:55:23,00:51:45,51.75
2212,1143,11/13/2021,BT01,BT02,1,17:32:10,18:19:02,00:46:52,46.87
2213,250,11/13/2021,BT02,BT01,2,17:36:03,18:31:51,00:55:48,55.8
2214,279,11/13/2021,BT02,BT01,2,18:00:34,18:58:32,00:57:58,57.97
2215,262,11/13/2021,BT01,BT02,1,18:20:11,18:59:14,00:39:03,39.05
2216,274,11/13/2021,BT01,BT02,1,18:58:05,19:40:04,00:41:59,41.98
2217,262,11/13/2021,BT02,BT01,2,19:16:29,19:53:33,00:37:04,37.07
2218,250,11/13/2021,BT01,BT02,1,20:03:28,20:38:20,00:34:52,34.87
2219,279,11/13/2021,BT01,BT02,1,20:28:22,21:06:01,00:37:39,37.65
2220,123,11/13/2021,BT01,BT02,1,20:58:40,21:31:47,00:33:07,33.12
2221,505,11/14/2021,BT02,BT01,2,05:36:48,06:11:37,00:34:49,34.82
2222,274,11/14/2021,BT02,BT01,2,05:50:55,06:27:14,00:36:19,36.32
2223,264,11/14/2021,BT02,BT01,2,06:00:13,06:40:17,00:40:04,40.07
2224,128,11/14/2021,BT02,BT01,2,06:21:09,07:01:44,00:40:35,40.58
2225,117,11/14/2021,BT01,BT02,1,06:30:51,07:25:28,00:54:37,54.62
2226,1358,11/14/2021,BT02,BT01,2,06:40:40,07:32:59,00:52:19,52.32
2227,505,11/14/2021,BT01,BT02,1,06:59:55,07:49:50,00:49:55,49.92
2228,1143,11/14/2021,BT02,BT01,2,07:00:29,07:49:00,00:48:31,48.52
2229,274,11/14/2021,BT01,BT02,1,07:09:33,07:58:17,00:48:44,48.73
2230,264,11/14/2021,BT01,BT02,1,07:20:13,08:11:38,00:51:25,51.42
2231,279,11/14/2021,BT02,BT01,2,07:30:41,08:18:16,00:47:35,47.58
2232,128,11/14/2021,BT01,BT02,1,07:39:48,08:20:56,00:41:08,41.13
2233,116,11/14/2021,BT02,BT01,2,07:57:51,08:50:33,00:52:42,52.7
2234,1358,11/14/2021,BT01,BT02,1,08:01:43,08:57:58,00:56:15,56.25
2235,1143,11/14/2021,BT01,BT02,1,08:21:00,09:08:20,00:47:20,47.33
2236,1377,11/14/2021,BT02,BT01,2,08:21:20,09:19:33,00:58:13,58.22
2237,279,11/14/2021,BT01,BT02,1,08:40:25,09:35:23,00:54:58,54.97
2238,250,11/14/2021,BT02,BT01,2,08:40:51,09:37:23,00:56:32,56.53
2239,116,11/14/2021,BT01,BT02,1,09:10:10,10:00:55,00:50:45,50.75
2240,123,11/14/2021,BT02,BT01,2,09:10:44,10:01:14,00:50:30,50.5
2241,1377,11/14/2021,BT01,BT02,1,09:31:03,10:26:39,00:55:36,55.6
2242,117,11/14/2021,BT02,BT01,2,09:40:14,10:38:21,00:58:07,58.12
2243,250,11/14/2021,BT01,BT02,1,09:52:35,10:47:01,00:54:26,54.43
2244,505,11/14/2021,BT02,BT01,2,10:10:47,11:02:30,00:51:43,51.72
2245,274,11/14/2021,BT02,BT01,2,10:18:43,11:12:13,00:53:30,53.5
2246,123,11/14/2021,BT01,BT02,1,10:29:07,11:30:27,01:01:20,61.33
2247,264,11/14/2021,BT02,BT01,2,10:30:32,11:20:28,00:49:56,49.93
2248,128,11/14/2021,BT02,BT01,2,10:38:13,11:36:17,00:58:04,58.07
2249,117,11/14/2021,BT01,BT02,1,11:00:58,11:57:13,00:56:15,56.25
2250,1358,11/14/2021,BT02,BT01,2,11:09:45,12:08:22,00:58:37,58.62
2251,1143,11/14/2021,BT02,BT01,2,11:31:22,12:24:28,00:53:06,53.1
2252,505,11/14/2021,BT01,BT02,1,11:31:55,12:24:05,00:52:10,52.17
2253,274,11/14/2021,BT01,BT02,1,11:39:34,12:33:47,00:54:13,54.22
2254,279,11/14/2021,BT02,BT01,2,11:49:13,12:48:13,00:59:00,59
2255,264,11/14/2021,BT01,BT02,1,11:50:25,12:40:52,00:50:27,50.45
2256,128,11/14/2021,BT01,BT02,1,12:09:58,13:06:00,00:56:02,56.03
2257,1377,11/14/2021,BT02,BT01,2,12:21:43,13:17:34,00:55:51,55.85
2258,250,11/14/2021,BT02,BT01,2,12:40:46,13:37:36,00:56:50,56.83
2259,1358,11/14/2021,BT01,BT02,1,12:41:51,13:42:40,01:00:49,60.82
2260,1143,11/14/2021,BT01,BT02,1,13:01:32,13:45:57,00:44:25,44.42
2261,123,11/14/2021,BT02,BT01,2,13:11:10,14:08:30,00:57:20,57.33
2262,279,11/14/2021,BT01,BT02,1,13:21:38,14:15:49,00:54:11,54.18
2263,117,11/14/2021,BT02,BT01,2,13:40:51,14:41:26,01:00:35,60.58
2264,250,11/14/2021,BT01,BT02,1,14:00:55,14:56:00,00:55:05,55.08
2265,505,11/14/2021,BT02,BT01,2,14:09:33,15:06:00,00:56:27,56.45
2266,274,11/14/2021,BT02,BT01,2,14:16:42,15:16:33,00:59:51,59.85
2267,264,11/14/2021,BT02,BT01,2,14:29:55,15:26:07,00:56:12,56.2
2268,123,11/14/2021,BT01,BT02,1,14:32:03,15:19:00,00:46:57,46.95
2269,128,11/14/2021,BT02,BT01,2,14:40:31,15:31:57,00:51:26,51.43
2270,1358,11/14/2021,BT02,BT01,2,15:10:30,16:10:40,01:00:10,60.17
2271,1143,11/14/2021,BT02,BT01,2,15:30:54,16:19:40,00:48:46,48.77
2272,505,11/14/2021,BT01,BT02,1,15:31:54,16:20:05,00:48:11,48.18
2273,274,11/14/2021,BT01,BT02,1,15:40:25,16:34:49,00:54:24,54.4
2274,279,11/14/2021,BT02,BT01,2,15:50:43,16:39:35,00:48:52,48.87
2275,264,11/14/2021,BT01,BT02,1,15:51:29,16:42:28,00:50:59,50.98
2276,128,11/14/2021,BT01,BT02,1,15:58:53,16:50:22,00:51:29,51.48
2277,250,11/14/2021,BT02,BT01,2,16:29:23,17:22:23,00:53:00,53
2278,1358,11/14/2021,BT01,BT02,1,16:30:25,17:19:39,00:49:14,49.23
2279,1143,11/14/2021,BT01,BT02,1,16:51:58,17:43:01,00:51:03,51.05
2280,279,11/14/2021,BT01,BT02,1,17:11:44,18:04:12,00:52:28,52.47
2281,250,11/14/2021,BT01,BT02,1,18:40:15,19:22:26,00:42:11,42.18
2282,123,11/14/2021,BT01,BT02,1,19:36:01,20:11:26,00:35:25,35.42
2283,505,11/15/2021,BT02,BT01,2,05:33:52,06:09:59,00:36:07,36.12
2284,274,11/15/2021,BT02,BT01,2,05:50:37,06:30:41,00:40:04,40.07
2285,1143,11/15/2021,BT02,BT01,2,06:21:13,07:28:01,01:06:48,66.8
2286,505,11/15/2021,BT01,BT02,1,06:51:41,07:54:34,01:02:53,62.88
2287,274,11/15/2021,BT01,BT02,1,07:00:49,08:03:07,01:02:18,62.3
2288,279,11/15/2021,BT02,BT01,2,07:12:47,08:06:36,00:53:49,53.82
2289,1143,11/15/2021,BT01,BT02,1,07:38:22,08:32:55,00:54:33,54.55
2290,294,11/15/2021,BT02,BT01,2,07:58:05,08:51:48,00:53:43,53.72
2291,264,11/15/2021,BT02,BT01,2,08:10:09,09:00:34,00:50:25,50.42
2292,123,11/15/2021,BT02,BT01,2,08:16:09,09:10:19,00:54:10,54.17
2293,279,11/15/2021,BT01,BT02,1,08:40:08,09:37:21,00:57:13,57.22
2294,250,11/15/2021,BT02,BT01,2,08:40:37,09:30:37,00:50:00,50
2295,294,11/15/2021,BT01,BT02,1,09:20:20,10:16:35,00:56:15,56.25
2296,505,11/15/2021,BT02,BT01,2,09:28:34,10:19:32,00:50:58,50.97
2297,264,11/15/2021,BT01,BT02,1,09:31:00,10:28:09,00:57:09,57.15
2298,274,11/15/2021,BT02,BT01,2,09:38:27,10:32:48,00:54:21,54.35
2299,123,11/15/2021,BT01,BT02,1,09:41:46,10:41:49,01:00:03,60.05
2300,250,11/15/2021,BT01,BT02,1,10:00:19,10:58:03,00:57:44,57.73
2301,1143,11/15/2021,BT02,BT01,2,10:10:55,11:03:43,00:52:48,52.8
2302,279,11/15/2021,BT02,BT01,2,10:31:14,11:24:59,00:53:45,53.75
2303,505,11/15/2021,BT01,BT02,1,10:50:14,11:42:03,00:51:49,51.82
2304,274,11/15/2021,BT01,BT02,1,11:00:57,11:56:38,00:55:41,55.68
2305,123,11/15/2021,BT02,BT01,2,11:19:35,12:17:45,00:58:10,58.17
2306,1143,11/15/2021,BT01,BT02,1,11:31:43,12:27:03,00:55:20,55.33
2307,294,11/15/2021,BT02,BT01,2,11:40:13,12:41:51,01:01:38,61.63
2308,279,11/15/2021,BT01,BT02,1,11:51:22,12:54:11,01:02:49,62.82
2309,250,11/15/2021,BT02,BT01,2,12:08:28,13:10:53,01:02:25,62.42
2310,123,11/15/2021,BT01,BT02,1,12:30:11,13:14:44,00:44:33,44.55
2311,294,11/15/2021,BT01,BT02,1,13:01:35,14:05:46,01:04:11,64.18
2312,505,11/15/2021,BT02,BT01,2,13:10:55,14:13:31,01:02:36,62.6
2313,250,11/15/2021,BT01,BT02,1,13:31:06,14:43:50,01:12:44,72.73
2314,274,11/15/2021,BT02,BT01,2,13:40:58,14:34:42,00:53:44,53.73
2315,1143,11/15/2021,BT02,BT01,2,14:11:10,15:03:01,00:51:51,51.85
2316,279,11/15/2021,BT02,BT01,2,14:30:14,15:25:04,00:54:50,54.83
2317,505,11/15/2021,BT01,BT02,1,14:30:40,15:29:23,00:58:43,58.72
2318,274,11/15/2021,BT01,BT02,1,15:09:35,16:07:06,00:57:31,57.52
2319,294,11/15/2021,BT02,BT01,2,15:20:23,16:14:22,00:53:59,53.98
2320,1143,11/15/2021,BT01,BT02,1,15:31:44,16:24:48,00:53:04,53.07
2321,250,11/15/2021,BT02,BT01,2,15:47:27,16:41:56,00:54:29,54.48
2322,279,11/15/2021,BT01,BT02,1,15:51:03,16:50:46,00:59:43,59.72
2323,294,11/15/2021,BT01,BT02,1,16:39:20,17:34:12,00:54:52,54.87
2324,250,11/15/2021,BT01,BT02,1,16:57:20,18:06:39,01:09:19,69.32
2325,505,11/15/2021,BT02,BT01,2,17:10:51,18:07:20,00:56:29,56.48
2326,274,11/15/2021,BT02,BT01,2,17:30:28,18:28:29,00:58:01,58.02
2327,505,11/15/2021,BT01,BT02,1,18:38:50,19:23:57,00:45:07,45.12
2328,274,11/15/2021,BT01,BT02,1,19:04:28,19:48:22,00:43:54,43.9
2329,123,11/15/2021,BT01,BT02,1,20:51:07,21:22:50,00:31:43,31.72
2330,123,11/16/2021,BT02,BT01,2,04:24:09,04:57:48,00:33:39,33.65
2331,505,11/16/2021,BT02,BT01,2,05:33:01,06:08:57,00:35:56,35.93
2332,128,11/16/2021,BT02,BT01,2,06:10:18,07:09:38,00:59:20,59.33
2333,117,11/16/2021,BT01,BT02,1,06:19:47,07:17:51,00:58:04,58.07
2334,262,11/16/2021,BT01,BT02,1,06:31:31,07:31:02,00:59:31,59.52
2335,1408,11/16/2021,BT01,BT02,1,06:40:51,07:41:07,01:00:16,60.27
2336,505,11/16/2021,BT01,BT02,1,06:50:29,07:51:15,01:00:46,60.77
2337,513,11/16/2021,BT02,BT01,2,07:08:54,08:16:13,01:07:19,67.32
2338,116,11/16/2021,BT02,BT01,2,07:14:33,08:17:19,01:02:46,62.77
2339,128,11/16/2021,BT01,BT02,1,07:21:38,08:23:07,01:01:29,61.48
2340,250,11/16/2021,BT02,BT01,2,07:59:55,08:54:13,00:54:18,54.3
2341,264,11/16/2021,BT02,BT01,2,08:08:47,08:55:06,00:46:19,46.32
2342,1358,11/16/2021,BT01,BT02,1,08:10:52,09:04:43,00:53:51,53.85
2343,1377,11/16/2021,BT02,BT01,2,08:31:01,09:29:43,00:58:42,58.7
2344,117,11/16/2021,BT02,BT01,2,09:00:30,09:53:11,00:52:41,52.68
2345,116,11/16/2021,BT01,BT02,1,09:01:00,09:53:48,00:52:48,52.8
2346,262,11/16/2021,BT02,BT01,2,09:10:46,10:02:14,00:51:28,51.47
2347,1408,11/16/2021,BT02,BT01,2,09:20:59,10:17:29,00:56:30,56.5
2348,505,11/16/2021,BT02,BT01,2,09:30:39,10:24:16,00:53:37,53.62
2349,128,11/16/2021,BT02,BT01,2,09:49:54,10:46:21,00:56:27,56.45
2350,250,11/16/2021,BT01,BT02,1,09:50:56,10:45:44,00:54:48,54.8
2351,264,11/16/2021,BT01,BT02,1,10:01:09,10:55:25,00:54:16,54.27
2352,1377,11/16/2021,BT01,BT02,1,10:10:45,11:06:34,00:55:49,55.82
2353,1358,11/16/2021,BT02,BT01,2,10:11:03,11:07:21,00:56:18,56.3
2354,262,11/16/2021,BT01,BT02,1,10:20:23,11:13:02,00:52:39,52.65
2355,117,11/16/2021,BT01,BT02,1,10:50:38,11:49:39,00:59:01,59.02
2356,116,11/16/2021,BT02,BT01,2,10:59:21,11:57:20,00:57:59,57.98
2357,1408,11/16/2021,BT01,BT02,1,10:59:58,12:07:28,01:07:30,67.5
2358,505,11/16/2021,BT01,BT02,1,11:11:48,12:15:28,01:03:40,63.67
2359,128,11/16/2021,BT01,BT02,1,11:30:45,12:35:18,01:04:33,64.55
2360,250,11/16/2021,BT02,BT01,2,11:30:59,12:28:22,00:57:23,57.38
2361,264,11/16/2021,BT02,BT01,2,11:41:04,12:39:44,00:58:40,58.67
2362,1377,11/16/2021,BT02,BT01,2,11:49:43,12:52:51,01:03:08,63.13
2363,1358,11/16/2021,BT01,BT02,1,11:51:33,12:54:23,01:02:50,62.83
2364,117,11/16/2021,BT02,BT01,2,12:21:21,13:24:44,01:03:23,63.38
2365,116,11/16/2021,BT01,BT02,1,12:31:01,13:43:27,01:12:26,72.43
2366,262,11/16/2021,BT02,BT01,2,12:40:09,13:46:57,01:06:48,66.8
2367,250,11/16/2021,BT01,BT02,1,13:00:19,14:01:10,01:00:51,60.85
2368,1408,11/16/2021,BT02,BT01,2,13:00:38,14:02:39,01:02:01,62.02
2369,264,11/16/2021,BT01,BT02,1,13:10:37,14:04:32,00:53:55,53.92
2370,505,11/16/2021,BT02,BT01,2,13:11:41,14:11:46,01:00:05,60.08
2371,1377,11/16/2021,BT01,BT02,1,13:20:19,14:22:50,01:02:31,62.52
2372,128,11/16/2021,BT02,BT01,2,13:31:36,14:29:35,00:57:59,57.98
2373,117,11/16/2021,BT01,BT02,1,13:50:07,14:55:32,01:05:25,65.42
2374,1358,11/16/2021,BT02,BT01,2,13:50:54,14:48:31,00:57:37,57.62
2375,262,11/16/2021,BT01,BT02,1,14:10:55,15:07:12,00:56:17,56.28
2376,1408,11/16/2021,BT01,BT02,1,14:20:46,15:13:16,00:52:30,52.5
2377,116,11/16/2021,BT02,BT01,2,14:30:48,15:23:16,00:52:28,52.47
2378,505,11/16/2021,BT01,BT02,1,14:31:30,15:24:39,00:53:09,53.15
2379,128,11/16/2021,BT01,BT02,1,14:51:17,15:45:38,00:54:21,54.35
2380,250,11/16/2021,BT02,BT01,2,15:00:36,15:51:54,00:51:18,51.3
2381,1358,11/16/2021,BT01,BT02,1,15:11:06,16:06:15,00:55:09,55.15
2382,264,11/16/2021,BT02,BT01,2,15:11:40,16:00:52,00:49:12,49.2
2383,1377,11/16/2021,BT02,BT01,2,15:22:35,16:17:30,00:54:55,54.92
2384,117,11/16/2021,BT02,BT01,2,15:51:31,16:50:17,00:58:46,58.77
2385,262,11/16/2021,BT02,BT01,2,16:00:40,16:52:50,00:52:10,52.17
2386,116,11/16/2021,BT01,BT02,1,16:01:40,16:58:41,00:57:01,57.02
2387,1408,11/16/2021,BT02,BT01,2,16:10:58,17:02:48,00:51:50,51.83
2388,505,11/16/2021,BT02,BT01,2,16:20:56,17:12:47,00:51:51,51.85
2389,250,11/16/2021,BT01,BT02,1,16:31:04,17:23:15,00:52:11,52.18
2390,264,11/16/2021,BT01,BT02,1,16:40:49,17:32:46,00:51:57,51.95
2391,128,11/16/2021,BT02,BT01,2,16:41:29,17:39:42,00:58:13,58.22
2392,1377,11/16/2021,BT01,BT02,1,16:50:15,17:42:23,00:52:08,52.13
2393,1358,11/16/2021,BT02,BT01,2,16:58:37,17:53:22,00:54:45,54.75
2394,262,11/16/2021,BT01,BT02,1,17:41:01,18:29:19,00:48:18,48.3
2395,1408,11/16/2021,BT01,BT02,1,17:51:42,18:47:29,00:55:47,55.78
2396,250,11/16/2021,BT02,BT01,2,18:01:30,18:59:35,00:58:05,58.08
2397,505,11/16/2021,BT01,BT02,1,18:01:35,18:52:16,00:50:41,50.68
2398,1377,11/16/2021,BT02,BT01,2,18:23:40,19:19:43,00:56:03,56.05
2399,128,11/16/2021,BT01,BT02,1,18:35:31,19:45:18,01:09:47,69.78
2400,262,11/16/2021,BT02,BT01,2,18:52:46,19:35:49,00:43:03,43.05
2401,1358,11/16/2021,BT01,BT02,1,19:10:53,19:51:20,00:40:27,40.45
2402,123,11/16/2021,BT01,BT02,1,20:45:06,21:16:49,00:31:43,31.72
2403,1408,11/17/2021,BT02,BT01,2,05:18:09,05:50:55,00:32:46,32.77
2404,274,11/17/2021,BT02,BT01,2,05:38:42,06:17:37,00:38:55,38.92
2405,264,11/17/2021,BT02,BT01,2,05:49:25,06:21:58,00:32:33,32.55
2406,1358,11/17/2021,BT02,BT01,2,06:10:51,07:00:27,00:49:36,49.6
2407,262,11/17/2021,BT01,BT02,1,06:21:04,07:13:47,00:52:43,52.72
2408,1143,11/17/2021,BT02,BT01,2,06:21:33,07:14:00,00:52:27,52.45
2409,1408,11/17/2021,BT01,BT02,1,06:40:53,07:39:53,00:59:00,59
2410,274,11/17/2021,BT01,BT02,1,06:59:33,07:56:14,00:56:41,56.68
2411,279,11/17/2021,BT02,BT01,2,07:07:36,07:56:07,00:48:31,48.52
2412,264,11/17/2021,BT01,BT02,1,07:11:13,08:10:31,00:59:18,59.3
2413,116,11/17/2021,BT02,BT01,2,07:14:19,07:55:52,00:41:33,41.55
2414,1358,11/17/2021,BT01,BT02,1,07:38:51,08:32:39,00:53:48,53.8
2415,1377,11/17/2021,BT02,BT01,2,07:40:07,08:29:27,00:49:20,49.33
2416,294,11/17/2021,BT02,BT01,2,07:51:48,08:42:48,00:51:00,51
2417,262,11/17/2021,BT02,BT01,2,08:30:14,09:22:42,00:52:28,52.47
2418,279,11/17/2021,BT01,BT02,1,08:30:52,09:24:10,00:53:18,53.3
2419,116,11/17/2021,BT01,BT02,1,08:41:03,09:31:20,00:50:17,50.28
2420,1408,11/17/2021,BT02,BT01,2,08:50:39,09:46:28,00:55:49,55.82
2421,274,11/17/2021,BT02,BT01,2,09:10:04,10:02:29,00:52:25,52.42
2422,1377,11/17/2021,BT01,BT02,1,09:11:16,10:03:53,00:52:37,52.62
2423,294,11/17/2021,BT01,BT02,1,09:20:13,10:15:36,00:55:23,55.38
2424,264,11/17/2021,BT02,BT01,2,09:21:15,10:13:51,00:52:36,52.6
2425,1358,11/17/2021,BT02,BT01,2,09:50:16,10:48:20,00:58:04,58.07
2426,262,11/17/2021,BT01,BT02,1,10:01:31,10:58:21,00:56:50,56.83
2427,1408,11/17/2021,BT01,BT02,1,10:20:36,11:16:36,00:56:00,56
2428,279,11/17/2021,BT02,BT01,2,10:39:39,11:36:36,00:56:57,56.95
2429,274,11/17/2021,BT01,BT02,1,10:41:05,11:36:29,00:55:24,55.4
2430,264,11/17/2021,BT01,BT02,1,10:50:39,11:44:45,00:54:06,54.1
2431,116,11/17/2021,BT02,BT01,2,10:51:03,11:43:50,00:52:47,52.78
2432,1358,11/17/2021,BT01,BT02,1,11:20:50,12:21:52,01:01:02,61.03
2433,1377,11/17/2021,BT02,BT01,2,11:21:20,12:18:03,00:56:43,56.72
2434,294,11/17/2021,BT02,BT01,2,11:30:41,12:27:37,00:56:56,56.93
2435,1143,11/17/2021,BT02,BT01,2,11:59:58,12:51:06,00:51:08,51.13
2436,279,11/17/2021,BT01,BT02,1,12:11:26,13:11:35,01:00:09,60.15
2437,262,11/17/2021,BT02,BT01,2,12:20:40,13:18:54,00:58:14,58.23
2438,1408,11/17/2021,BT02,BT01,2,12:40:42,13:34:24,00:53:42,53.7
2439,116,11/17/2021,BT01,BT02,1,12:41:56,13:43:24,01:01:28,61.47
2440,1377,11/17/2021,BT01,BT02,1,12:51:11,13:52:31,01:01:20,61.33
2441,274,11/17/2021,BT02,BT01,2,13:00:49,13:59:34,00:58:45,58.75
2442,294,11/17/2021,BT01,BT02,1,13:01:30,13:54:44,00:53:14,53.23
2443,264,11/17/2021,BT02,BT01,2,13:11:23,14:08:56,00:57:33,57.55
2444,1143,11/17/2021,BT01,BT02,1,13:30:19,14:30:35,01:00:16,60.27
2445,1358,11/17/2021,BT02,BT01,2,13:40:38,14:34:39,00:54:01,54.02
2446,262,11/17/2021,BT01,BT02,1,13:50:51,14:50:33,00:59:42,59.7
2447,1408,11/17/2021,BT01,BT02,1,14:10:09,15:01:13,00:51:04,51.07
2448,279,11/17/2021,BT02,BT01,2,14:19:56,15:15:57,00:56:01,56.02
2449,274,11/17/2021,BT01,BT02,1,14:29:46,15:24:17,00:54:31,54.52
2450,264,11/17/2021,BT01,BT02,1,14:40:09,15:33:57,00:53:48,53.8
2451,1377,11/17/2021,BT02,BT01,2,14:50:28,15:56:17,01:05:49,65.82
2452,294,11/17/2021,BT02,BT01,2,15:00:41,16:06:22,01:05:41,65.68
2453,1358,11/17/2021,BT01,BT02,1,15:11:11,16:08:10,00:56:59,56.98
2454,1143,11/17/2021,BT02,BT01,2,15:30:52,16:33:39,01:02:47,62.78
2455,279,11/17/2021,BT01,BT02,1,15:51:04,16:48:54,00:57:50,57.83
2456,1408,11/17/2021,BT02,BT01,2,16:01:03,16:56:07,00:55:04,55.07
2457,262,11/17/2021,BT02,BT01,2,16:10:08,17:02:45,00:52:37,52.62
2458,1377,11/17/2021,BT01,BT02,1,16:21:29,17:18:53,00:57:24,57.4
2459,116,11/17/2021,BT02,BT01,2,16:30:30,17:29:18,00:58:48,58.8
2460,294,11/17/2021,BT01,BT02,1,16:32:31,17:25:47,00:53:16,53.27
2461,274,11/17/2021,BT02,BT01,2,16:39:32,17:34:33,00:55:01,55.02
2462,264,11/17/2021,BT02,BT01,2,16:50:31,17:47:30,00:56:59,56.98
2463,1143,11/17/2021,BT01,BT02,1,17:01:17,17:56:41,00:55:24,55.4
2464,1358,11/17/2021,BT02,BT01,2,17:18:57,18:17:18,00:58:21,58.35
2465,262,11/17/2021,BT01,BT02,1,17:21:46,18:22:21,01:00:35,60.58
2466,1408,11/17/2021,BT01,BT02,1,17:41:09,18:39:17,00:58:08,58.13
2467,279,11/17/2021,BT02,BT01,2,17:46:49,18:42:55,00:56:06,56.1
2468,116,11/17/2021,BT01,BT02,1,18:01:16,18:52:43,00:51:27,51.45
2469,1377,11/17/2021,BT02,BT01,2,18:01:45,18:53:22,00:51:37,51.62
2470,274,11/17/2021,BT01,BT02,1,18:18:49,19:10:52,00:52:03,52.05
2471,264,11/17/2021,BT01,BT02,1,18:43:16,19:33:58,00:50:42,50.7
2472,123,11/17/2021,BT01,BT02,1,18:49:27,19:38:20,00:48:53,48.88
2473,1358,11/17/2021,BT01,BT02,1,19:54:47,20:30:24,00:35:37,35.62
2474,279,11/17/2021,BT01,BT02,1,20:52:18,21:24:00,00:31:42,31.7
2475,505,11/18/2021,BT02,BT01,2,05:34:20,06:08:01,00:33:41,33.68
2476,128,11/18/2021,BT02,BT01,2,05:59:01,06:44:58,00:45:57,45.95
2477,1358,11/18/2021,BT02,BT01,2,06:22:09,07:07:51,00:45:42,45.7
2478,279,11/18/2021,BT02,BT01,2,06:38:44,07:30:57,00:52:13,52.22
2479,505,11/18/2021,BT01,BT02,1,06:41:04,07:29:57,00:48:53,48.88
2480,128,11/18/2021,BT01,BT02,1,07:02:27,07:48:21,00:45:54,45.9
2481,116,11/18/2021,BT02,BT01,2,07:13:25,08:00:28,00:47:03,47.05
2482,1358,11/18/2021,BT01,BT02,1,07:21:06,08:14:57,00:53:51,53.85
2483,279,11/18/2021,BT01,BT02,1,07:47:26,08:35:16,00:47:50,47.83
2484,1143,11/18/2021,BT02,BT01,2,07:53:42,08:47:11,00:53:29,53.48
2485,116,11/18/2021,BT01,BT02,1,08:30:48,09:24:28,00:53:40,53.67
2486,505,11/18/2021,BT02,BT01,2,08:43:37,09:35:48,00:52:11,52.18
2487,128,11/18/2021,BT02,BT01,2,08:58:51,09:53:01,00:54:10,54.17
2488,1143,11/18/2021,BT01,BT02,1,09:21:07,10:19:48,00:58:41,58.68
2489,1358,11/18/2021,BT02,BT01,2,09:44:30,10:36:51,00:52:21,52.35
2490,279,11/18/2021,BT02,BT01,2,10:00:51,11:05:03,01:04:12,64.2
2491,505,11/18/2021,BT01,BT02,1,10:19:30,11:09:43,00:50:13,50.22
2492,128,11/18/2021,BT01,BT02,1,10:59:04,12:00:33,01:01:29,61.48
2493,1143,11/18/2021,BT02,BT01,2,11:22:14,12:17:08,00:54:54,54.9
2494,1358,11/18/2021,BT01,BT02,1,11:41:33,12:36:10,00:54:37,54.62
2495,505,11/18/2021,BT02,BT01,2,11:57:01,12:40:08,00:43:07,43.12
2496,279,11/18/2021,BT01,BT02,1,12:00:14,12:56:27,00:56:13,56.22
2497,128,11/18/2021,BT02,BT01,2,12:22:04,13:19:40,00:57:36,57.6
2498,1143,11/18/2021,BT01,BT02,1,13:21:57,14:17:36,00:55:39,55.65
2499,279,11/18/2021,BT02,BT01,2,13:31:18,14:22:00,00:50:42,50.7
2500,505,11/18/2021,BT01,BT02,1,13:50:10,14:29:00,00:38:50,38.83
2501,128,11/18/2021,BT01,BT02,1,14:11:43,15:05:51,00:54:08,54.13
2502,279,11/18/2021,BT01,BT02,1,14:52:23,15:41:25,00:49:02,49.03
2503,1143,11/18/2021,BT02,BT01,2,15:14:17,16:07:35,00:53:18,53.3
2504,505,11/18/2021,BT02,BT01,2,15:50:22,16:36:58,00:46:36,46.6
2505,128,11/18/2021,BT02,BT01,2,16:16:08,16:49:32,00:33:24,33.4
2506,279,11/18/2021,BT02,BT01,2,16:56:26,17:47:13,00:50:47,50.78
2507,1143,11/18/2021,BT01,BT02,1,17:12:21,17:58:04,00:45:43,45.72
2508,505,11/18/2021,BT01,BT02,1,18:17:20,18:59:29,00:42:09,42.15
2509,128,11/18/2021,BT01,BT02,1,18:56:31,19:39:26,00:42:55,42.92
2510,279,11/18/2021,BT01,BT02,1,19:46:34,20:21:47,00:35:13,35.22
2511,505,11/19/2021,BT02,BT01,2,05:32:48,06:07:32,00:34:44,34.73
2512,274,11/19/2021,BT02,BT01,2,05:49:21,06:28:07,00:38:46,38.77
2513,1358,11/19/2021,BT02,BT01,2,06:11:25,06:57:52,00:46:27,46.45
2514,1143,11/19/2021,BT02,BT01,2,06:21:05,07:16:11,00:55:06,55.1
2515,117,11/19/2021,BT01,BT02,1,06:30:40,07:32:35,01:01:55,61.92
2516,262,11/19/2021,BT01,BT02,1,06:41:07,07:34:45,00:53:38,53.63
2517,505,11/19/2021,BT01,BT02,1,06:50:55,07:48:01,00:57:06,57.1
2518,274,11/19/2021,BT01,BT02,1,06:59:39,07:56:40,00:57:01,57.02
2519,116,11/19/2021,BT02,BT01,2,07:11:27,07:54:00,00:42:33,42.55
2520,279,11/19/2021,BT02,BT01,2,07:28:35,08:18:54,00:50:19,50.32
2521,1358,11/19/2021,BT01,BT02,1,07:32:00,08:23:08,00:51:08,51.13
2522,1143,11/19/2021,BT01,BT02,1,07:39:35,08:30:39,00:51:04,51.07
2523,1377,11/19/2021,BT02,BT01,2,07:41:05,08:35:29,00:54:24,54.4
2524,250,11/19/2021,BT02,BT01,2,07:48:39,08:37:19,00:48:40,48.67
2525,264,11/19/2021,BT02,BT01,2,07:59:51,08:46:17,00:46:26,46.43
2526,123,11/19/2021,BT02,BT01,2,08:24:02,09:11:47,00:47:45,47.75
2527,128,11/19/2021,BT02,BT01,2,08:30:44,09:25:11,00:54:27,54.45
2528,116,11/19/2021,BT01,BT02,1,08:41:52,09:37:49,00:55:57,55.95
2529,117,11/19/2021,BT02,BT01,2,08:59:14,09:49:48,00:50:34,50.57
2530,279,11/19/2021,BT01,BT02,1,09:01:06,09:57:01,00:55:55,55.92
2531,262,11/19/2021,BT02,BT01,2,09:11:00,10:02:15,00:51:15,51.25
2532,1377,11/19/2021,BT01,BT02,1,09:11:14,10:01:20,00:50:06,50.1
2533,250,11/19/2021,BT01,BT02,1,09:20:29,10:12:46,00:52:17,52.28
2534,505,11/19/2021,BT02,BT01,2,09:21:01,10:14:55,00:53:54,53.9
2535,264,11/19/2021,BT01,BT02,1,09:29:26,10:22:52,00:53:26,53.43
2536,274,11/19/2021,BT02,BT01,2,09:30:12,10:28:45,00:58:33,58.55
2537,1358,11/19/2021,BT02,BT01,2,09:50:38,10:43:17,00:52:39,52.65
2538,128,11/19/2021,BT01,BT02,1,10:00:09,10:55:27,00:55:18,55.3
2539,1143,11/19/2021,BT02,BT01,2,10:00:30,10:56:46,00:56:16,56.27
2540,123,11/19/2021,BT01,BT02,1,10:12:37,10:58:27,00:45:50,45.83
2541,117,11/19/2021,BT01,BT02,1,10:30:45,11:26:44,00:55:59,55.98
2542,262,11/19/2021,BT01,BT02,1,10:40:13,11:34:49,00:54:36,54.6
2543,116,11/19/2021,BT02,BT01,2,10:46:34,11:42:36,00:56:02,56.03
2544,505,11/19/2021,BT01,BT02,1,10:50:44,11:45:55,00:55:11,55.18
2545,274,11/19/2021,BT01,BT02,1,11:01:14,11:57:37,00:56:23,56.38
2546,279,11/19/2021,BT02,BT01,2,11:11:25,12:08:13,00:56:48,56.8
2547,1377,11/19/2021,BT02,BT01,2,11:20:58,12:17:46,00:56:48,56.8
2548,1358,11/19/2021,BT01,BT02,1,11:21:15,12:20:40,00:59:25,59.42
2549,250,11/19/2021,BT02,BT01,2,11:30:30,12:22:35,00:52:05,52.08
2550,1143,11/19/2021,BT01,BT02,1,11:31:41,12:29:17,00:57:36,57.6
2551,264,11/19/2021,BT02,BT01,2,11:40:51,12:34:31,00:53:40,53.67
2552,128,11/19/2021,BT02,BT01,2,11:57:56,12:57:19,00:59:23,59.38
2553,117,11/19/2021,BT02,BT01,2,12:19:52,13:18:47,00:58:55,58.92
2554,116,11/19/2021,BT01,BT02,1,12:21:49,13:19:25,00:57:36,57.6
2555,262,11/19/2021,BT02,BT01,2,12:31:29,13:28:27,00:56:58,56.97
2556,279,11/19/2021,BT01,BT02,1,12:40:22,13:43:55,01:03:33,63.55
2557,505,11/19/2021,BT02,BT01,2,12:40:41,13:34:50,00:54:09,54.15
2558,274,11/19/2021,BT02,BT01,2,12:47:13,13:50:49,01:03:36,63.6
2559,1377,11/19/2021,BT01,BT02,1,12:51:41,13:51:45,01:00:04,60.07
2560,250,11/19/2021,BT01,BT02,1,13:01:24,13:56:27,00:55:03,55.05
2561,1358,11/19/2021,BT02,BT01,2,13:10:20,14:06:24,00:56:04,56.07
2562,264,11/19/2021,BT01,BT02,1,13:10:24,14:01:14,00:50:50,50.83
2563,1143,11/19/2021,BT02,BT01,2,13:21:13,14:20:02,00:58:49,58.82
2564,128,11/19/2021,BT01,BT02,1,13:30:19,14:26:10,00:55:51,55.85
2565,116,11/19/2021,BT02,BT01,2,14:00:28,14:53:37,00:53:09,53.15
2566,117,11/19/2021,BT01,BT02,1,14:01:10,14:54:04,00:52:54,52.9
2567,262,11/19/2021,BT01,BT02,1,14:11:37,15:01:14,00:49:37,49.62
2568,279,11/19/2021,BT02,BT01,2,14:18:47,15:18:12,00:59:25,59.42
2569,505,11/19/2021,BT01,BT02,1,14:21:05,15:08:11,00:47:06,47.1
2570,274,11/19/2021,BT01,BT02,1,14:30:00,15:25:22,00:55:22,55.37
2571,1377,11/19/2021,BT02,BT01,2,14:30:20,15:22:49,00:52:29,52.48
2572,250,11/19/2021,BT02,BT01,2,14:41:26,15:35:29,00:54:03,54.05
2573,264,11/19/2021,BT02,BT01,2,14:49:46,15:48:03,00:58:17,58.28
2574,1358,11/19/2021,BT01,BT02,1,14:51:53,15:41:51,00:49:58,49.97
2575,1143,11/19/2021,BT01,BT02,1,15:02:10,15:58:37,00:56:27,56.45
2576,128,11/19/2021,BT02,BT01,2,15:10:30,16:04:43,00:54:13,54.22
2577,123,11/19/2021,BT02,BT01,2,15:17:45,16:12:38,00:54:53,54.88
2578,116,11/19/2021,BT01,BT02,1,15:41:52,16:36:55,00:55:03,55.05
2579,117,11/19/2021,BT02,BT01,2,15:51:03,16:50:50,00:59:47,59.78
2580,262,11/19/2021,BT02,BT01,2,16:00:44,16:55:07,00:54:23,54.38
2581,279,11/19/2021,BT01,BT02,1,16:01:27,17:03:13,01:01:46,61.77
2582,1377,11/19/2021,BT01,BT02,1,16:10:27,17:11:11,01:00:44,60.73
2583,505,11/19/2021,BT02,BT01,2,16:10:45,17:00:42,00:49:57,49.95
2584,274,11/19/2021,BT02,BT01,2,16:21:10,17:14:02,00:52:52,52.87
2585,250,11/19/2021,BT01,BT02,1,16:21:14,17:15:58,00:54:44,54.73
2586,123,11/19/2021,BT01,BT02,1,16:28:40,17:11:38,00:42:58,42.97
2587,1358,11/19/2021,BT02,BT01,2,16:40:19,17:37:29,00:57:10,57.17
2588,264,11/19/2021,BT01,BT02,1,16:41:03,17:27:21,00:46:18,46.3
2589,1143,11/19/2021,BT02,BT01,2,16:50:38,17:50:51,01:00:13,60.22
2590,128,11/19/2021,BT01,BT02,1,17:00:50,17:53:36,00:52:46,52.77
2591,116,11/19/2021,BT02,BT01,2,17:40:51,18:33:44,00:52:53,52.88
2592,505,11/19/2021,BT01,BT02,1,17:51:39,18:38:18,00:46:39,46.65
2593,274,11/19/2021,BT01,BT02,1,17:58:30,18:39:34,00:41:04,41.07
2594,1358,11/19/2021,BT01,BT02,1,18:38:05,19:20:26,00:42:21,42.35
2595,1143,11/19/2021,BT01,BT02,1,19:01:48,19:43:53,00:42:05,42.08
2596,116,11/19/2021,BT01,BT02,1,20:21:15,20:56:38,00:35:23,35.38
2597,1408,11/20/2021,BT02,BT01,2,05:18:54,05:51:34,00:32:40,32.67
2598,505,11/20/2021,BT02,BT01,2,05:30:01,06:07:29,00:37:28,37.47
2599,274,11/20/2021,BT02,BT01,2,05:48:26,06:29:59,00:41:33,41.55
2600,1143,11/20/2021,BT02,BT01,2,06:00:18,06:46:57,00:46:39,46.65
2601,1408,11/20/2021,BT01,BT02,1,06:09:10,06:59:55,00:50:45,50.75
2602,117,11/20/2021,BT01,BT02,1,06:31:24,07:20:33,00:49:09,49.15
2603,279,11/20/2021,BT02,BT01,2,06:39:21,07:29:27,00:50:06,50.1
2604,505,11/20/2021,BT01,BT02,1,06:51:31,07:41:13,00:49:42,49.7
2605,274,11/20/2021,BT01,BT02,1,06:58:22,07:44:15,00:45:53,45.88
2606,1377,11/20/2021,BT02,BT01,2,06:59:33,07:43:45,00:44:12,44.2
2607,294,11/20/2021,BT02,BT01,2,07:05:54,07:53:42,00:47:48,47.8
2608,1143,11/20/2021,BT01,BT02,1,07:10:32,08:01:53,00:51:21,51.35
2609,250,11/20/2021,BT02,BT01,2,07:28:40,08:09:23,00:40:43,40.72
2610,279,11/20/2021,BT01,BT02,1,07:40:30,08:32:35,00:52:05,52.08
2611,264,11/20/2021,BT02,BT01,2,07:40:31,08:27:42,00:47:11,47.18
2612,123,11/20/2021,BT02,BT01,2,07:58:26,08:51:06,00:52:40,52.67
2613,1377,11/20/2021,BT01,BT02,1,07:59:59,08:51:18,00:51:19,51.32
2614,128,11/20/2021,BT02,BT01,2,08:09:37,09:03:46,00:54:09,54.15
2615,294,11/20/2021,BT01,BT02,1,08:10:57,09:01:36,00:50:39,50.65
2616,250,11/20/2021,BT01,BT02,1,08:30:43,09:22:03,00:51:20,51.33
2617,264,11/20/2021,BT01,BT02,1,08:40:27,09:33:51,00:53:24,53.4
2618,1408,11/20/2021,BT02,BT01,2,08:50:37,09:46:39,00:56:02,56.03
2619,117,11/20/2021,BT02,BT01,2,09:10:50,10:04:25,00:53:35,53.58
2620,123,11/20/2021,BT01,BT02,1,09:11:02,10:02:40,00:51:38,51.63
2621,128,11/20/2021,BT01,BT02,1,09:20:53,10:04:02,00:43:09,43.15
2622,505,11/20/2021,BT02,BT01,2,09:29:16,10:19:21,00:50:05,50.08
2623,274,11/20/2021,BT02,BT01,2,09:40:55,10:35:07,00:54:12,54.2
2624,1143,11/20/2021,BT02,BT01,2,09:51:18,10:49:53,00:58:35,58.58
2625,1408,11/20/2021,BT01,BT02,1,10:11:07,11:02:21,00:51:14,51.23
2626,117,11/20/2021,BT01,BT02,1,10:30:32,11:24:22,00:53:50,53.83
2627,279,11/20/2021,BT02,BT01,2,10:30:47,11:29:43,00:58:56,58.93
2628,1377,11/20/2021,BT02,BT01,2,10:46:08,11:46:42,01:00:34,60.57
2629,505,11/20/2021,BT01,BT02,1,10:51:08,11:46:04,00:54:56,54.93
2630,274,11/20/2021,BT01,BT02,1,11:00:03,11:54:40,00:54:37,54.62
2631,294,11/20/2021,BT02,BT01,2,11:00:59,11:56:43,00:55:44,55.73
2632,1143,11/20/2021,BT01,BT02,1,11:12:02,12:06:45,00:54:43,54.72
2633,250,11/20/2021,BT02,BT01,2,11:30:34,12:20:08,00:49:34,49.57
2634,264,11/20/2021,BT02,BT01,2,11:40:03,12:29:50,00:49:47,49.78
2635,279,11/20/2021,BT01,BT02,1,11:51:17,12:48:47,00:57:30,57.5
2636,128,11/20/2021,BT02,BT01,2,12:11:19,13:09:38,00:58:19,58.32
2637,1377,11/20/2021,BT01,BT02,1,12:21:52,13:21:46,00:59:54,59.9
2638,294,11/20/2021,BT01,BT02,1,12:31:48,13:29:27,00:57:39,57.65
2639,1408,11/20/2021,BT02,BT01,2,13:00:20,13:57:32,00:57:12,57.2
2640,250,11/20/2021,BT01,BT02,1,13:01:24,13:52:35,00:51:11,51.18
2641,264,11/20/2021,BT01,BT02,1,13:10:24,14:07:32,00:57:08,57.13
2642,117,11/20/2021,BT02,BT01,2,13:17:06,14:18:13,01:01:07,61.12
2643,505,11/20/2021,BT02,BT01,2,13:40:29,14:27:49,00:47:20,47.33
2644,128,11/20/2021,BT01,BT02,1,13:41:29,14:37:15,00:55:46,55.77
2645,274,11/20/2021,BT02,BT01,2,13:50:38,14:31:37,00:40:59,40.98
2646,1143,11/20/2021,BT02,BT01,2,14:00:05,14:53:45,00:53:40,53.67
2647,1408,11/20/2021,BT01,BT02,1,14:31:22,15:24:21,00:52:59,52.98
2648,279,11/20/2021,BT02,BT01,2,14:41:01,15:33:08,00:52:07,52.12
2649,117,11/20/2021,BT01,BT02,1,14:51:17,15:48:30,00:57:13,57.22
2650,123,11/20/2021,BT02,BT01,2,15:00:43,15:53:38,00:52:55,52.92
2651,505,11/20/2021,BT01,BT02,1,15:10:08,16:04:23,00:54:15,54.25
2652,1377,11/20/2021,BT02,BT01,2,15:13:58,16:07:48,00:53:50,53.83
2653,274,11/20/2021,BT01,BT02,1,15:20:50,16:11:20,00:50:30,50.5
2654,294,11/20/2021,BT02,BT01,2,15:23:03,16:19:00,00:55:57,55.95
2655,1143,11/20/2021,BT01,BT02,1,15:31:27,16:28:32,00:57:05,57.08
2656,250,11/20/2021,BT02,BT01,2,15:51:08,16:39:47,00:48:39,48.65
2657,264,11/20/2021,BT02,BT01,2,16:00:13,16:48:53,00:48:40,48.67
2658,279,11/20/2021,BT01,BT02,1,16:11:05,17:05:08,00:54:03,54.05
2659,123,11/20/2021,BT01,BT02,1,16:19:25,17:01:03,00:41:38,41.63
2660,128,11/20/2021,BT02,BT01,2,16:29:40,17:14:06,00:44:26,44.43
2661,1377,11/20/2021,BT01,BT02,1,16:41:30,17:36:14,00:54:44,54.73
2662,294,11/20/2021,BT01,BT02,1,16:50:36,17:41:48,00:51:12,51.2
2663,1408,11/20/2021,BT02,BT01,2,17:20:24,18:17:46,00:57:22,57.37
2664,250,11/20/2021,BT01,BT02,1,17:21:21,18:11:17,00:49:56,49.93
2665,264,11/20/2021,BT01,BT02,1,17:30:54,18:19:14,00:48:20,48.33
2666,117,11/20/2021,BT02,BT01,2,17:41:57,18:33:54,00:51:57,51.95
2667,128,11/20/2021,BT01,BT02,1,17:51:34,18:38:01,00:46:27,46.45
2668,274,11/20/2021,BT02,BT01,2,18:06:40,18:50:21,00:43:41,43.68
2669,1377,11/20/2021,BT02,BT01,2,18:20:41,19:06:45,00:46:04,46.07
2670,123,11/20/2021,BT01,BT02,1,19:05:30,19:47:00,00:41:30,41.5
2671,1408,11/20/2021,BT01,BT02,1,19:39:40,20:24:49,00:45:09,45.15
2672,274,11/20/2021,BT01,BT02,1,19:58:59,20:42:03,00:43:04,43.07
2673,1377,11/20/2021,BT01,BT02,1,20:34:19,21:17:09,00:42:50,42.83
2674,505,11/21/2021,BT02,BT01,2,05:34:24,06:05:46,00:31:22,31.37
2675,116,11/21/2021,BT02,BT01,2,06:28:04,07:17:25,00:49:21,49.35
2676,117,11/21/2021,BT01,BT02,1,06:30:24,07:23:36,00:53:12,53.2
2677,262,11/21/2021,BT01,BT02,1,06:41:09,07:32:51,00:51:42,51.7
2678,1377,11/21/2021,BT02,BT01,2,06:50:49,07:29:26,00:38:37,38.62
2679,505,11/21/2021,BT01,BT02,1,06:51:46,07:36:48,00:45:02,45.03
2680,250,11/21/2021,BT02,BT01,2,06:59:28,07:45:56,00:46:28,46.47
2681,264,11/21/2021,BT02,BT01,2,07:09:17,07:55:58,00:46:41,46.68
2682,116,11/21/2021,BT01,BT02,1,07:30:10,08:27:30,00:57:20,57.33
2683,1377,11/21/2021,BT01,BT02,1,07:50:51,08:41:38,00:50:47,50.78
2684,250,11/21/2021,BT01,BT02,1,08:00:02,08:50:28,00:50:26,50.43
2685,128,11/21/2021,BT02,BT01,2,08:01:35,08:51:55,00:50:20,50.33
2686,264,11/21/2021,BT01,BT02,1,08:16:55,09:01:28,00:44:33,44.55
2687,1358,11/21/2021,BT02,BT01,2,08:21:17,09:15:35,00:54:18,54.3
2688,117,11/21/2021,BT02,BT01,2,09:00:17,09:52:03,00:51:46,51.77
2689,262,11/21/2021,BT02,BT01,2,09:09:02,10:04:16,00:55:14,55.23
2690,128,11/21/2021,BT01,BT02,1,09:11:03,10:00:43,00:49:40,49.67
2691,1358,11/21/2021,BT01,BT02,1,09:30:48,10:31:47,01:00:59,60.98
2692,117,11/21/2021,BT01,BT02,1,10:18:30,11:16:49,00:58:19,58.32
2693,262,11/21/2021,BT01,BT02,1,10:30:54,11:22:21,00:51:27,51.45
2694,128,11/21/2021,BT02,BT01,2,12:29:10,13:19:25,00:50:15,50.25
2695,1377,11/21/2021,BT02,BT01,2,12:40:51,13:33:46,00:52:55,52.92
2696,1358,11/21/2021,BT02,BT01,2,12:51:23,13:47:27,00:56:04,56.07
2697,117,11/21/2021,BT02,BT01,2,13:13:45,14:03:35,00:49:50,49.83
2698,262,11/21/2021,BT02,BT01,2,13:30:30,14:22:07,00:51:37,51.62
2699,128,11/21/2021,BT01,BT02,1,13:30:56,14:17:34,00:46:38,46.63
2700,1377,11/21/2021,BT01,BT02,1,13:50:01,14:33:44,00:43:43,43.72
2701,1358,11/21/2021,BT01,BT02,1,14:10:07,14:57:47,00:47:40,47.67
2702,128,11/21/2021,BT02,BT01,2,14:33:40,15:24:07,00:50:27,50.45
2703,117,11/21/2021,BT01,BT02,1,14:47:37,15:36:12,00:48:35,48.58
2704,1377,11/21/2021,BT02,BT01,2,15:08:10,15:57:48,00:49:38,49.63
2705,262,11/21/2021,BT01,BT02,1,15:11:59,16:01:30,00:49:31,49.52
2706,1358,11/21/2021,BT02,BT01,2,15:28:11,16:19:51,00:51:40,51.67
2707,128,11/21/2021,BT01,BT02,1,15:38:44,16:38:14,00:59:30,59.5
2708,117,11/21/2021,BT02,BT01,2,16:10:21,17:05:30,00:55:09,55.15
2709,1377,11/21/2021,BT01,BT02,1,16:23:17,17:14:16,00:50:59,50.98
2710,262,11/21/2021,BT02,BT01,2,16:24:08,17:15:51,00:51:43,51.72
2711,1358,11/21/2021,BT01,BT02,1,16:42:58,17:27:44,00:44:46,44.77
2712,128,11/21/2021,BT02,BT01,2,16:53:34,17:54:06,01:00:32,60.53
2713,262,11/21/2021,BT01,BT02,1,17:35:34,18:17:57,00:42:23,42.38
2714,1377,11/21/2021,BT02,BT01,2,17:40:16,18:24:44,00:44:28,44.47
2715,262,11/21/2021,BT02,BT01,2,18:25:02,19:04:26,00:39:24,39.4
2716,128,11/21/2021,BT01,BT02,1,18:52:42,19:44:23,00:51:41,51.68
2717,1377,11/21/2021,BT01,BT02,1,19:21:20,20:01:24,00:40:04,40.07
2718,262,11/21/2021,BT01,BT02,1,19:42:45,20:20:08,00:37:23,37.38
2719,1408,11/22/2021,BT02,BT01,2,05:10:07,05:42:04,00:31:57,31.95
2720,274,11/22/2021,BT02,BT01,2,05:31:26,06:08:53,00:37:27,37.45
2721,279,11/22/2021,BT02,BT01,2,06:20:38,07:26:37,01:05:59,65.98
2722,262,11/22/2021,BT01,BT02,1,06:21:29,07:18:20,00:56:51,56.85
2723,116,11/22/2021,BT02,BT01,2,06:30:47,07:33:53,01:03:06,63.1
2724,1408,11/22/2021,BT01,BT02,1,06:40:53,07:39:59,00:59:06,59.1
2725,1377,11/22/2021,BT02,BT01,2,06:50:14,07:39:58,00:49:44,49.73
2726,274,11/22/2021,BT01,BT02,1,06:51:32,07:52:50,01:01:18,61.3
2727,294,11/22/2021,BT02,BT01,2,07:00:18,07:49:38,00:49:20,49.33
2728,264,11/22/2021,BT02,BT01,2,07:06:57,07:54:55,00:47:58,47.97
2729,123,11/22/2021,BT02,BT01,2,07:38:15,08:25:10,00:46:55,46.92
2730,279,11/22/2021,BT01,BT02,1,07:39:32,08:27:36,00:48:04,48.07
2731,116,11/22/2021,BT01,BT02,1,07:50:53,08:40:15,00:49:22,49.37
2732,1143,11/22/2021,BT02,BT01,2,08:00:15,08:52:41,00:52:26,52.43
2733,1377,11/22/2021,BT01,BT02,1,08:10:42,09:01:09,00:50:27,50.45
2734,294,11/22/2021,BT01,BT02,1,08:19:53,09:09:31,00:49:38,49.63
2735,264,11/22/2021,BT01,BT02,1,08:29:18,09:17:47,00:48:29,48.48
2736,1358,11/22/2021,BT02,BT01,2,08:30:43,09:21:31,00:50:48,50.8
2737,123,11/22/2021,BT01,BT02,1,08:49:56,09:41:49,00:51:53,51.88
2738,262,11/22/2021,BT02,BT01,2,08:50:39,09:43:58,00:53:19,53.32
2739,1408,11/22/2021,BT02,BT01,2,09:10:31,10:05:24,00:54:53,54.88
2740,1143,11/22/2021,BT01,BT02,1,09:11:12,10:01:01,00:49:49,49.82
2741,274,11/22/2021,BT02,BT01,2,09:29:43,10:24:11,00:54:28,54.47
2742,1358,11/22/2021,BT01,BT02,1,09:41:41,10:37:13,00:55:32,55.53
2743,262,11/22/2021,BT01,BT02,1,10:01:24,10:53:28,00:52:04,52.07
2744,279,11/22/2021,BT02,BT01,2,10:11:16,11:02:51,00:51:35,51.58
2745,116,11/22/2021,BT02,BT01,2,10:19:33,11:10:39,00:51:06,51.1
2746,1408,11/22/2021,BT01,BT02,1,10:20:13,11:09:55,00:49:42,49.7
2747,274,11/22/2021,BT01,BT02,1,10:39:27,11:35:09,00:55:42,55.7
2748,1377,11/22/2021,BT02,BT01,2,10:40:09,11:36:57,00:56:48,56.8
2749,294,11/22/2021,BT02,BT01,2,10:50:38,11:43:22,00:52:44,52.73
2750,264,11/22/2021,BT02,BT01,2,11:10:55,12:05:47,00:54:52,54.87
2751,123,11/22/2021,BT02,BT01,2,11:20:49,12:17:04,00:56:15,56.25
2752,279,11/22/2021,BT01,BT02,1,11:21:07,12:17:07,00:56:00,56
2753,1143,11/22/2021,BT02,BT01,2,11:29:54,12:25:48,00:55:54,55.9
2754,116,11/22/2021,BT01,BT02,1,11:32:00,12:33:48,01:01:48,61.8
2755,1377,11/22/2021,BT01,BT02,1,11:51:27,12:45:57,00:54:30,54.5
2756,1358,11/22/2021,BT02,BT01,2,12:00:26,12:50:59,00:50:33,50.55
2757,294,11/22/2021,BT01,BT02,1,12:00:54,13:00:19,00:59:25,59.42
2758,262,11/22/2021,BT02,BT01,2,12:20:28,13:16:01,00:55:33,55.55
2759,264,11/22/2021,BT01,BT02,1,12:20:43,13:20:31,00:59:48,59.8
2760,123,11/22/2021,BT01,BT02,1,12:30:47,13:35:59,01:05:12,65.2
2761,1408,11/22/2021,BT02,BT01,2,12:40:35,13:36:20,00:55:45,55.75
2762,1143,11/22/2021,BT01,BT02,1,12:41:47,13:42:40,01:00:53,60.88
2763,274,11/22/2021,BT02,BT01,2,12:49:40,13:52:34,01:02:54,62.9
2764,1358,11/22/2021,BT01,BT02,1,13:11:17,14:05:35,00:54:18,54.3
2765,279,11/22/2021,BT02,BT01,2,13:17:29,14:18:46,01:01:17,61.28
2766,116,11/22/2021,BT02,BT01,2,13:30:33,14:27:00,00:56:27,56.45
2767,262,11/22/2021,BT01,BT02,1,13:30:35,14:36:08,01:05:33,65.55
2768,1377,11/22/2021,BT02,BT01,2,13:49:54,14:47:30,00:57:36,57.6
2769,1408,11/22/2021,BT01,BT02,1,13:50:44,14:52:43,01:01:59,61.98
2770,294,11/22/2021,BT02,BT01,2,13:59:34,14:51:22,00:51:48,51.8
2771,274,11/22/2021,BT01,BT02,1,14:08:34,15:07:00,00:58:26,58.43
2772,264,11/22/2021,BT02,BT01,2,14:10:52,15:02:22,00:51:30,51.5
2773,1143,11/22/2021,BT02,BT01,2,14:31:24,15:22:31,00:51:07,51.12
2774,279,11/22/2021,BT01,BT02,1,14:38:34,15:30:14,00:51:40,51.67
2775,116,11/22/2021,BT01,BT02,1,14:51:14,15:42:47,00:51:33,51.55
2776,1358,11/22/2021,BT02,BT01,2,15:00:24,15:54:04,00:53:40,53.67
2777,1377,11/22/2021,BT01,BT02,1,15:11:27,16:06:41,00:55:14,55.23
2778,262,11/22/2021,BT02,BT01,2,15:19:13,16:13:59,00:54:46,54.77
2779,294,11/22/2021,BT01,BT02,1,15:22:01,16:12:38,00:50:37,50.62
2780,264,11/22/2021,BT01,BT02,1,15:31:06,16:14:44,00:43:38,43.63
2781,1408,11/22/2021,BT02,BT01,2,15:39:42,16:29:49,00:50:07,50.12
2782,274,11/22/2021,BT02,BT01,2,15:49:52,16:45:18,00:55:26,55.43
2783,1143,11/22/2021,BT01,BT02,1,15:51:30,16:46:38,00:55:08,55.13
2784,279,11/22/2021,BT02,BT01,2,16:21:08,17:15:44,00:54:36,54.6
2785,1358,11/22/2021,BT01,BT02,1,16:21:30,17:12:52,00:51:22,51.37
2786,262,11/22/2021,BT01,BT02,1,16:41:24,17:33:21,00:51:57,51.95
2787,116,11/22/2021,BT02,BT01,2,16:41:44,17:34:15,00:52:31,52.52
2788,1377,11/22/2021,BT02,BT01,2,17:00:16,17:54:17,00:54:01,54.02
2789,1408,11/22/2021,BT01,BT02,1,17:01:22,17:51:34,00:50:12,50.2
2790,294,11/22/2021,BT02,BT01,2,17:12:46,18:06:48,00:54:02,54.03
2791,274,11/22/2021,BT01,BT02,1,17:20:55,18:10:58,00:50:03,50.05
2792,262,11/22/2021,BT02,BT01,2,18:00:28,18:45:12,00:44:44,44.73
2793,279,11/22/2021,BT01,BT02,1,18:09:49,18:52:27,00:42:38,42.63
2794,116,11/22/2021,BT01,BT02,1,18:22:11,19:04:17,00:42:06,42.1
2795,1377,11/22/2021,BT01,BT02,1,19:23:05,20:03:26,00:40:21,40.35
2796,123,11/22/2021,BT01,BT02,1,19:34:32,20:39:24,01:04:52,64.87
2797,294,11/22/2021,BT01,BT02,1,19:48:57,20:29:33,00:40:36,40.6
2798,1408,11/23/2021,BT02,BT01,2,05:18:18,05:53:12,00:34:54,34.9
2799,505,11/23/2021,BT02,BT01,2,05:31:32,06:07:56,00:36:24,36.4
2800,274,11/23/2021,BT02,BT01,2,05:46:38,06:24:59,00:38:21,38.35
2801,279,11/23/2021,BT02,BT01,2,06:10:32,07:11:51,01:01:19,61.32
2802,117,11/23/2021,BT01,BT02,1,06:11:02,07:06:29,00:55:27,55.45
2803,262,11/23/2021,BT01,BT02,1,06:21:02,07:16:46,00:55:44,55.73
2804,116,11/23/2021,BT02,BT01,2,06:22:37,07:29:08,01:06:31,66.52
2805,294,11/23/2021,BT02,BT01,2,06:40:31,07:36:34,00:56:03,56.05
2806,1408,11/23/2021,BT01,BT02,1,06:40:51,07:44:17,01:03:26,63.43
2807,250,11/23/2021,BT02,BT01,2,06:50:12,07:42:28,00:52:16,52.27
2808,505,11/23/2021,BT01,BT02,1,06:50:52,07:51:48,01:00:56,60.93
2809,274,11/23/2021,BT01,BT02,1,06:59:16,07:59:00,00:59:44,59.73
2810,128,11/23/2021,BT02,BT01,2,06:59:44,07:48:38,00:48:54,48.9
2811,123,11/23/2021,BT02,BT01,2,07:23:28,08:07:25,00:43:57,43.95
2812,279,11/23/2021,BT01,BT02,1,07:30:32,08:19:45,00:49:13,49.22
2813,116,11/23/2021,BT01,BT02,1,07:39:38,08:30:20,00:50:42,50.7
2814,294,11/23/2021,BT01,BT02,1,07:50:39,08:40:51,00:50:12,50.2
2815,1143,11/23/2021,BT02,BT01,2,07:51:53,08:39:08,00:47:15,47.25
2816,250,11/23/2021,BT01,BT02,1,07:59:58,08:40:51,00:40:53,40.88
2817,128,11/23/2021,BT01,BT02,1,08:09:19,09:00:03,00:50:44,50.73
2818,1358,11/23/2021,BT02,BT01,2,08:30:24,09:22:24,00:52:00,52
2819,123,11/23/2021,BT01,BT02,1,08:30:43,09:22:36,00:51:53,51.88
2820,117,11/23/2021,BT02,BT01,2,08:40:04,09:31:50,00:51:46,51.77
2821,262,11/23/2021,BT02,BT01,2,08:52:09,09:44:32,00:52:23,52.38
2822,1143,11/23/2021,BT01,BT02,1,09:01:54,09:50:15,00:48:21,48.35
2823,1408,11/23/2021,BT02,BT01,2,09:10:50,10:04:40,00:53:50,53.83
2824,505,11/23/2021,BT02,BT01,2,09:20:44,10:13:43,00:52:59,52.98
2825,274,11/23/2021,BT02,BT01,2,09:28:44,10:26:11,00:57:27,57.45
2826,1358,11/23/2021,BT01,BT02,1,09:41:48,10:39:47,00:57:59,57.98
2827,279,11/23/2021,BT02,BT01,2,09:50:36,10:49:27,00:58:51,58.85
2828,117,11/23/2021,BT01,BT02,1,09:52:21,10:45:44,00:53:23,53.38
2829,116,11/23/2021,BT02,BT01,2,10:00:48,10:53:36,00:52:48,52.8
2830,262,11/23/2021,BT01,BT02,1,10:01:19,10:54:36,00:53:17,53.28
2831,294,11/23/2021,BT02,BT01,2,10:10:37,11:05:14,00:54:37,54.62
2832,1408,11/23/2021,BT01,BT02,1,10:21:07,11:13:56,00:52:49,52.82
2833,250,11/23/2021,BT02,BT01,2,10:27:51,11:22:03,00:54:12,54.2
2834,505,11/23/2021,BT01,BT02,1,10:31:12,11:19:05,00:47:53,47.88
2835,274,11/23/2021,BT01,BT02,1,10:40:15,11:33:11,00:52:56,52.93
2836,128,11/23/2021,BT02,BT01,2,10:48:55,11:45:13,00:56:18,56.3
2837,279,11/23/2021,BT01,BT02,1,11:00:46,12:00:00,00:59:14,59.23
2838,116,11/23/2021,BT01,BT02,1,11:10:19,12:03:31,00:53:12,53.2
2839,294,11/23/2021,BT01,BT02,1,11:20:58,12:17:52,00:56:54,56.9
2840,123,11/23/2021,BT02,BT01,2,11:30:38,12:29:14,00:58:36,58.6
2841,250,11/23/2021,BT01,BT02,1,11:35:30,12:38:35,01:03:05,63.08
2842,1143,11/23/2021,BT02,BT01,2,11:45:58,12:45:26,00:59:28,59.47
2843,128,11/23/2021,BT01,BT02,1,12:11:01,13:04:58,00:53:57,53.95
2844,123,11/23/2021,BT01,BT02,1,12:40:40,13:49:23,01:08:43,68.72
2845,1358,11/23/2021,BT02,BT01,2,12:40:46,13:43:25,01:02:39,62.65
2846,117,11/23/2021,BT02,BT01,2,12:49:02,13:50:49,01:01:47,61.78
2847,262,11/23/2021,BT02,BT01,2,12:59:56,14:03:14,01:03:18,63.3
2848,1143,11/23/2021,BT01,BT02,1,13:00:04,13:56:38,00:56:34,56.57
2849,1408,11/23/2021,BT02,BT01,2,13:20:36,14:21:15,01:00:39,60.65
2850,505,11/23/2021,BT02,BT01,2,13:30:32,14:23:21,00:52:49,52.82
2851,274,11/23/2021,BT02,BT01,2,13:40:01,14:32:28,00:52:27,52.45
2852,279,11/23/2021,BT02,BT01,2,14:00:37,14:56:48,00:56:11,56.18
2853,116,11/23/2021,BT02,BT01,2,14:10:33,14:58:18,00:47:45,47.75
2854,1358,11/23/2021,BT01,BT02,1,14:17:31,15:05:33,00:48:02,48.03
2855,294,11/23/2021,BT02,BT01,2,14:20:56,15:09:50,00:48:54,48.9
2856,117,11/23/2021,BT01,BT02,1,14:29:59,15:20:18,00:50:19,50.32
2857,250,11/23/2021,BT02,BT01,2,14:30:41,15:19:35,00:48:54,48.9
2858,262,11/23/2021,BT01,BT02,1,14:40:45,15:25:00,00:44:15,44.25
2859,128,11/23/2021,BT02,BT01,2,14:49:45,15:45:16,00:55:31,55.52
2860,1408,11/23/2021,BT01,BT02,1,15:01:00,15:52:47,00:51:47,51.78
2861,123,11/23/2021,BT02,BT01,2,15:10:51,16:05:35,00:54:44,54.73
2862,505,11/23/2021,BT01,BT02,1,15:11:10,15:56:59,00:45:49,45.82
2863,1143,11/23/2021,BT02,BT01,2,15:19:29,16:18:45,00:59:16,59.27
2864,274,11/23/2021,BT01,BT02,1,15:20:16,16:11:21,00:51:05,51.08
2865,279,11/23/2021,BT01,BT02,1,15:41:28,16:38:56,00:57:28,57.47
2866,116,11/23/2021,BT01,BT02,1,15:51:09,16:46:41,00:55:32,55.53
2867,1358,11/23/2021,BT02,BT01,2,15:58:58,16:50:50,00:51:52,51.87
2868,294,11/23/2021,BT01,BT02,1,16:00:42,16:55:31,00:54:49,54.82
2869,117,11/23/2021,BT02,BT01,2,16:10:19,17:01:58,00:51:39,51.65
2870,250,11/23/2021,BT01,BT02,1,16:10:49,17:04:21,00:53:32,53.53
2871,262,11/23/2021,BT02,BT01,2,16:21:05,17:16:24,00:55:19,55.32
2872,128,11/23/2021,BT01,BT02,1,16:31:03,17:25:25,00:54:22,54.37
2873,1408,11/23/2021,BT02,BT01,2,16:40:34,17:37:16,00:56:42,56.7
2874,123,11/23/2021,BT01,BT02,1,16:49:54,17:48:58,00:59:04,59.07
2875,505,11/23/2021,BT02,BT01,2,16:50:00,17:45:05,00:55:05,55.08
2876,274,11/23/2021,BT02,BT01,2,16:59:27,17:57:36,00:58:09,58.15
2877,1143,11/23/2021,BT01,BT02,1,17:02:42,17:51:17,00:48:35,48.58
2878,279,11/23/2021,BT02,BT01,2,17:20:01,18:17:19,00:57:18,57.3
2879,116,11/23/2021,BT02,BT01,2,17:29:50,18:18:51,00:49:01,49.02
2880,294,11/23/2021,BT02,BT01,2,17:40:48,18:35:41,00:54:53,54.88
2881,250,11/23/2021,BT02,BT01,2,17:47:20,18:40:40,00:53:20,53.33
2882,1358,11/23/2021,BT01,BT02,1,17:51:30,18:42:14,00:50:44,50.73
2883,262,11/23/2021,BT01,BT02,1,18:04:02,18:52:50,00:48:48,48.8
2884,128,11/23/2021,BT02,BT01,2,18:19:25,19:15:18,00:55:53,55.88
2885,1408,11/23/2021,BT01,BT02,1,18:48:03,19:34:23,00:46:20,46.33
2886,505,11/23/2021,BT01,BT02,1,19:06:44,19:47:04,00:40:20,40.33
2887,274,11/23/2021,BT01,BT02,1,19:27:03,20:07:25,00:40:22,40.37
2888,128,11/23/2021,BT01,BT02,1,19:49:09,20:35:50,00:46:41,46.68
2889,123,11/23/2021,BT01,BT02,1,20:32:04,21:29:55,00:57:51,57.85
2890,279,11/23/2021,BT01,BT02,1,20:35:23,21:12:04,00:36:41,36.68
2891,116,11/23/2021,BT01,BT02,1,20:53:34,21:23:33,00:29:59,29.98
2892,505,11/24/2021,BT02,BT01,2,05:31:42,06:06:32,00:34:50,34.83
2893,274,11/24/2021,BT02,BT01,2,05:50:06,06:35:51,00:45:45,45.75
2894,116,11/24/2021,BT02,BT01,2,05:59:51,06:50:28,00:50:37,50.62
2895,262,11/24/2021,BT01,BT02,1,06:10:32,07:02:53,00:52:21,52.35
2896,1377,11/24/2021,BT02,BT01,2,06:39:44,07:37:46,00:58:02,58.03
2897,117,11/24/2021,BT01,BT02,1,06:49:57,07:48:43,00:58:46,58.77
2898,250,11/24/2021,BT02,BT01,2,06:50:24,07:43:28,00:53:04,53.07
2899,264,11/24/2021,BT02,BT01,2,06:57:46,07:52:43,00:54:57,54.95
2900,505,11/24/2021,BT01,BT02,1,07:00:48,08:02:32,01:01:44,61.73
2901,274,11/24/2021,BT01,BT02,1,07:08:50,08:15:57,01:07:07,67.12
2902,116,11/24/2021,BT01,BT02,1,07:21:19,08:21:27,01:00:08,60.13
2903,123,11/24/2021,BT02,BT01,2,07:23:29,08:18:05,00:54:36,54.6
2904,1358,11/24/2021,BT02,BT01,2,07:50:34,08:43:32,00:52:58,52.97
2905,1377,11/24/2021,BT01,BT02,1,07:50:46,08:45:22,00:54:36,54.6
2906,1143,11/24/2021,BT02,BT01,2,07:59:34,08:47:53,00:48:19,48.32
2907,250,11/24/2021,BT01,BT02,1,08:01:12,08:51:04,00:49:52,49.87
2908,264,11/24/2021,BT01,BT02,1,08:20:10,09:08:51,00:48:41,48.68
2909,513,11/24/2021,BT02,BT01,2,08:30:29,09:27:26,00:56:57,56.95
2910,123,11/24/2021,BT01,BT02,1,08:30:41,09:24:30,00:53:49,53.82
2911,117,11/24/2021,BT02,BT01,2,09:00:15,09:50:32,00:50:17,50.28
2912,1358,11/24/2021,BT01,BT02,1,09:02:24,09:51:48,00:49:24,49.4
2913,505,11/24/2021,BT02,BT01,2,09:09:25,10:02:31,00:53:06,53.1
2914,128,11/24/2021,BT01,BT02,1,09:11:02,10:07:37,00:56:35,56.58
2915,274,11/24/2021,BT02,BT01,2,09:20:09,10:20:45,01:00:36,60.6
2916,1143,11/24/2021,BT01,BT02,1,09:29:50,10:19:27,00:49:37,49.62
2917,116,11/24/2021,BT02,BT01,2,09:31:00,10:25:40,00:54:40,54.67
2918,1377,11/24/2021,BT02,BT01,2,09:50:46,10:47:15,00:56:29,56.48
2919,250,11/24/2021,BT02,BT01,2,10:00:48,10:50:56,00:50:08,50.13
2920,513,11/24/2021,BT01,BT02,1,10:01:18,10:53:31,00:52:13,52.22
2921,264,11/24/2021,BT02,BT01,2,10:09:56,11:02:03,00:52:07,52.12
2922,128,11/24/2021,BT02,BT01,2,10:20:41,11:16:28,00:55:47,55.78
2923,117,11/24/2021,BT01,BT02,1,10:21:08,11:13:02,00:51:54,51.9
2924,123,11/24/2021,BT02,BT01,2,10:29:00,11:23:16,00:54:16,54.27
2925,505,11/24/2021,BT01,BT02,1,10:30:36,11:14:08,00:43:32,43.53
2926,274,11/24/2021,BT01,BT02,1,10:40:52,11:39:33,00:58:41,58.68
2927,1358,11/24/2021,BT02,BT01,2,10:51:08,11:46:20,00:55:12,55.2
2928,116,11/24/2021,BT01,BT02,1,10:51:11,11:42:37,00:51:26,51.43
2929,1143,11/24/2021,BT02,BT01,2,11:01:09,11:51:36,00:50:27,50.45
2930,1377,11/24/2021,BT01,BT02,1,11:11:40,12:09:27,00:57:47,57.78
2931,250,11/24/2021,BT01,BT02,1,11:21:27,12:19:17,00:57:50,57.83
2932,513,11/24/2021,BT02,BT01,2,11:30:48,12:25:54,00:55:06,55.1
2933,264,11/24/2021,BT01,BT02,1,11:31:00,12:29:54,00:58:54,58.9
2934,128,11/24/2021,BT01,BT02,1,11:41:22,12:38:35,00:57:13,57.22
2935,117,11/24/2021,BT02,BT01,2,11:50:42,12:50:33,00:59:51,59.85
2936,505,11/24/2021,BT02,BT01,2,12:00:46,12:56:00,00:55:14,55.23
2937,123,11/24/2021,BT01,BT02,1,12:02:12,13:04:18,01:02:06,62.1
2938,274,11/24/2021,BT02,BT01,2,12:10:22,13:06:14,00:55:52,55.87
2939,116,11/24/2021,BT02,BT01,2,12:20:29,13:21:24,01:00:55,60.92
2940,1358,11/24/2021,BT01,BT02,1,12:21:53,13:21:58,01:00:05,60.08
2941,1143,11/24/2021,BT01,BT02,1,12:31:45,13:35:16,01:03:31,63.52
2942,1377,11/24/2021,BT02,BT01,2,12:50:39,13:50:11,00:59:32,59.53
2943,250,11/24/2021,BT02,BT01,2,13:00:47,14:00:11,00:59:24,59.4
2944,264,11/24/2021,BT02,BT01,2,13:10:43,14:10:54,01:00:11,60.18
2945,117,11/24/2021,BT01,BT02,1,13:20:10,14:23:57,01:03:47,63.78
2946,128,11/24/2021,BT02,BT01,2,13:21:35,14:19:43,00:58:08,58.13
2947,505,11/24/2021,BT01,BT02,1,13:30:09,14:29:12,00:59:03,59.05
2948,123,11/24/2021,BT02,BT01,2,13:30:11,14:21:25,00:51:14,51.23
2949,274,11/24/2021,BT01,BT02,1,13:40:09,14:43:07,01:02:58,62.97
2950,116,11/24/2021,BT01,BT02,1,13:51:37,14:44:30,00:52:53,52.88
2951,1143,11/24/2021,BT02,BT01,2,14:01:05,14:54:38,00:53:33,53.55
2952,1377,11/24/2021,BT01,BT02,1,14:11:48,15:05:41,00:53:53,53.88
2953,250,11/24/2021,BT01,BT02,1,14:20:53,15:07:37,00:46:44,46.73
2954,264,11/24/2021,BT01,BT02,1,14:31:16,15:20:52,00:49:36,49.6
2955,128,11/24/2021,BT01,BT02,1,14:40:55,15:29:54,00:48:59,48.98
2956,117,11/24/2021,BT02,BT01,2,14:49:59,15:40:48,00:50:49,50.82
2957,123,11/24/2021,BT01,BT02,1,14:51:47,15:41:33,00:49:46,49.77
2958,505,11/24/2021,BT02,BT01,2,14:59:39,15:52:39,00:53:00,53
2959,1143,11/24/2021,BT01,BT02,1,15:10:49,16:02:25,00:51:36,51.6
2960,1358,11/24/2021,BT02,BT01,2,15:10:57,16:08:18,00:57:21,57.35
2961,274,11/24/2021,BT02,BT01,2,15:19:19,16:12:50,00:53:31,53.52
2962,116,11/24/2021,BT02,BT01,2,15:29:42,16:19:26,00:49:44,49.73
2963,1377,11/24/2021,BT02,BT01,2,15:50:08,16:35:01,00:44:53,44.88
2964,250,11/24/2021,BT02,BT01,2,15:59:31,16:51:09,00:51:38,51.63
2965,117,11/24/2021,BT01,BT02,1,16:01:32,16:55:56,00:54:24,54.4
2966,264,11/24/2021,BT02,BT01,2,16:09:26,17:06:45,00:57:19,57.32
2967,505,11/24/2021,BT01,BT02,1,16:11:02,17:04:21,00:53:19,53.32
2968,1358,11/24/2021,BT01,BT02,1,16:20:09,17:13:30,00:53:21,53.35
2969,128,11/24/2021,BT02,BT01,2,16:20:42,17:19:49,00:59:07,59.12
2970,123,11/24/2021,BT02,BT01,2,16:30:06,17:21:46,00:51:40,51.67
2971,274,11/24/2021,BT01,BT02,1,16:30:41,17:29:41,00:59:00,59
2972,116,11/24/2021,BT01,BT02,1,16:39:26,17:30:42,00:51:16,51.27
2973,1143,11/24/2021,BT02,BT01,2,16:49:49,17:48:13,00:58:24,58.4
2974,1377,11/24/2021,BT01,BT02,1,17:00:57,17:50:57,00:50:00,50
2975,250,11/24/2021,BT01,BT02,1,17:11:32,17:56:46,00:45:14,45.23
2976,264,11/24/2021,BT01,BT02,1,17:18:45,18:02:54,00:44:09,44.15
2977,117,11/24/2021,BT02,BT01,2,17:41:11,18:37:14,00:56:03,56.05
2978,128,11/24/2021,BT01,BT02,1,17:44:31,18:37:01,00:52:30,52.5
2979,274,11/24/2021,BT02,BT01,2,17:51:25,18:47:38,00:56:13,56.22
2980,123,11/24/2021,BT01,BT02,1,17:57:33,18:40:29,00:42:56,42.93
2981,1143,11/24/2021,BT01,BT02,1,18:47:31,19:32:17,00:44:46,44.77
2982,274,11/24/2021,BT01,BT02,1,21:02:48,21:33:46,00:30:58,30.97
2983,505,11/25/2021,BT02,BT01,2,05:30:49,06:07:54,00:37:05,37.08
2984,274,11/25/2021,BT02,BT01,2,05:50:38,06:38:01,00:47:23,47.38
2985,279,11/25/2021,BT02,BT01,2,06:01:06,06:51:03,00:49:57,49.95
2986,1410,11/25/2021,BT01,BT02,1,06:10:55,07:08:01,00:57:06,57.1
2987,1408,11/25/2021,BT01,BT02,1,06:20:49,07:16:15,00:55:26,55.43
2988,1377,11/25/2021,BT02,BT01,2,06:38:56,07:41:10,01:02:14,62.23
2989,117,11/25/2021,BT01,BT02,1,06:40:34,07:42:47,01:02:13,62.22
2990,294,11/25/2021,BT02,BT01,2,06:46:28,07:43:32,00:57:04,57.07
2991,505,11/25/2021,BT01,BT02,1,06:50:35,07:50:22,00:59:47,59.78
2992,274,11/25/2021,BT01,BT02,1,06:59:36,08:01:59,01:02:23,62.38
2993,264,11/25/2021,BT02,BT01,2,07:01:05,07:54:33,00:53:28,53.47
2994,1358,11/25/2021,BT01,BT02,1,07:03:52,08:07:19,01:03:27,63.45
2995,279,11/25/2021,BT01,BT02,1,07:11:32,08:10:42,00:59:10,59.17
2996,250,11/25/2021,BT02,BT01,2,07:21:26,08:04:18,00:42:52,42.87
2997,128,11/25/2021,BT02,BT01,2,07:26:07,08:18:57,00:52:50,52.83
2998,123,11/25/2021,BT02,BT01,2,07:39:22,08:31:17,00:51:55,51.92
2999,1143,11/25/2021,BT02,BT01,2,08:00:33,08:48:20,00:47:47,47.78
3000,1377,11/25/2021,BT01,BT02,1,08:01:10,08:53:02,00:51:52,51.87
3001,264,11/25/2021,BT01,BT02,1,08:21:01,09:06:08,00:45:07,45.12
3002,250,11/25/2021,BT01,BT02,1,08:39:57,09:29:42,00:49:45,49.75
3003,128,11/25/2021,BT01,BT02,1,08:49:43,09:41:29,00:51:46,51.77
3004,1410,11/25/2021,BT02,BT01,2,08:50:51,09:42:56,00:52:05,52.08
3005,1408,11/25/2021,BT02,BT01,2,09:00:05,09:55:09,00:55:04,55.07
3006,123,11/25/2021,BT01,BT02,1,09:00:40,09:55:34,00:54:54,54.9
3007,117,11/25/2021,BT02,BT01,2,09:20:42,10:19:03,00:58:21,58.35
3008,1143,11/25/2021,BT01,BT02,1,09:20:45,10:14:47,00:54:02,54.03
3009,505,11/25/2021,BT02,BT01,2,09:29:40,10:26:16,00:56:36,56.6
3010,274,11/25/2021,BT02,BT01,2,09:40:33,10:37:45,00:57:12,57.2
3011,279,11/25/2021,BT02,BT01,2,09:50:55,10:49:14,00:58:19,58.32
3012,1410,11/25/2021,BT01,BT02,1,10:01:35,10:56:35,00:55:00,55
3013,1408,11/25/2021,BT01,BT02,1,10:10:52,11:08:32,00:57:40,57.67
3014,1377,11/25/2021,BT02,BT01,2,10:20:16,11:17:46,00:57:30,57.5
3015,294,11/25/2021,BT02,BT01,2,10:28:25,11:23:40,00:55:15,55.25
3016,117,11/25/2021,BT01,BT02,1,10:30:56,11:21:38,00:50:42,50.7
3017,264,11/25/2021,BT02,BT01,2,10:40:36,11:36:18,00:55:42,55.7
3018,505,11/25/2021,BT01,BT02,1,10:40:55,11:31:48,00:50:53,50.88
3019,274,11/25/2021,BT01,BT02,1,10:48:43,11:39:35,00:50:52,50.87
3020,250,11/25/2021,BT02,BT01,2,11:01:00,11:56:12,00:55:12,55.2
3021,128,11/25/2021,BT02,BT01,2,11:11:18,12:27:50,01:16:32,76.53
3022,279,11/25/2021,BT01,BT02,1,11:11:47,12:10:11,00:58:24,58.4
3023,1143,11/25/2021,BT02,BT01,2,11:40:46,12:56:11,01:15:25,75.42
3024,1377,11/25/2021,BT01,BT02,1,11:40:58,12:41:59,01:01:01,61.02
3025,294,11/25/2021,BT01,BT02,1,11:51:28,12:55:20,01:03:52,63.87
3026,264,11/25/2021,BT01,BT02,1,12:00:03,13:12:13,01:12:10,72.17
3027,1410,11/25/2021,BT02,BT01,2,12:11:12,13:15:15,01:04:03,64.05
3028,1408,11/25/2021,BT02,BT01,2,12:20:04,13:20:18,01:00:14,60.23
3029,250,11/25/2021,BT01,BT02,1,12:23:47,13:33:29,01:09:42,69.7
3030,128,11/25/2021,BT01,BT02,1,12:38:54,13:51:22,01:12:28,72.47
3031,117,11/25/2021,BT02,BT01,2,12:39:43,13:43:24,01:03:41,63.68
3032,505,11/25/2021,BT02,BT01,2,12:50:38,13:57:49,01:07:11,67.18
3033,274,11/25/2021,BT02,BT01,2,12:58:30,14:04:27,01:05:57,65.95
3034,123,11/25/2021,BT01,BT02,1,12:59:30,13:50:27,00:50:57,50.95
3035,279,11/25/2021,BT02,BT01,2,13:09:48,14:16:48,01:07:00,67
3036,1143,11/25/2021,BT01,BT02,1,13:20:05,14:22:33,01:02:28,62.47
3037,1377,11/25/2021,BT02,BT01,2,13:40:23,14:40:39,01:00:16,60.27
3038,294,11/25/2021,BT02,BT01,2,13:50:48,14:50:00,00:59:12,59.2
3039,1410,11/25/2021,BT01,BT02,1,13:51:59,15:07:12,01:15:13,75.22
3040,1408,11/25/2021,BT01,BT02,1,13:59:36,15:13:47,01:14:11,74.18
3041,264,11/25/2021,BT02,BT01,2,14:00:35,15:02:33,01:01:58,61.97
3042,250,11/25/2021,BT02,BT01,2,14:20:41,15:18:36,00:57:55,57.92
3043,117,11/25/2021,BT01,BT02,1,14:21:05,15:20:14,00:59:09,59.15
3044,128,11/25/2021,BT02,BT01,2,14:29:22,15:23:27,00:54:05,54.08
3045,505,11/25/2021,BT01,BT02,1,14:31:36,15:26:36,00:55:00,55
3046,274,11/25/2021,BT01,BT02,1,14:41:11,15:37:51,00:56:40,56.67
3047,279,11/25/2021,BT01,BT02,1,14:48:29,15:38:50,00:50:21,50.35
3048,1143,11/25/2021,BT02,BT01,2,14:51:12,15:47:46,00:56:34,56.57
3049,1377,11/25/2021,BT01,BT02,1,15:21:57,16:17:50,00:55:53,55.88
3050,123,11/25/2021,BT02,BT01,2,15:30:41,16:32:31,01:01:50,61.83
3051,294,11/25/2021,BT01,BT02,1,15:31:09,16:30:01,00:58:52,58.87
3052,1410,11/25/2021,BT02,BT01,2,15:38:49,16:38:53,01:00:04,60.07
3053,264,11/25/2021,BT01,BT02,1,15:41:32,16:34:43,00:53:11,53.18
3054,1408,11/25/2021,BT02,BT01,2,15:50:13,16:48:07,00:57:54,57.9
3055,250,11/25/2021,BT01,BT02,1,15:59:50,16:55:45,00:55:55,55.92
3056,117,11/25/2021,BT02,BT01,2,16:10:11,17:01:03,00:50:52,50.87
3057,128,11/25/2021,BT01,BT02,1,16:10:27,17:09:48,00:59:21,59.35
3058,505,11/25/2021,BT02,BT01,2,16:20:43,17:20:25,00:59:42,59.7
3059,274,11/25/2021,BT02,BT01,2,16:29:50,17:20:37,00:50:47,50.78
3060,1143,11/25/2021,BT01,BT02,1,16:32:18,17:29:27,00:57:09,57.15
3061,279,11/25/2021,BT02,BT01,2,16:40:51,17:40:02,00:59:11,59.18
3062,123,11/25/2021,BT01,BT02,1,17:02:28,17:49:31,00:47:03,47.05
3063,1377,11/25/2021,BT02,BT01,2,17:10:37,18:06:34,00:55:57,55.95
3064,1410,11/25/2021,BT01,BT02,1,17:18:57,18:06:03,00:47:06,47.1
3065,294,11/25/2021,BT02,BT01,2,17:21:01,18:19:04,00:58:03,58.05
3066,1408,11/25/2021,BT01,BT02,1,17:28:36,18:24:21,00:55:45,55.75
3067,250,11/25/2021,BT02,BT01,2,17:49:55,18:45:57,00:56:02,56.03
3068,505,11/25/2021,BT01,BT02,1,18:02:12,18:51:26,00:49:14,49.23
3069,274,11/25/2021,BT01,BT02,1,18:10:58,18:58:54,00:47:56,47.93
3070,279,11/25/2021,BT01,BT02,1,18:27:22,19:17:59,00:50:37,50.62
3071,1377,11/25/2021,BT01,BT02,1,20:11:18,20:48:07,00:36:49,36.82
3072,123,11/25/2021,BT01,BT02,1,20:23:15,21:13:44,00:50:29,50.48
3073,294,11/25/2021,BT01,BT02,1,20:38:29,21:14:37,00:36:08,36.13
3074,1408,11/26/2021,BT02,BT01,2,05:11:28,05:47:11,00:35:43,35.72
3075,1408,11/26/2021,BT01,BT02,1,06:10:31,07:06:45,00:56:14,56.23
3076,1377,11/26/2021,BT02,BT01,2,06:21:03,07:15:19,00:54:16,54.27
3077,117,11/26/2021,BT01,BT02,1,06:31:16,07:27:50,00:56:34,56.57
3078,294,11/26/2021,BT02,BT01,2,06:38:49,07:28:34,00:49:45,49.75
3079,262,11/26/2021,BT01,BT02,1,06:40:34,07:35:35,00:55:01,55.02
3080,264,11/26/2021,BT02,BT01,2,06:50:21,07:33:10,00:42:49,42.82
3081,505,11/26/2021,BT01,BT02,1,06:51:24,07:46:39,00:55:15,55.25
3082,250,11/26/2021,BT02,BT01,2,07:19:44,07:59:55,00:40:11,40.18
3083,128,11/26/2021,BT02,BT01,2,07:24:13,08:13:42,00:49:29,49.48
3084,1377,11/26/2021,BT01,BT02,1,07:30:49,08:19:27,00:48:38,48.63
3085,294,11/26/2021,BT01,BT02,1,07:40:58,08:28:13,00:47:15,47.25
3086,1358,11/26/2021,BT02,BT01,2,07:46:34,08:35:37,00:49:03,49.05
3087,264,11/26/2021,BT01,BT02,1,07:51:01,08:41:47,00:50:46,50.77
3088,250,11/26/2021,BT01,BT02,1,08:29:00,09:14:18,00:45:18,45.3
3089,116,11/26/2021,BT02,BT01,2,08:30:10,09:23:15,00:53:05,53.08
3090,1408,11/26/2021,BT02,BT01,2,08:38:41,09:32:26,00:53:45,53.75
3091,128,11/26/2021,BT01,BT02,1,08:40:45,09:32:49,00:52:04,52.07
3092,117,11/26/2021,BT02,BT01,2,09:00:37,09:53:32,00:52:55,52.92
3093,1358,11/26/2021,BT01,BT02,1,09:02:01,09:53:11,00:51:10,51.17
3094,262,11/26/2021,BT02,BT01,2,09:09:42,10:01:28,00:51:46,51.77
3095,505,11/26/2021,BT02,BT01,2,09:20:47,10:14:03,00:53:16,53.27
3096,1377,11/26/2021,BT02,BT01,2,09:50:36,10:47:57,00:57:21,57.35
3097,116,11/26/2021,BT01,BT02,1,09:51:15,10:50:48,00:59:33,59.55
3098,1408,11/26/2021,BT01,BT02,1,09:59:46,10:55:00,00:55:14,55.23
3099,294,11/26/2021,BT02,BT01,2,10:01:03,10:59:00,00:57:57,57.95
3100,264,11/26/2021,BT02,BT01,2,10:10:27,11:06:13,00:55:46,55.77
3101,117,11/26/2021,BT01,BT02,1,10:20:15,11:10:30,00:50:15,50.25
3102,262,11/26/2021,BT01,BT02,1,10:31:11,11:21:52,00:50:41,50.68
3103,250,11/26/2021,BT02,BT01,2,10:40:20,11:36:13,00:55:53,55.88
3104,505,11/26/2021,BT01,BT02,1,10:41:05,11:30:37,00:49:32,49.53
3105,128,11/26/2021,BT02,BT01,2,10:49:45,11:48:02,00:58:17,58.28
3106,1358,11/26/2021,BT02,BT01,2,11:10:51,12:05:58,00:55:07,55.12
3107,1377,11/26/2021,BT01,BT02,1,11:12:06,12:08:33,00:56:27,56.45
3108,294,11/26/2021,BT01,BT02,1,11:20:20,12:20:18,00:59:58,59.97
3109,264,11/26/2021,BT01,BT02,1,11:29:55,12:25:07,00:55:12,55.2
3110,116,11/26/2021,BT02,BT01,2,11:51:00,12:46:45,00:55:45,55.75
3111,1408,11/26/2021,BT02,BT01,2,12:00:33,12:50:37,00:50:04,50.07
3112,250,11/26/2021,BT01,BT02,1,12:03:03,13:01:01,00:57:58,57.97
3113,128,11/26/2021,BT01,BT02,1,12:11:43,13:09:07,00:57:24,57.4
3114,117,11/26/2021,BT02,BT01,2,12:20:56,13:18:48,00:57:52,57.87
3115,262,11/26/2021,BT02,BT01,2,12:30:22,13:24:49,00:54:27,54.45
3116,1358,11/26/2021,BT01,BT02,1,12:31:26,13:33:44,01:02:18,62.3
3117,505,11/26/2021,BT02,BT01,2,12:40:35,13:31:48,00:51:13,51.22
3118,1377,11/26/2021,BT02,BT01,2,13:10:57,14:11:44,01:00:47,60.78
3119,116,11/26/2021,BT01,BT02,1,13:13:01,14:14:20,01:01:19,61.32
3120,1408,11/26/2021,BT01,BT02,1,13:21:04,14:19:19,00:58:15,58.25
3121,294,11/26/2021,BT02,BT01,2,13:21:39,14:18:17,00:56:38,56.63
3122,264,11/26/2021,BT02,BT01,2,13:30:21,14:25:27,00:55:06,55.1
3123,117,11/26/2021,BT01,BT02,1,13:41:10,14:43:20,01:02:10,62.17
3124,262,11/26/2021,BT01,BT02,1,13:50:37,14:46:33,00:55:56,55.93
3125,505,11/26/2021,BT01,BT02,1,14:01:06,14:53:16,00:52:10,52.17
3126,250,11/26/2021,BT02,BT01,2,14:01:42,14:49:38,00:47:56,47.93
3127,128,11/26/2021,BT02,BT01,2,14:11:24,15:04:57,00:53:33,53.55
3128,1358,11/26/2021,BT02,BT01,2,14:30:01,15:22:56,00:52:55,52.92
3129,1377,11/26/2021,BT01,BT02,1,14:31:29,15:22:55,00:51:26,51.43
3130,294,11/26/2021,BT01,BT02,1,14:41:20,15:30:13,00:48:53,48.88
3131,264,11/26/2021,BT01,BT02,1,14:50:20,15:44:12,00:53:52,53.87
3132,116,11/26/2021,BT02,BT01,2,15:11:08,16:08:03,00:56:55,56.92
3133,1408,11/26/2021,BT02,BT01,2,15:17:33,16:15:30,00:57:57,57.95
3134,250,11/26/2021,BT01,BT02,1,15:20:14,16:12:01,00:51:47,51.78
3135,128,11/26/2021,BT01,BT02,1,15:31:11,16:26:42,00:55:31,55.52
3136,117,11/26/2021,BT02,BT01,2,15:39:55,16:31:14,00:51:19,51.32
3137,262,11/26/2021,BT02,BT01,2,15:50:53,16:42:09,00:51:16,51.27
3138,1358,11/26/2021,BT01,BT02,1,15:52:17,16:50:24,00:58:07,58.12
3139,505,11/26/2021,BT02,BT01,2,16:01:06,16:48:50,00:47:44,47.73
3140,1377,11/26/2021,BT02,BT01,2,16:30:29,17:26:12,00:55:43,55.72
3141,116,11/26/2021,BT01,BT02,1,16:30:43,17:28:08,00:57:25,57.42
3142,294,11/26/2021,BT02,BT01,2,16:41:02,17:38:07,00:57:05,57.08
3143,1408,11/26/2021,BT01,BT02,1,16:41:20,17:34:18,00:52:58,52.97
3144,264,11/26/2021,BT02,BT01,2,16:50:24,17:44:40,00:54:16,54.27
3145,262,11/26/2021,BT01,BT02,1,17:10:19,18:00:46,00:50:27,50.45
3146,505,11/26/2021,BT01,BT02,1,17:20:45,18:08:59,00:48:14,48.23
3147,250,11/26/2021,BT02,BT01,2,17:20:55,18:17:07,00:56:12,56.2
3148,128,11/26/2021,BT02,BT01,2,17:30:57,18:28:43,00:57:46,57.77
3149,1377,11/26/2021,BT01,BT02,1,17:53:27,18:44:40,00:51:13,51.22
3150,294,11/26/2021,BT01,BT02,1,18:06:22,18:54:17,00:47:55,47.92
3151,1408,11/26/2021,BT02,BT01,2,18:10:32,19:03:43,00:53:11,53.18
3152,264,11/26/2021,BT01,BT02,1,18:28:14,19:14:03,00:45:49,45.82
3153,262,11/26/2021,BT02,BT01,2,18:31:36,19:15:45,00:44:09,44.15
3154,250,11/26/2021,BT01,BT02,1,19:21:06,19:59:02,00:37:56,37.93
3155,128,11/26/2021,BT01,BT02,1,19:56:03,20:38:55,00:42:52,42.87
3156,274,11/27/2021,BT02,BT01,2,05:30:46,06:06:48,00:36:02,36.03
3157,1377,11/27/2021,BT02,BT01,2,06:11:32,06:58:23,00:46:51,46.85
3158,1410,11/27/2021,BT01,BT02,1,06:21:11,07:12:46,00:51:35,51.58
3159,294,11/27/2021,BT02,BT01,2,06:21:20,07:06:11,00:44:51,44.85
3160,262,11/27/2021,BT01,BT02,1,06:31:39,07:13:37,00:41:58,41.97
3161,264,11/27/2021,BT02,BT01,2,06:38:00,07:19:39,00:41:39,41.65
3162,1408,11/27/2021,BT01,BT02,1,06:41:05,07:34:27,00:53:22,53.37
3163,274,11/27/2021,BT01,BT02,1,06:59:22,07:52:50,00:53:28,53.47
3164,123,11/27/2021,BT02,BT01,2,07:10:22,07:55:03,00:44:41,44.68
3165,1377,11/27/2021,BT01,BT02,1,07:21:05,08:14:23,00:53:18,53.3
3166,294,11/27/2021,BT01,BT02,1,07:30:47,08:15:04,00:44:17,44.28
3167,1358,11/27/2021,BT02,BT01,2,07:39:58,08:30:34,00:50:36,50.6
3168,264,11/27/2021,BT01,BT02,1,07:40:17,08:27:11,00:46:54,46.9
3169,1143,11/27/2021,BT02,BT01,2,07:50:34,08:43:04,00:52:30,52.5
3170,123,11/27/2021,BT01,BT02,1,08:10:55,09:02:45,00:51:50,51.83
3171,279,11/27/2021,BT02,BT01,2,08:41:03,09:34:42,00:53:39,53.65
3172,1358,11/27/2021,BT01,BT02,1,08:41:47,09:36:36,00:54:49,54.82
3173,116,11/27/2021,BT02,BT01,2,08:50:50,09:41:15,00:50:25,50.42
3174,1143,11/27/2021,BT01,BT02,1,09:01:41,09:54:31,00:52:50,52.83
3175,1410,11/27/2021,BT02,BT01,2,09:21:24,10:21:58,01:00:34,60.57
3176,262,11/27/2021,BT02,BT01,2,09:29:05,10:29:00,00:59:55,59.92
3177,1408,11/27/2021,BT02,BT01,2,09:40:31,10:37:55,00:57:24,57.4
3178,274,11/27/2021,BT02,BT01,2,09:50:19,10:44:38,00:54:19,54.32
3179,279,11/27/2021,BT01,BT02,1,09:50:30,10:46:45,00:56:15,56.25
3180,116,11/27/2021,BT01,BT02,1,10:01:10,11:00:19,00:59:09,59.15
3181,1377,11/27/2021,BT02,BT01,2,10:10:20,11:01:45,00:51:25,51.42
3182,294,11/27/2021,BT02,BT01,2,10:20:35,11:13:11,00:52:36,52.6
3183,264,11/27/2021,BT02,BT01,2,10:30:19,11:24:50,00:54:31,54.52
3184,1410,11/27/2021,BT01,BT02,1,10:31:15,11:26:28,00:55:13,55.22
3185,262,11/27/2021,BT01,BT02,1,10:41:13,11:32:34,00:51:21,51.35
3186,1408,11/27/2021,BT01,BT02,1,10:52:01,11:45:52,00:53:51,53.85
3187,123,11/27/2021,BT02,BT01,2,11:00:44,12:04:19,01:03:35,63.58
3188,274,11/27/2021,BT01,BT02,1,11:10:28,12:06:10,00:55:42,55.7
3189,1358,11/27/2021,BT02,BT01,2,11:30:52,12:32:44,01:01:52,61.87
3190,1377,11/27/2021,BT01,BT02,1,11:31:44,12:23:04,00:51:20,51.33
3191,294,11/27/2021,BT01,BT02,1,11:38:27,12:37:24,00:58:57,58.95
3192,1143,11/27/2021,BT02,BT01,2,11:40:49,12:38:58,00:58:09,58.15
3193,264,11/27/2021,BT01,BT02,1,11:51:42,12:50:56,00:59:14,59.23
3194,123,11/27/2021,BT01,BT02,1,12:21:54,13:17:36,00:55:42,55.7
3195,279,11/27/2021,BT02,BT01,2,12:30:37,13:31:07,01:00:30,60.5
3196,116,11/27/2021,BT02,BT01,2,12:40:42,13:35:16,00:54:34,54.57
3197,1358,11/27/2021,BT01,BT02,1,12:51:34,13:46:46,00:55:12,55.2
3198,1410,11/27/2021,BT02,BT01,2,13:10:43,14:04:00,00:53:17,53.28
3199,262,11/27/2021,BT02,BT01,2,13:19:33,14:14:01,00:54:28,54.47
3200,1408,11/27/2021,BT02,BT01,2,13:30:36,14:23:42,00:53:06,53.1
3201,274,11/27/2021,BT02,BT01,2,13:40:03,14:36:18,00:56:15,56.25
3202,1377,11/27/2021,BT02,BT01,2,13:51:07,14:41:07,00:50:00,50
3203,279,11/27/2021,BT01,BT02,1,13:51:35,14:44:20,00:52:45,52.75
3204,294,11/27/2021,BT02,BT01,2,13:59:16,14:45:02,00:45:46,45.77
3205,116,11/27/2021,BT01,BT02,1,14:01:38,14:54:17,00:52:39,52.65
3206,1410,11/27/2021,BT01,BT02,1,14:32:08,15:26:21,00:54:13,54.22
3207,262,11/27/2021,BT01,BT02,1,14:40:59,15:31:49,00:50:50,50.83
3208,1358,11/27/2021,BT02,BT01,2,14:50:49,15:43:39,00:52:50,52.83
3209,1408,11/27/2021,BT01,BT02,1,14:51:01,15:44:46,00:53:45,53.75
3210,274,11/27/2021,BT01,BT02,1,15:00:51,15:56:46,00:55:55,55.92
3211,1143,11/27/2021,BT02,BT01,2,15:01:28,15:56:32,00:55:04,55.07
3212,123,11/27/2021,BT02,BT01,2,15:11:37,15:56:32,00:44:55,44.92
3213,1377,11/27/2021,BT01,BT02,1,15:11:40,16:05:13,00:53:33,53.55
3214,294,11/27/2021,BT01,BT02,1,15:18:23,16:14:17,00:55:54,55.9
3215,279,11/27/2021,BT02,BT01,2,16:00:29,16:53:48,00:53:19,53.32
3216,116,11/27/2021,BT02,BT01,2,16:10:52,17:06:35,00:55:43,55.72
3217,123,11/27/2021,BT01,BT02,1,16:11:07,17:00:52,00:49:45,49.75
3218,1358,11/27/2021,BT01,BT02,1,16:21:20,17:18:31,00:57:11,57.18
3219,1143,11/27/2021,BT01,BT02,1,16:30:25,17:24:13,00:53:48,53.8
3220,1410,11/27/2021,BT02,BT01,2,16:41:09,17:38:30,00:57:21,57.35
3221,262,11/27/2021,BT02,BT01,2,16:46:07,17:43:56,00:57:49,57.82
3222,274,11/27/2021,BT02,BT01,2,17:20:30,18:19:21,00:58:51,58.85
3223,279,11/27/2021,BT01,BT02,1,17:21:04,18:14:37,00:53:33,53.55
3224,1377,11/27/2021,BT02,BT01,2,17:30:23,18:29:17,00:58:54,58.9
3225,116,11/27/2021,BT01,BT02,1,17:33:18,18:20:08,00:46:50,46.83
3226,294,11/27/2021,BT02,BT01,2,17:40:46,18:32:01,00:51:15,51.25
3227,1410,11/27/2021,BT01,BT02,1,18:11:29,19:03:00,00:51:31,51.52
3228,262,11/27/2021,BT01,BT02,1,18:29:14,19:21:19,00:52:05,52.08
3229,1408,11/27/2021,BT01,BT02,1,18:58:08,19:50:37,00:52:29,52.48
3230,274,11/27/2021,BT01,BT02,1,19:17:22,20:05:12,00:47:50,47.83
3231,1377,11/27/2021,BT01,BT02,1,19:50:44,20:34:24,00:43:40,43.67
3232,294,11/27/2021,BT01,BT02,1,20:42:32,21:21:13,00:38:41,38.68
3233,123,11/27/2021,BT01,BT02,1,20:59:15,21:37:57,00:38:42,38.7
3234,505,11/28/2021,BT02,BT01,2,05:39:51,06:09:40,00:29:49,29.82
3235,274,11/28/2021,BT02,BT01,2,05:50:29,06:23:23,00:32:54,32.9
3236,250,11/28/2021,BT02,BT01,2,06:06:29,06:44:39,00:38:10,38.17
3237,262,11/28/2021,BT01,BT02,1,06:31:22,07:18:45,00:47:23,47.38
3238,505,11/28/2021,BT01,BT02,1,06:51:31,07:43:46,00:52:15,52.25
3239,274,11/28/2021,BT01,BT02,1,07:00:34,07:47:13,00:46:39,46.65
3240,250,11/28/2021,BT01,BT02,1,07:08:19,07:55:36,00:47:17,47.28
3241,1358,11/28/2021,BT02,BT01,2,07:31:40,08:23:13,00:51:33,51.55
3242,279,11/28/2021,BT02,BT01,2,07:58:26,08:44:19,00:45:53,45.88
3243,1143,11/28/2021,BT02,BT01,2,08:10:35,09:02:18,00:51:43,51.72
3244,116,11/28/2021,BT02,BT01,2,08:40:28,09:38:40,00:58:12,58.2
3245,1358,11/28/2021,BT01,BT02,1,08:41:49,09:41:11,00:59:22,59.37
3246,262,11/28/2021,BT02,BT01,2,08:50:41,09:41:37,00:50:56,50.93
3247,279,11/28/2021,BT01,BT02,1,09:02:24,09:55:01,00:52:37,52.62
3248,505,11/28/2021,BT02,BT01,2,09:10:39,10:03:55,00:53:16,53.27
3249,274,11/28/2021,BT02,BT01,2,09:20:00,10:14:56,00:54:56,54.93
3250,1143,11/28/2021,BT01,BT02,1,09:20:51,10:15:05,00:54:14,54.23
3251,250,11/28/2021,BT02,BT01,2,09:28:21,10:23:56,00:55:35,55.58
3252,116,11/28/2021,BT01,BT02,1,09:52:10,10:50:18,00:58:08,58.13
3253,262,11/28/2021,BT01,BT02,1,10:01:09,10:57:24,00:56:15,56.25
3254,505,11/28/2021,BT01,BT02,1,10:21:29,11:15:27,00:53:58,53.97
3255,274,11/28/2021,BT01,BT02,1,10:30:18,11:26:13,00:55:55,55.92
3256,1358,11/28/2021,BT02,BT01,2,10:39:54,11:47:17,01:07:23,67.38
3257,250,11/28/2021,BT01,BT02,1,10:41:08,11:35:57,00:54:49,54.82
3258,279,11/28/2021,BT02,BT01,2,11:03:52,12:01:00,00:57:08,57.13
3259,116,11/28/2021,BT02,BT01,2,11:22:20,12:20:13,00:57:53,57.88
3260,262,11/28/2021,BT02,BT01,2,11:27:44,12:32:34,01:04:50,64.83
3261,505,11/28/2021,BT02,BT01,2,11:49:29,12:45:46,00:56:17,56.28
3262,274,11/28/2021,BT02,BT01,2,11:59:54,12:57:03,00:57:09,57.15
3263,250,11/28/2021,BT02,BT01,2,12:11:35,13:09:12,00:57:37,57.62
3264,279,11/28/2021,BT01,BT02,1,12:20:34,13:13:14,00:52:40,52.67
3265,116,11/28/2021,BT01,BT02,1,12:42:06,13:38:17,00:56:11,56.18
3266,262,11/28/2021,BT01,BT02,1,12:50:51,13:48:46,00:57:55,57.92
3267,505,11/28/2021,BT01,BT02,1,13:10:13,14:01:12,00:50:59,50.98
3268,274,11/28/2021,BT01,BT02,1,13:20:58,14:09:46,00:48:48,48.8
3269,250,11/28/2021,BT01,BT02,1,13:30:52,14:22:08,00:51:16,51.27
3270,279,11/28/2021,BT02,BT01,2,13:39:52,14:40:50,01:00:58,60.97
3271,116,11/28/2021,BT02,BT01,2,14:29:45,15:26:36,00:56:51,56.85
3272,262,11/28/2021,BT02,BT01,2,14:44:50,15:45:20,01:00:30,60.5
3273,279,11/28/2021,BT01,BT02,1,15:02:26,15:47:08,00:44:42,44.7
3274,505,11/28/2021,BT02,BT01,2,15:14:51,16:06:32,00:51:41,51.68
3275,274,11/28/2021,BT02,BT01,2,15:29:26,16:21:28,00:52:02,52.03
3276,250,11/28/2021,BT02,BT01,2,15:44:55,16:36:02,00:51:07,51.12
3277,116,11/28/2021,BT01,BT02,1,15:52:19,16:48:39,00:56:20,56.33
3278,262,11/28/2021,BT01,BT02,1,16:04:44,16:56:19,00:51:35,51.58
3279,505,11/28/2021,BT01,BT02,1,16:45:10,17:31:10,00:46:00,46
3280,274,11/28/2021,BT01,BT02,1,17:03:08,17:52:55,00:49:47,49.78
3281,279,11/28/2021,BT02,BT01,2,17:14:45,18:16:34,01:01:49,61.82
3282,250,11/28/2021,BT01,BT02,1,17:20:25,18:06:08,00:45:43,45.72
3283,262,11/28/2021,BT02,BT01,2,17:38:06,18:28:31,00:50:25,50.42
3284,279,11/28/2021,BT01,BT02,1,19:53:49,20:34:18,00:40:29,40.48
3285,505,11/29/2021,BT02,BT01,2,05:30:58,06:09:33,00:38:35,38.58
3286,274,11/29/2021,BT02,BT01,2,05:50:47,06:37:11,00:46:24,46.4
3287,250,11/29/2021,BT02,BT01,2,06:00:48,06:50:07,00:49:19,49.32
3288,264,11/29/2021,BT02,BT01,2,06:10:17,07:08:26,00:58:09,58.15
3289,1410,11/29/2021,BT01,BT02,1,06:11:40,07:06:28,00:54:48,54.8
3290,262,11/29/2021,BT01,BT02,1,06:21:18,07:20:19,00:59:01,59.02
3291,123,11/29/2021,BT02,BT01,2,06:40:31,07:49:41,01:09:10,69.17
3292,128,11/29/2021,BT02,BT01,2,06:49:57,07:52:23,01:02:26,62.43
3293,117,11/29/2021,BT01,BT02,1,06:50:39,08:04:51,01:14:12,74.2
3294,505,11/29/2021,BT01,BT02,1,06:59:28,08:09:44,01:10:16,70.27
3295,1143,11/29/2021,BT02,BT01,2,07:09:23,08:08:53,00:59:30,59.5
3296,274,11/29/2021,BT01,BT02,1,07:09:56,08:21:50,01:11:54,71.9
3297,250,11/29/2021,BT01,BT02,1,07:20:48,08:29:28,01:08:40,68.67
3298,264,11/29/2021,BT01,BT02,1,07:29:36,08:34:05,01:04:29,64.48
3299,513,11/29/2021,BT02,BT01,2,07:40:10,08:40:01,00:59:51,59.85
3300,279,11/29/2021,BT02,BT01,2,07:50:32,08:50:48,01:00:16,60.27
3301,116,11/29/2021,BT02,BT01,2,08:00:06,08:54:29,00:54:23,54.38
3302,123,11/29/2021,BT01,BT02,1,08:00:11,08:56:54,00:56:43,56.72
3303,1377,11/29/2021,BT02,BT01,2,08:19:41,09:17:22,00:57:41,57.68
3304,1143,11/29/2021,BT01,BT02,1,08:30:41,09:17:53,00:47:12,47.2
3305,1410,11/29/2021,BT02,BT01,2,08:31:16,09:26:10,00:54:54,54.9
3306,262,11/29/2021,BT02,BT01,2,08:39:32,09:34:08,00:54:36,54.6
3307,117,11/29/2021,BT02,BT01,2,09:10:47,10:06:02,00:55:15,55.25
3308,505,11/29/2021,BT02,BT01,2,09:20:18,10:17:37,00:57:19,57.32
3309,279,11/29/2021,BT01,BT02,1,09:20:34,10:17:48,00:57:14,57.23
3310,274,11/29/2021,BT02,BT01,2,09:29:11,10:28:43,00:59:32,59.53
3311,116,11/29/2021,BT01,BT02,1,09:30:39,10:28:57,00:58:18,58.3
3312,250,11/29/2021,BT02,BT01,2,09:40:26,10:37:36,00:57:10,57.17
3313,1377,11/29/2021,BT01,BT02,1,09:51:03,10:46:35,00:55:32,55.53
3314,123,11/29/2021,BT02,BT01,2,10:00:58,10:57:44,00:56:46,56.77
3315,1410,11/29/2021,BT01,BT02,1,10:01:38,10:56:07,00:54:29,54.48
3316,128,11/29/2021,BT02,BT01,2,10:11:07,11:07:14,00:56:07,56.12
3317,262,11/29/2021,BT01,BT02,1,10:11:58,11:05:21,00:53:23,53.38
3318,1143,11/29/2021,BT02,BT01,2,10:31:00,11:34:26,01:03:26,63.43
3319,117,11/29/2021,BT01,BT02,1,10:41:06,11:35:13,00:54:07,54.12
3320,505,11/29/2021,BT01,BT02,1,10:51:51,11:43:53,00:52:02,52.03
3321,274,11/29/2021,BT01,BT02,1,11:01:07,12:05:06,01:03:59,63.98
3322,116,11/29/2021,BT02,BT01,2,11:10:27,12:14:46,01:04:19,64.32
3323,250,11/29/2021,BT01,BT02,1,11:11:40,12:11:05,00:59:25,59.42
3324,1377,11/29/2021,BT02,BT01,2,11:29:55,12:29:47,00:59:52,59.87
3325,123,11/29/2021,BT01,BT02,1,11:31:31,12:29:31,00:58:00,58
3326,128,11/29/2021,BT01,BT02,1,11:41:08,12:39:03,00:57:55,57.92
3327,1410,11/29/2021,BT02,BT01,2,11:42:32,12:40:22,00:57:50,57.83
3328,262,11/29/2021,BT02,BT01,2,11:50:24,12:52:20,01:01:56,61.93
3329,279,11/29/2021,BT02,BT01,2,12:00:24,13:01:10,01:00:46,60.77
3330,1143,11/29/2021,BT01,BT02,1,12:02:00,13:05:17,01:03:17,63.28
3331,117,11/29/2021,BT02,BT01,2,12:31:00,13:31:18,01:00:18,60.3
3332,116,11/29/2021,BT01,BT02,1,12:40:11,13:47:36,01:07:25,67.42
3333,505,11/29/2021,BT02,BT01,2,12:40:19,13:36:48,00:56:29,56.48
3334,274,11/29/2021,BT02,BT01,2,12:50:40,13:55:35,01:04:55,64.92
3335,250,11/29/2021,BT02,BT01,2,13:00:12,14:02:24,01:02:12,62.2
3336,1377,11/29/2021,BT01,BT02,1,13:01:09,14:02:17,01:01:08,61.13
3337,1410,11/29/2021,BT01,BT02,1,13:11:20,14:19:29,01:08:09,68.15
3338,262,11/29/2021,BT01,BT02,1,13:21:05,14:23:19,01:02:14,62.23
3339,123,11/29/2021,BT02,BT01,2,13:21:31,14:25:43,01:04:12,64.2
3340,128,11/29/2021,BT02,BT01,2,13:31:33,14:32:52,01:01:19,61.32
3341,279,11/29/2021,BT01,BT02,1,13:32:04,14:39:49,01:07:45,67.75
3342,1143,11/29/2021,BT02,BT01,2,13:51:59,14:51:39,00:59:40,59.67
3343,117,11/29/2021,BT01,BT02,1,13:58:51,15:04:39,01:05:48,65.8
3344,505,11/29/2021,BT01,BT02,1,14:11:46,15:08:29,00:56:43,56.72
3345,274,11/29/2021,BT01,BT02,1,14:18:36,15:14:40,00:56:04,56.07
3346,250,11/29/2021,BT01,BT02,1,14:27:38,15:20:44,00:53:06,53.1
3347,116,11/29/2021,BT02,BT01,2,14:30:01,15:23:42,00:53:41,53.68
3348,1377,11/29/2021,BT02,BT01,2,14:49:27,15:43:52,00:54:25,54.42
3349,123,11/29/2021,BT01,BT02,1,14:49:30,15:37:49,00:48:19,48.32
3350,1410,11/29/2021,BT02,BT01,2,14:59:44,15:48:17,00:48:33,48.55
3351,128,11/29/2021,BT01,BT02,1,15:00:18,15:46:08,00:45:50,45.83
3352,262,11/29/2021,BT02,BT01,2,15:11:30,16:08:37,00:57:07,57.12
3353,279,11/29/2021,BT02,BT01,2,15:20:04,16:19:41,00:59:37,59.62
3354,1143,11/29/2021,BT01,BT02,1,15:21:41,16:15:02,00:53:21,53.35
3355,117,11/29/2021,BT02,BT01,2,15:50:38,16:49:34,00:58:56,58.93
3356,505,11/29/2021,BT02,BT01,2,15:58:50,16:55:00,00:56:10,56.17
3357,116,11/29/2021,BT01,BT02,1,16:00:20,16:58:00,00:57:40,57.67
3358,274,11/29/2021,BT02,BT01,2,16:10:24,17:00:03,00:49:39,49.65
3359,250,11/29/2021,BT02,BT01,2,16:20:44,17:11:37,00:50:53,50.88
3360,1377,11/29/2021,BT01,BT02,1,16:21:12,17:20:01,00:58:49,58.82
3361,1410,11/29/2021,BT01,BT02,1,16:31:55,17:26:47,00:54:52,54.87
3362,262,11/29/2021,BT01,BT02,1,16:41:12,17:33:40,00:52:28,52.47
3363,123,11/29/2021,BT02,BT01,2,16:41:26,17:41:54,01:00:28,60.47
3364,279,11/29/2021,BT01,BT02,1,16:48:16,17:40:11,00:51:55,51.92
3365,128,11/29/2021,BT02,BT01,2,16:50:55,17:49:10,00:58:15,58.25
3366,1143,11/29/2021,BT02,BT01,2,17:11:01,18:07:39,00:56:38,56.63
3367,505,11/29/2021,BT01,BT02,1,17:22:30,18:08:55,00:46:25,46.42
3368,274,11/29/2021,BT01,BT02,1,17:29:31,18:16:33,00:47:02,47.03
3369,116,11/29/2021,BT02,BT01,2,17:40:42,18:35:44,00:55:02,55.03
3370,250,11/29/2021,BT01,BT02,1,17:40:50,18:28:20,00:47:30,47.5
3371,123,11/29/2021,BT01,BT02,1,18:11:28,19:04:20,00:52:52,52.87
3372,262,11/29/2021,BT02,BT01,2,18:14:48,19:06:50,00:52:02,52.03
3373,128,11/29/2021,BT01,BT02,1,18:35:01,19:26:25,00:51:24,51.4
3374,1143,11/29/2021,BT01,BT02,1,19:06:32,19:47:44,00:41:12,41.2
3375,123,11/30/2021,BT02,BT01,2,04:39:33,05:13:04,00:33:31,33.52
3376,1408,11/30/2021,BT02,BT01,2,05:10:04,05:46:38,00:36:34,36.57
3377,274,11/30/2021,BT02,BT01,2,05:29:49,06:09:34,00:39:45,39.75
3378,264,11/30/2021,BT02,BT01,2,06:00:11,06:50:49,00:50:38,50.63
3379,128,11/30/2021,BT02,BT01,2,06:18:32,07:07:57,00:49:25,49.42
3380,1408,11/30/2021,BT01,BT02,1,06:21:00,07:20:19,00:59:19,59.32
3381,117,11/30/2021,BT01,BT02,1,06:40:33,07:40:06,00:59:33,59.55
3382,1143,11/30/2021,BT02,BT01,2,06:49:27,07:40:33,00:51:06,51.1
3383,1410,11/30/2021,BT01,BT02,1,06:49:52,07:52:53,01:03:01,63.02
3384,274,11/30/2021,BT01,BT02,1,06:59:54,08:02:50,01:02:56,62.93
3385,123,11/30/2021,BT02,BT01,2,07:15:58,08:05:43,00:49:45,49.75
3386,128,11/30/2021,BT01,BT02,1,07:19:52,08:18:51,00:58:59,58.98
3387,279,11/30/2021,BT02,BT01,2,07:40:03,08:35:35,00:55:32,55.53
3388,1377,11/30/2021,BT02,BT01,2,07:59:22,08:50:48,00:51:26,51.43
3389,1143,11/30/2021,BT01,BT02,1,08:01:30,08:53:15,00:51:45,51.75
3390,294,11/30/2021,BT02,BT01,2,08:10:30,09:01:13,00:50:43,50.72
3391,250,11/30/2021,BT02,BT01,2,08:20:32,09:08:40,00:48:08,48.13
3392,123,11/30/2021,BT01,BT02,1,08:21:13,09:12:42,00:51:29,51.48
3393,505,11/30/2021,BT02,BT01,2,08:30:35,09:20:31,00:49:56,49.93
3394,1408,11/30/2021,BT02,BT01,2,08:50:11,09:46:02,00:55:51,55.85
3395,279,11/30/2021,BT01,BT02,1,09:00:36,09:45:24,00:44:48,44.8
3396,117,11/30/2021,BT02,BT01,2,09:10:56,10:05:38,00:54:42,54.7
3397,1410,11/30/2021,BT02,BT01,2,09:19:57,10:08:43,00:48:46,48.77
3398,1377,11/30/2021,BT01,BT02,1,09:20:54,10:14:26,00:53:32,53.53
3399,274,11/30/2021,BT02,BT01,2,09:28:36,10:25:49,00:57:13,57.22
3400,294,11/30/2021,BT01,BT02,1,09:30:51,10:22:54,00:52:03,52.05
3401,250,11/30/2021,BT01,BT02,1,09:41:21,10:32:00,00:50:39,50.65
3402,128,11/30/2021,BT02,BT01,2,09:50:14,10:41:23,00:51:09,51.15
3403,505,11/30/2021,BT01,BT02,1,09:51:17,10:42:56,00:51:39,51.65
3404,1408,11/30/2021,BT01,BT02,1,10:10:48,11:00:50,00:50:02,50.03
3405,1143,11/30/2021,BT02,BT01,2,10:11:12,11:02:13,00:51:01,51.02
3406,117,11/30/2021,BT01,BT02,1,10:30:38,11:23:48,00:53:10,53.17
3407,123,11/30/2021,BT02,BT01,2,10:31:19,11:27:10,00:55:51,55.85
3408,1410,11/30/2021,BT01,BT02,1,10:41:16,11:34:57,00:53:41,53.68
3409,274,11/30/2021,BT01,BT02,1,10:50:48,11:43:13,00:52:25,52.42
3410,279,11/30/2021,BT02,BT01,2,10:59:55,11:49:48,00:49:53,49.88
3411,128,11/30/2021,BT01,BT02,1,11:11:20,12:11:23,01:00:03,60.05
3412,1377,11/30/2021,BT02,BT01,2,11:20:36,12:18:52,00:58:16,58.27
3413,294,11/30/2021,BT02,BT01,2,11:30:41,12:26:33,00:55:52,55.87
3414,1143,11/30/2021,BT01,BT02,1,11:31:48,12:30:18,00:58:30,58.5
3415,250,11/30/2021,BT02,BT01,2,11:41:19,12:37:21,00:56:02,56.03
3416,505,11/30/2021,BT02,BT01,2,11:49:23,12:47:04,00:57:41,57.68
3417,123,11/30/2021,BT01,BT02,1,11:51:25,12:54:04,01:02:39,62.65
3418,1408,11/30/2021,BT02,BT01,2,12:09:52,13:12:57,01:03:05,63.08
3419,279,11/30/2021,BT01,BT02,1,12:21:32,13:21:36,01:00:04,60.07
3420,117,11/30/2021,BT02,BT01,2,12:30:53,13:31:22,01:00:29,60.48
3421,1377,11/30/2021,BT01,BT02,1,12:40:07,13:42:52,01:02:45,62.75
3422,1410,11/30/2021,BT02,BT01,2,12:40:10,13:42:46,01:02:36,62.6
3423,274,11/30/2021,BT02,BT01,2,12:50:12,13:54:20,01:04:08,64.13
3424,294,11/30/2021,BT01,BT02,1,12:51:30,13:53:06,01:01:36,61.6
3425,250,11/30/2021,BT01,BT02,1,13:00:17,13:56:01,00:55:44,55.73
3426,264,11/30/2021,BT02,BT01,2,13:00:23,14:08:34,01:08:11,68.18
3427,505,11/30/2021,BT01,BT02,1,13:11:09,14:08:56,00:57:47,57.78
3428,128,11/30/2021,BT02,BT01,2,13:20:53,14:21:56,01:01:03,61.05
3429,1408,11/30/2021,BT01,BT02,1,13:31:00,14:36:50,01:05:50,65.83
3430,1143,11/30/2021,BT02,BT01,2,13:41:17,14:39:50,00:58:33,58.55
3431,117,11/30/2021,BT01,BT02,1,13:51:32,14:51:28,00:59:56,59.93
3432,1410,11/30/2021,BT01,BT02,1,13:59:26,14:54:47,00:55:21,55.35
3433,123,11/30/2021,BT02,BT01,2,14:10:25,15:05:59,00:55:34,55.57
3434,274,11/30/2021,BT01,BT02,1,14:10:34,15:05:26,00:54:52,54.87
3435,264,11/30/2021,BT01,BT02,1,14:20:36,15:13:42,00:53:06,53.1
3436,279,11/30/2021,BT02,BT01,2,14:29:09,15:20:20,00:51:11,51.18
3437,128,11/30/2021,BT01,BT02,1,14:41:07,15:30:16,00:49:09,49.15
3438,1377,11/30/2021,BT02,BT01,2,14:49:41,15:41:21,00:51:40,51.67
3439,294,11/30/2021,BT02,BT01,2,15:00:39,15:50:24,00:49:45,49.75
3440,1143,11/30/2021,BT01,BT02,1,15:02:04,15:52:01,00:49:57,49.95
3441,250,11/30/2021,BT02,BT01,2,15:11:01,16:06:58,00:55:57,55.95
3442,505,11/30/2021,BT02,BT01,2,15:17:57,16:14:04,00:56:07,56.12
3443,123,11/30/2021,BT01,BT02,1,15:31:00,16:31:37,01:00:37,60.62
3444,1408,11/30/2021,BT02,BT01,2,15:40:31,16:31:31,00:51:00,51
3445,279,11/30/2021,BT01,BT02,1,15:50:52,16:44:36,00:53:44,53.73
3446,117,11/30/2021,BT02,BT01,2,15:59:22,16:50:24,00:51:02,51.03
3447,1410,11/30/2021,BT02,BT01,2,16:11:19,17:02:38,00:51:19,51.32
3448,1377,11/30/2021,BT01,BT02,1,16:11:21,17:05:33,00:54:12,54.2
3449,274,11/30/2021,BT02,BT01,2,16:19:43,17:13:00,00:53:17,53.28
3450,294,11/30/2021,BT01,BT02,1,16:21:14,17:16:57,00:55:43,55.72
3451,250,11/30/2021,BT01,BT02,1,16:30:05,17:23:44,00:53:39,53.65
3452,264,11/30/2021,BT02,BT01,2,16:30:28,17:23:25,00:52:57,52.95
3453,505,11/30/2021,BT01,BT02,1,16:39:46,17:32:04,00:52:18,52.3
3454,128,11/30/2021,BT02,BT01,2,16:49:24,17:44:39,00:55:15,55.25
3455,1408,11/30/2021,BT01,BT02,1,17:00:59,17:49:20,00:48:21,48.35
3456,1143,11/30/2021,BT02,BT01,2,17:10:52,18:03:11,00:52:19,52.32
3457,1410,11/30/2021,BT01,BT02,1,17:21:10,18:11:30,00:50:20,50.33
3458,274,11/30/2021,BT01,BT02,1,17:31:08,18:19:15,00:48:07,48.12
3459,264,11/30/2021,BT01,BT02,1,17:40:09,18:30:59,00:50:50,50.83
3460,123,11/30/2021,BT02,BT01,2,17:41:17,18:43:34,01:02:17,62.28
3461,128,11/30/2021,BT01,BT02,1,18:16:54,19:05:51,00:48:57,48.95
3462,1143,11/30/2021,BT01,BT02,1,19:15:38,19:57:51,00:42:13,42.22
3463,123,11/30/2021,BT01,BT02,1,20:31:43,21:07:48,00:36:05,36.08
3464,1408,12-01-2021,BT02,BT01,2,05:13:21,05:52:13,00:38:52,38.87
3465,505,12-01-2021,BT02,BT01,2,05:30:52,06:07:24,00:36:32,36.53
3466,1408,12-01-2021,BT01,BT02,1,06:09:25,07:10:54,01:01:29,61.48
3467,1410,12-01-2021,BT01,BT02,1,06:31:18,07:29:41,00:58:23,58.38
3468,128,12-01-2021,BT02,BT01,2,06:40:08,07:38:03,00:57:55,57.92
3469,262,12-01-2021,BT01,BT02,1,06:40:44,07:36:52,00:56:08,56.13
3470,505,12-01-2021,BT01,BT02,1,06:51:18,07:51:11,00:59:53,59.88
3471,116,12-01-2021,BT02,BT01,2,07:23:02,08:10:00,00:46:58,46.97
3472,128,12-01-2021,BT01,BT02,1,07:50:59,08:37:24,00:46:25,46.42
3473,1377,12-01-2021,BT02,BT01,2,08:09:14,09:03:01,00:53:47,53.78
3474,294,12-01-2021,BT02,BT01,2,08:16:11,09:05:49,00:49:38,49.63
3475,250,12-01-2021,BT02,BT01,2,08:31:11,09:25:15,00:54:04,54.07
3476,264,12-01-2021,BT02,BT01,2,08:40:57,09:33:24,00:52:27,52.45
3477,116,12-01-2021,BT01,BT02,1,08:41:28,09:32:02,00:50:34,50.57
3478,1408,12-01-2021,BT02,BT01,2,08:50:43,09:45:01,00:54:18,54.3
3479,262,12-01-2021,BT02,BT01,2,09:10:40,10:00:12,00:49:32,49.53
3480,505,12-01-2021,BT02,BT01,2,09:19:09,10:15:03,00:55:54,55.9
3481,1377,12-01-2021,BT01,BT02,1,09:21:33,10:13:54,00:52:21,52.35
3482,294,12-01-2021,BT01,BT02,1,09:29:49,10:16:06,00:46:17,46.28
3483,250,12-01-2021,BT01,BT02,1,09:40:16,10:31:06,00:50:50,50.83
3484,128,12-01-2021,BT02,BT01,2,09:47:42,10:43:25,00:55:43,55.72
3485,264,12-01-2021,BT01,BT02,1,09:50:29,10:41:13,00:50:44,50.73
3486,1408,12-01-2021,BT01,BT02,1,10:01:12,10:56:11,00:54:59,54.98
3487,262,12-01-2021,BT01,BT02,1,10:20:03,11:13:21,00:53:18,53.3
3488,505,12-01-2021,BT01,BT02,1,10:31:45,11:29:43,00:57:58,57.97
3489,116,12-01-2021,BT02,BT01,2,10:50:39,11:46:32,00:55:53,55.88
3490,128,12-01-2021,BT01,BT02,1,11:01:12,11:55:38,00:54:26,54.43
3491,1377,12-01-2021,BT02,BT01,2,11:20:20,12:27:23,01:07:03,67.05
3492,294,12-01-2021,BT02,BT01,2,11:30:33,12:29:27,00:58:54,58.9
3493,250,12-01-2021,BT02,BT01,2,11:40:55,12:40:49,00:59:54,59.9
3494,264,12-01-2021,BT02,BT01,2,11:47:18,12:51:28,01:04:10,64.17
3495,1408,12-01-2021,BT02,BT01,2,11:58:20,12:54:55,00:56:35,56.58
3496,116,12-01-2021,BT01,BT02,1,12:10:47,13:04:20,00:53:33,53.55
3497,1410,12-01-2021,BT02,BT01,2,12:20:37,13:26:40,01:06:03,66.05
3498,262,12-01-2021,BT02,BT01,2,12:31:36,13:30:38,00:59:02,59.03
3499,1377,12-01-2021,BT01,BT02,1,12:39:53,13:42:34,01:02:41,62.68
3500,505,12-01-2021,BT02,BT01,2,12:40:51,13:36:39,00:55:48,55.8
3501,294,12-01-2021,BT01,BT02,1,12:50:42,13:51:00,01:00:18,60.3
3502,128,12-01-2021,BT02,BT01,2,13:11:42,14:18:38,01:06:56,66.93
3503,250,12-01-2021,BT01,BT02,1,13:11:56,14:04:44,00:52:48,52.8
3504,264,12-01-2021,BT01,BT02,1,13:20:21,14:21:15,01:00:54,60.9
3505,1408,12-01-2021,BT01,BT02,1,13:30:08,14:47:41,01:17:33,77.55
3506,1410,12-01-2021,BT01,BT02,1,13:51:56,15:00:59,01:09:03,69.05
3507,262,12-01-2021,BT01,BT02,1,13:59:29,15:03:42,01:04:13,64.22
3508,116,12-01-2021,BT02,BT01,2,14:00:16,14:52:12,00:51:56,51.93
3509,505,12-01-2021,BT01,BT02,1,14:11:18,15:05:44,00:54:26,54.43
3510,1377,12-01-2021,BT02,BT01,2,14:30:35,15:22:01,00:51:26,51.43
3511,128,12-01-2021,BT01,BT02,1,14:40:43,15:34:22,00:53:39,53.65
3512,294,12-01-2021,BT02,BT01,2,14:41:39,15:34:36,00:52:57,52.95
3513,250,12-01-2021,BT02,BT01,2,14:50:16,15:37:56,00:47:40,47.67
3514,264,12-01-2021,BT02,BT01,2,14:59:44,15:54:40,00:54:56,54.93
3515,1408,12-01-2021,BT02,BT01,2,15:13:25,16:07:39,00:54:14,54.23
3516,116,12-01-2021,BT01,BT02,1,15:30:48,16:27:02,00:56:14,56.23
3517,1410,12-01-2021,BT02,BT01,2,15:31:07,16:23:48,00:52:41,52.68
3518,262,12-01-2021,BT02,BT01,2,15:49:53,16:37:57,00:48:04,48.07
3519,505,12-01-2021,BT02,BT01,2,16:00:39,16:51:06,00:50:27,50.45
3520,1377,12-01-2021,BT01,BT02,1,16:01:17,16:55:05,00:53:48,53.8
3521,294,12-01-2021,BT01,BT02,1,16:10:34,17:06:41,00:56:07,56.12
3522,250,12-01-2021,BT01,BT02,1,16:20:09,17:18:22,00:58:13,58.22
3523,128,12-01-2021,BT02,BT01,2,16:30:08,17:24:49,00:54:41,54.68
3524,264,12-01-2021,BT01,BT02,1,16:30:31,17:23:33,00:53:02,53.03
3525,1408,12-01-2021,BT01,BT02,1,16:41:25,17:36:05,00:54:40,54.67
3526,1410,12-01-2021,BT01,BT02,1,16:48:14,17:36:07,00:47:53,47.88
3527,262,12-01-2021,BT01,BT02,1,17:11:36,18:05:37,00:54:01,54.02
3528,116,12-01-2021,BT02,BT01,2,17:16:29,18:24:04,01:07:35,67.58
3529,505,12-01-2021,BT01,BT02,1,17:20:58,18:12:43,00:51:45,51.75
3530,1377,12-01-2021,BT02,BT01,2,17:41:23,18:44:38,01:03:15,63.25
3531,294,12-01-2021,BT02,BT01,2,17:54:03,18:48:50,00:54:47,54.78
3532,128,12-01-2021,BT01,BT02,1,18:03:33,18:52:53,00:49:20,49.33
3533,262,12-01-2021,BT02,BT01,2,18:24:51,19:06:06,00:41:15,41.25
3534,116,12-01-2021,BT01,BT02,1,20:20:31,20:58:11,00:37:40,37.67
3535,123,12-01-2021,BT01,BT02,1,20:56:45,21:28:18,00:31:33,31.55
3536,1408,12-02-2021,BT02,BT01,2,05:20:52,05:57:14,00:36:22,36.37
3537,274,12-02-2021,BT02,BT01,2,05:32:36,06:02:15,00:29:39,29.65
3538,1408,12-02-2021,BT01,BT02,1,06:21:04,07:18:03,00:56:59,56.98
3539,1143,12-02-2021,BT02,BT01,2,06:22:11,07:23:57,01:01:46,61.77
3540,262,12-02-2021,BT01,BT02,1,06:31:27,07:29:52,00:58:25,58.42
3541,274,12-02-2021,BT01,BT02,1,06:59:50,07:55:28,00:55:38,55.63
3542,279,12-02-2021,BT02,BT01,2,07:08:42,07:56:53,00:48:11,48.18
3543,123,12-02-2021,BT02,BT01,2,07:22:41,08:12:02,00:49:21,49.35
3544,1143,12-02-2021,BT01,BT02,1,07:40:59,08:30:10,00:49:11,49.18
3545,1377,12-02-2021,BT02,BT01,2,07:58:59,08:45:29,00:46:30,46.5
3546,294,12-02-2021,BT02,BT01,2,08:10:15,09:02:56,00:52:41,52.68
3547,279,12-02-2021,BT01,BT02,1,08:21:13,09:11:47,00:50:34,50.57
3548,264,12-02-2021,BT02,BT01,2,08:30:24,09:16:58,00:46:34,46.57
3549,123,12-02-2021,BT01,BT02,1,08:30:41,09:21:17,00:50:36,50.6
3550,1408,12-02-2021,BT02,BT01,2,08:50:52,09:45:30,00:54:38,54.63
3551,262,12-02-2021,BT02,BT01,2,08:59:55,09:56:58,00:57:03,57.05
3552,1377,12-02-2021,BT01,BT02,1,09:11:14,10:08:28,00:57:14,57.23
3553,294,12-02-2021,BT01,BT02,1,09:20:27,10:13:13,00:52:46,52.77
3554,274,12-02-2021,BT02,BT01,2,09:20:40,10:11:13,00:50:33,50.55
3555,264,12-02-2021,BT01,BT02,1,09:41:21,10:31:19,00:49:58,49.97
3556,1143,12-02-2021,BT02,BT01,2,10:00:09,10:52:43,00:52:34,52.57
3557,1408,12-02-2021,BT01,BT02,1,10:01:26,10:59:46,00:58:20,58.33
3558,262,12-02-2021,BT01,BT02,1,10:10:44,11:09:44,00:59:00,59
3559,279,12-02-2021,BT02,BT01,2,10:30:32,11:25:43,00:55:11,55.18
3560,274,12-02-2021,BT01,BT02,1,10:30:55,11:10:26,00:39:31,39.52
3561,123,12-02-2021,BT02,BT01,2,10:40:54,11:39:22,00:58:28,58.47
3562,1377,12-02-2021,BT02,BT01,2,11:10:55,12:07:06,00:56:11,56.18
3563,1143,12-02-2021,BT01,BT02,1,11:11:34,12:14:02,01:02:28,62.47
3564,294,12-02-2021,BT02,BT01,2,11:21:12,12:23:27,01:02:15,62.25
3565,264,12-02-2021,BT02,BT01,2,11:40:13,12:35:35,00:55:22,55.37
3566,279,12-02-2021,BT01,BT02,1,11:40:57,12:41:09,01:00:12,60.2
3567,1408,12-02-2021,BT02,BT01,2,11:59:22,12:53:08,00:53:46,53.77
3568,123,12-02-2021,BT01,BT02,1,12:02:01,12:53:17,00:51:16,51.27
3569,262,12-02-2021,BT02,BT01,2,12:10:27,13:07:08,00:56:41,56.68
3570,1377,12-02-2021,BT01,BT02,1,12:30:46,13:34:20,01:03:34,63.57
3571,294,12-02-2021,BT01,BT02,1,12:40:00,13:49:43,01:09:43,69.72
3572,264,12-02-2021,BT01,BT02,1,12:59:41,13:56:48,00:57:07,57.12
3573,1143,12-02-2021,BT02,BT01,2,13:00:37,14:02:31,01:01:54,61.9
3574,1408,12-02-2021,BT01,BT02,1,13:19:40,14:18:12,00:58:32,58.53
3575,262,12-02-2021,BT01,BT02,1,13:30:14,14:31:10,01:00:56,60.93
3576,279,12-02-2021,BT02,BT01,2,13:30:59,14:22:00,00:51:01,51.02
3577,1377,12-02-2021,BT02,BT01,2,13:57:22,14:52:29,00:55:07,55.12
3578,294,12-02-2021,BT02,BT01,2,14:11:06,15:07:09,00:56:03,56.05
3579,123,12-02-2021,BT02,BT01,2,14:20:38,15:15:31,00:54:53,54.88
3580,1143,12-02-2021,BT01,BT02,1,14:21:24,15:07:08,00:45:44,45.73
3581,264,12-02-2021,BT02,BT01,2,14:41:16,15:35:11,00:53:55,53.92
3582,279,12-02-2021,BT01,BT02,1,14:51:18,15:41:39,00:50:21,50.35
3583,1408,12-02-2021,BT02,BT01,2,14:58:01,15:53:41,00:55:40,55.67
3584,262,12-02-2021,BT02,BT01,2,15:10:07,16:03:00,00:52:53,52.88
3585,1377,12-02-2021,BT01,BT02,1,15:21:28,16:15:30,00:54:02,54.03
3586,294,12-02-2021,BT01,BT02,1,15:30:31,16:27:38,00:57:07,57.12
3587,123,12-02-2021,BT01,BT02,1,15:41:57,16:34:57,00:53:00,53
3588,264,12-02-2021,BT01,BT02,1,16:00:43,17:00:03,00:59:20,59.33
3589,1143,12-02-2021,BT02,BT01,2,16:01:08,16:52:32,00:51:24,51.4
3590,1408,12-02-2021,BT01,BT02,1,16:19:57,17:14:32,00:54:35,54.58
3591,279,12-02-2021,BT02,BT01,2,16:30:49,17:31:20,01:00:31,60.52
3592,262,12-02-2021,BT01,BT02,1,16:31:41,17:23:55,00:52:14,52.23
3593,1377,12-02-2021,BT02,BT01,2,16:50:31,17:53:06,01:02:35,62.58
3594,294,12-02-2021,BT02,BT01,2,17:11:17,18:06:05,00:54:48,54.8
3595,1143,12-02-2021,BT01,BT02,1,17:22:19,18:15:05,00:52:46,52.77
3596,262,12-02-2021,BT02,BT01,2,17:56:40,18:53:34,00:56:54,56.9
3597,279,12-02-2021,BT01,BT02,1,18:03:51,18:54:45,00:50:54,50.9
3598,1377,12-02-2021,BT01,BT02,1,18:55:47,19:41:12,00:45:25,45.42
3599,294,12-02-2021,BT01,BT02,1,19:19:36,20:03:33,00:43:57,43.95
3600,123,12-02-2021,BT01,BT02,1,20:31:57,21:11:42,00:39:45,39.75
3601,1408,12-03-2021,BT02,BT01,2,05:13:05,05:55:56,00:42:51,42.85
3602,505,12-03-2021,BT02,BT01,2,05:30:46,06:04:54,00:34:08,34.13
3603,128,12-03-2021,BT02,BT01,2,05:59:22,06:46:47,00:47:25,47.42
3604,505,12-03-2021,BT01,BT02,1,06:18:25,07:18:44,01:00:19,60.32
3605,262,12-03-2021,BT01,BT02,1,06:20:17,07:14:57,00:54:40,54.67
3606,1408,12-03-2021,BT01,BT02,1,06:41:24,07:41:18,00:59:54,59.9
3607,279,12-03-2021,BT02,BT01,2,06:50:09,07:36:05,00:45:56,45.93
3608,128,12-03-2021,BT01,BT02,1,07:00:32,08:02:23,01:01:51,61.85
3609,116,12-03-2021,BT02,BT01,2,07:01:20,07:50:05,00:48:45,48.75
3610,294,12-03-2021,BT02,BT01,2,07:27:30,08:13:20,00:45:50,45.83
3611,262,12-03-2021,BT02,BT01,2,07:49:33,08:41:04,00:51:31,51.52
3612,279,12-03-2021,BT01,BT02,1,07:58:51,08:51:15,00:52:24,52.4
3613,116,12-03-2021,BT01,BT02,1,08:08:50,08:58:14,00:49:24,49.4
3614,123,12-03-2021,BT02,BT01,2,08:20:20,09:12:04,00:51:44,51.73
3615,294,12-03-2021,BT01,BT02,1,08:39:19,09:29:24,00:50:05,50.08
3616,117,12-03-2021,BT02,BT01,2,08:39:48,09:34:06,00:54:18,54.3
3617,1408,12-03-2021,BT02,BT01,2,08:50:32,09:45:27,00:54:55,54.92
3618,505,12-03-2021,BT02,BT01,2,08:59:39,09:55:18,00:55:39,55.65
3619,262,12-03-2021,BT01,BT02,1,09:00:52,09:52:49,00:51:57,51.95
3620,128,12-03-2021,BT02,BT01,2,09:11:10,10:07:12,00:56:02,56.03
3621,123,12-03-2021,BT01,BT02,1,09:30:46,10:25:16,00:54:30,54.5
3622,279,12-03-2021,BT02,BT01,2,09:40:27,10:33:04,00:52:37,52.62
3623,116,12-03-2021,BT02,BT01,2,09:50:42,10:42:33,00:51:51,51.85
3624,117,12-03-2021,BT01,BT02,1,09:51:02,10:46:10,00:55:08,55.13
3625,1408,12-03-2021,BT01,BT02,1,10:00:43,10:53:40,00:52:57,52.95
3626,505,12-03-2021,BT01,BT02,1,10:11:30,11:00:51,00:49:21,49.35
3627,294,12-03-2021,BT02,BT01,2,10:18:53,11:11:51,00:52:58,52.97
3628,128,12-03-2021,BT01,BT02,1,10:19:55,11:13:35,00:53:40,53.67
3629,262,12-03-2021,BT02,BT01,2,10:40:57,11:37:11,00:56:14,56.23
3630,123,12-03-2021,BT02,BT01,2,10:50:49,11:40:37,00:49:48,49.8
3631,279,12-03-2021,BT01,BT02,1,10:50:54,11:55:28,01:04:34,64.57
3632,116,12-03-2021,BT01,BT02,1,11:01:17,12:04:33,01:03:16,63.27
3633,117,12-03-2021,BT02,BT01,2,11:30:23,12:27:01,00:56:38,56.63
3634,294,12-03-2021,BT01,BT02,1,11:31:25,12:24:48,00:53:23,53.38
3635,505,12-03-2021,BT02,BT01,2,11:41:32,12:35:04,00:53:32,53.53
3636,128,12-03-2021,BT02,BT01,2,11:50:51,12:48:21,00:57:30,57.5
3637,262,12-03-2021,BT01,BT02,1,11:51:30,12:49:49,00:58:19,58.32
3638,123,12-03-2021,BT01,BT02,1,12:00:09,12:52:55,00:52:46,52.77
3639,1408,12-03-2021,BT02,BT01,2,12:00:32,12:54:29,00:53:57,53.95
3640,279,12-03-2021,BT02,BT01,2,12:40:19,13:36:21,00:56:02,56.03
3641,117,12-03-2021,BT01,BT02,1,12:40:21,13:40:30,01:00:09,60.15
3642,505,12-03-2021,BT01,BT02,1,12:50:49,13:47:31,00:56:42,56.7
3643,116,12-03-2021,BT02,BT01,2,12:51:08,13:55:11,01:04:03,64.05
3644,128,12-03-2021,BT01,BT02,1,13:01:06,13:57:05,00:55:59,55.98
3645,1408,12-03-2021,BT01,BT02,1,13:11:38,14:06:49,00:55:11,55.18
3646,294,12-03-2021,BT02,BT01,2,13:20:53,14:16:24,00:55:31,55.52
3647,262,12-03-2021,BT02,BT01,2,13:40:45,14:38:08,00:57:23,57.38
3648,279,12-03-2021,BT01,BT02,1,13:51:21,14:49:32,00:58:11,58.18
3649,116,12-03-2021,BT01,BT02,1,14:10:56,14:57:56,00:47:00,47
3650,123,12-03-2021,BT02,BT01,2,14:11:36,15:11:22,00:59:46,59.77
3651,294,12-03-2021,BT01,BT02,1,14:29:38,15:29:33,00:59:55,59.92
3652,117,12-03-2021,BT02,BT01,2,14:30:35,15:29:56,00:59:21,59.35
3653,505,12-03-2021,BT02,BT01,2,14:50:47,15:47:59,00:57:12,57.2
3654,262,12-03-2021,BT01,BT02,1,14:50:57,15:53:20,01:02:23,62.38
3655,128,12-03-2021,BT02,BT01,2,15:04:47,15:52:57,00:48:10,48.17
3656,123,12-03-2021,BT01,BT02,1,15:29:15,16:27:27,00:58:12,58.2
3657,279,12-03-2021,BT02,BT01,2,15:40:37,16:47:14,01:06:37,66.62
3658,117,12-03-2021,BT01,BT02,1,15:50:54,17:03:41,01:12:47,72.78
3659,116,12-03-2021,BT02,BT01,2,16:00:50,16:59:32,00:58:42,58.7
3660,505,12-03-2021,BT01,BT02,1,16:10:41,17:18:43,01:08:02,68.03
3661,128,12-03-2021,BT01,BT02,1,16:20:54,17:30:49,01:09:55,69.92
3662,294,12-03-2021,BT02,BT01,2,16:31:34,17:25:26,00:53:52,53.87
3663,279,12-03-2021,BT01,BT02,1,17:08:21,17:59:33,00:51:12,51.2
3664,262,12-03-2021,BT02,BT01,2,17:11:10,18:08:08,00:56:58,56.97
3665,116,12-03-2021,BT01,BT02,1,17:41:40,18:34:07,00:52:27,52.45
3666,117,12-03-2021,BT02,BT01,2,17:51:25,18:42:21,00:50:56,50.93
3667,294,12-03-2021,BT01,BT02,1,18:15:59,19:03:35,00:47:36,47.6
3668,128,12-03-2021,BT02,BT01,2,18:21:08,19:05:05,00:43:57,43.95
3669,128,12-03-2021,BT01,BT02,1,20:48:54,21:26:42,00:37:48,37.8
3670,505,12-04-2021,BT02,BT01,2,05:29:12,06:01:56,00:32:44,32.73
3671,274,12-04-2021,BT02,BT01,2,05:50:40,06:30:07,00:39:27,39.45
3672,1410,12-04-2021,BT01,BT02,1,06:10:33,07:00:43,00:50:10,50.17
3673,262,12-04-2021,BT01,BT02,1,06:20:56,07:12:44,00:51:48,51.8
3674,279,12-04-2021,BT02,BT01,2,06:23:41,07:08:37,00:44:56,44.93
3675,117,12-04-2021,BT01,BT02,1,06:50:02,07:42:29,00:52:27,52.45
3676,505,12-04-2021,BT01,BT02,1,07:01:13,07:43:49,00:42:36,42.6
3677,274,12-04-2021,BT01,BT02,1,07:09:47,08:03:54,00:54:07,54.12
3678,116,12-04-2021,BT02,BT01,2,07:10:02,07:54:06,00:44:04,44.07
3679,279,12-04-2021,BT01,BT02,1,07:30:31,08:20:52,00:50:21,50.35
3680,264,12-04-2021,BT02,BT01,2,07:50:41,08:35:54,00:45:13,45.22
3681,123,12-04-2021,BT02,BT01,2,08:11:00,09:04:30,00:53:30,53.5
3682,116,12-04-2021,BT01,BT02,1,08:20:21,09:07:59,00:47:38,47.63
3683,128,12-04-2021,BT02,BT01,2,08:21:05,09:09:13,00:48:08,48.13
3684,1143,12-04-2021,BT02,BT01,2,08:30:59,09:24:30,00:53:31,53.52
3685,1377,12-04-2021,BT02,BT01,2,08:37:20,09:36:51,00:59:31,59.52
3686,1410,12-04-2021,BT02,BT01,2,08:50:18,09:55:30,01:05:12,65.2
3687,262,12-04-2021,BT02,BT01,2,08:59:35,09:58:21,00:58:46,58.77
3688,264,12-04-2021,BT01,BT02,1,09:01:02,09:56:50,00:55:48,55.8
3689,123,12-04-2021,BT01,BT02,1,09:22:26,10:16:19,00:53:53,53.88
3690,128,12-04-2021,BT01,BT02,1,09:30:39,10:27:55,00:57:16,57.27
3691,117,12-04-2021,BT02,BT01,2,09:30:56,10:23:31,00:52:35,52.58
3692,505,12-04-2021,BT02,BT01,2,09:40:26,10:34:26,00:54:00,54
3693,1143,12-04-2021,BT01,BT02,1,09:41:43,10:39:28,00:57:45,57.75
3694,1377,12-04-2021,BT01,BT02,1,09:50:21,10:51:26,01:01:05,61.08
3695,274,12-04-2021,BT02,BT01,2,09:50:25,10:41:50,00:51:25,51.42
3696,279,12-04-2021,BT02,BT01,2,10:10:53,11:05:50,00:54:57,54.95
3697,1410,12-04-2021,BT01,BT02,1,10:11:00,10:59:48,00:48:48,48.8
3698,262,12-04-2021,BT01,BT02,1,10:21:23,11:16:04,00:54:41,54.68
3699,117,12-04-2021,BT01,BT02,1,10:50:22,11:43:45,00:53:23,53.38
3700,123,12-04-2021,BT02,BT01,2,10:50:52,11:42:30,00:51:38,51.63
3701,116,12-04-2021,BT02,BT01,2,11:00:25,11:52:04,00:51:39,51.65
3702,505,12-04-2021,BT01,BT02,1,11:01:05,11:56:07,00:55:02,55.03
3703,274,12-04-2021,BT01,BT02,1,11:11:15,12:07:47,00:56:32,56.53
3704,279,12-04-2021,BT01,BT02,1,11:31:07,12:26:16,00:55:09,55.15
3705,128,12-04-2021,BT02,BT01,2,11:41:23,12:35:53,00:54:30,54.5
3706,1143,12-04-2021,BT02,BT01,2,11:51:00,12:48:45,00:57:45,57.75
3707,123,12-04-2021,BT01,BT02,1,12:00:41,12:53:51,00:53:10,53.17
3708,1377,12-04-2021,BT02,BT01,2,12:01:24,12:54:39,00:53:15,53.25
3709,1410,12-04-2021,BT02,BT01,2,12:09:03,13:02:32,00:53:29,53.48
3710,262,12-04-2021,BT02,BT01,2,12:20:27,13:12:27,00:52:00,52
3711,116,12-04-2021,BT01,BT02,1,12:21:31,13:18:53,00:57:22,57.37
3712,117,12-04-2021,BT02,BT01,2,12:50:21,13:43:28,00:53:07,53.12
3713,505,12-04-2021,BT02,BT01,2,13:00:47,13:52:57,00:52:10,52.17
3714,274,12-04-2021,BT02,BT01,2,13:10:14,14:03:18,00:53:04,53.07
3715,128,12-04-2021,BT01,BT02,1,13:11:54,13:56:30,00:44:36,44.6
3716,1143,12-04-2021,BT01,BT02,1,13:20:04,14:04:39,00:44:35,44.58
3717,279,12-04-2021,BT02,BT01,2,13:31:06,14:21:31,00:50:25,50.42
3718,1377,12-04-2021,BT01,BT02,1,13:31:56,14:22:47,00:50:51,50.85
3719,1410,12-04-2021,BT01,BT02,1,13:41:15,14:35:14,00:53:59,53.98
3720,262,12-04-2021,BT01,BT02,1,13:51:43,14:43:02,00:51:19,51.32
3721,116,12-04-2021,BT02,BT01,2,14:11:00,15:12:27,01:01:27,61.45
3722,117,12-04-2021,BT01,BT02,1,14:20:45,15:14:26,00:53:41,53.68
3723,505,12-04-2021,BT01,BT02,1,14:31:17,15:17:09,00:45:52,45.87
3724,274,12-04-2021,BT01,BT02,1,14:40:57,15:33:27,00:52:30,52.5
3725,128,12-04-2021,BT02,BT01,2,14:51:14,15:41:24,00:50:10,50.17
3726,123,12-04-2021,BT02,BT01,2,15:00:19,15:51:41,00:51:22,51.37
3727,279,12-04-2021,BT01,BT02,1,15:00:52,15:57:31,00:56:39,56.65
3728,1143,12-04-2021,BT02,BT01,2,15:10:54,16:00:31,00:49:37,49.62
3729,1377,12-04-2021,BT02,BT01,2,15:20:39,16:17:54,00:57:15,57.25
3730,262,12-04-2021,BT02,BT01,2,15:39:55,16:29:54,00:49:59,49.98
3731,116,12-04-2021,BT01,BT02,1,15:41:17,16:33:28,00:52:11,52.18
3732,117,12-04-2021,BT02,BT01,2,16:08:43,16:58:48,00:50:05,50.08
3733,123,12-04-2021,BT01,BT02,1,16:10:51,17:03:44,00:52:53,52.88
3734,505,12-04-2021,BT02,BT01,2,16:19:52,17:10:07,00:50:15,50.25
3735,274,12-04-2021,BT02,BT01,2,16:29:51,17:21:19,00:51:28,51.47
3736,128,12-04-2021,BT01,BT02,1,16:35:13,17:29:23,00:54:10,54.17
3737,1143,12-04-2021,BT01,BT02,1,16:48:36,17:39:52,00:51:16,51.27
3738,279,12-04-2021,BT02,BT01,2,16:48:48,17:48:43,00:59:55,59.92
3739,1377,12-04-2021,BT01,BT02,1,16:59:52,17:50:40,00:50:48,50.8
3740,262,12-04-2021,BT01,BT02,1,17:09:46,18:00:12,00:50:26,50.43
3741,116,12-04-2021,BT02,BT01,2,17:20:29,18:19:18,00:58:49,58.82
3742,505,12-04-2021,BT01,BT02,1,17:58:05,18:41:10,00:43:05,43.08
3743,274,12-04-2021,BT01,BT02,1,18:12:59,18:56:57,00:43:58,43.97
3744,262,12-04-2021,BT02,BT01,2,18:41:10,19:19:41,00:38:31,38.52
3745,279,12-04-2021,BT01,BT02,1,19:06:25,19:42:38,00:36:13,36.22
3746,116,12-04-2021,BT01,BT02,1,20:14:51,20:55:11,00:40:20,40.33
3747,123,12-04-2021,BT01,BT02,1,20:49:50,21:28:32,00:38:42,38.7
3748,274,12-05-2021,BT02,BT01,2,05:43:22,06:15:31,00:32:09,32.15
3749,505,12-05-2021,BT01,BT02,1,06:40:05,07:18:12,00:38:07,38.12
3750,274,12-05-2021,BT01,BT02,1,06:49:42,07:39:37,00:49:55,49.92
3751,279,12-05-2021,BT02,BT01,2,06:50:26,07:31:10,00:40:44,40.73
3752,250,12-05-2021,BT02,BT01,2,07:08:15,07:53:03,00:44:48,44.8
3753,264,12-05-2021,BT02,BT01,2,07:28:42,08:14:58,00:46:16,46.27
3754,279,12-05-2021,BT01,BT02,1,07:49:43,08:43:33,00:53:50,53.83
3755,123,12-05-2021,BT02,BT01,2,07:59:41,08:50:30,00:50:49,50.82
3756,1143,12-05-2021,BT02,BT01,2,08:11:25,09:00:32,00:49:07,49.12
3757,250,12-05-2021,BT01,BT02,1,08:14:34,08:59:48,00:45:14,45.23
3758,128,12-05-2021,BT02,BT01,2,08:40:45,09:29:47,00:49:02,49.03
3759,264,12-05-2021,BT01,BT02,1,08:50:28,09:30:11,00:39:43,39.72
3760,505,12-05-2021,BT02,BT01,2,09:00:48,09:49:09,00:48:21,48.35
3761,123,12-05-2021,BT01,BT02,1,09:12:02,10:01:19,00:49:17,49.28
3762,274,12-05-2021,BT02,BT01,2,09:15:50,10:15:58,01:00:08,60.13
3763,1143,12-05-2021,BT01,BT02,1,09:21:22,10:22:19,01:00:57,60.95
3764,128,12-05-2021,BT01,BT02,1,09:49:50,10:45:39,00:55:49,55.82
3765,505,12-05-2021,BT01,BT02,1,10:11:25,11:10:06,00:58:41,58.68
3766,250,12-05-2021,BT02,BT01,2,10:20:46,11:15:10,00:54:24,54.4
3767,264,12-05-2021,BT02,BT01,2,10:30:10,11:19:27,00:49:17,49.28
3768,274,12-05-2021,BT01,BT02,1,10:31:19,11:28:33,00:57:14,57.23
3769,279,12-05-2021,BT02,BT01,2,11:00:26,11:54:30,00:54:04,54.07
3770,123,12-05-2021,BT02,BT01,2,11:11:06,12:11:30,01:00:24,60.4
3771,1143,12-05-2021,BT02,BT01,2,11:21:37,12:22:04,01:00:27,60.45
3772,250,12-05-2021,BT01,BT02,1,11:40:36,12:42:04,01:01:28,61.47
3773,128,12-05-2021,BT02,BT01,2,11:41:29,12:43:30,01:02:01,62.02
3774,505,12-05-2021,BT02,BT01,2,11:50:13,12:49:09,00:58:56,58.93
3775,264,12-05-2021,BT01,BT02,1,11:50:40,12:49:47,00:59:07,59.12
3776,274,12-05-2021,BT02,BT01,2,12:17:09,13:15:08,00:57:59,57.98
3777,279,12-05-2021,BT01,BT02,1,12:21:00,13:24:24,01:03:24,63.4
3778,123,12-05-2021,BT01,BT02,1,12:30:08,13:30:11,01:00:03,60.05
3779,1143,12-05-2021,BT01,BT02,1,12:41:15,13:41:26,01:00:11,60.18
3780,128,12-05-2021,BT01,BT02,1,13:01:05,13:54:54,00:53:49,53.82
3781,250,12-05-2021,BT02,BT01,2,13:10:27,13:58:22,00:47:55,47.92
3782,505,12-05-2021,BT01,BT02,1,13:20:46,14:01:49,00:41:03,41.05
3783,264,12-05-2021,BT02,BT01,2,13:29:50,14:23:01,00:53:11,53.18
3784,274,12-05-2021,BT01,BT02,1,13:41:11,14:37:03,00:55:52,55.87
3785,279,12-05-2021,BT02,BT01,2,13:57:22,14:51:53,00:54:31,54.52
3786,123,12-05-2021,BT02,BT01,2,14:11:14,15:00:13,00:48:59,48.98
3787,250,12-05-2021,BT01,BT02,1,14:27:53,15:14:21,00:46:28,46.47
3788,1143,12-05-2021,BT02,BT01,2,14:29:01,15:18:39,00:49:38,49.63
3789,264,12-05-2021,BT01,BT02,1,15:00:47,15:45:13,00:44:26,44.43
3790,505,12-05-2021,BT02,BT01,2,15:14:32,16:08:19,00:53:47,53.78
3791,279,12-05-2021,BT01,BT02,1,15:28:52,16:25:38,00:56:46,56.77
3792,128,12-05-2021,BT02,BT01,2,15:43:37,16:30:14,00:46:37,46.62
3793,123,12-05-2021,BT01,BT02,1,15:44:29,16:41:09,00:56:40,56.67
3794,274,12-05-2021,BT02,BT01,2,16:00:07,16:50:15,00:50:08,50.13
3795,1143,12-05-2021,BT01,BT02,1,16:06:10,16:56:49,00:50:39,50.65
3796,505,12-05-2021,BT01,BT02,1,16:42:00,17:29:22,00:47:22,47.37
3797,250,12-05-2021,BT02,BT01,2,16:43:34,17:36:09,00:52:35,52.58
3798,128,12-05-2021,BT01,BT02,1,16:58:47,17:52:54,00:54:07,54.12
3799,279,12-05-2021,BT02,BT01,2,17:17:04,18:11:39,00:54:35,54.58
3800,274,12-05-2021,BT01,BT02,1,17:22:13,18:06:16,00:44:03,44.05
3801,123,12-05-2021,BT02,BT01,2,17:30:30,18:33:56,01:03:26,63.43
3802,1143,12-05-2021,BT02,BT01,2,17:54:03,18:42:10,00:48:07,48.12
3803,128,12-05-2021,BT02,BT01,2,18:18:11,19:06:54,00:48:43,48.72
3804,279,12-05-2021,BT01,BT02,1,19:02:30,19:48:32,00:46:02,46.03
3805,123,12-05-2021,BT01,BT02,1,19:19:19,20:00:26,00:41:07,41.12
3806,1143,12-05-2021,BT01,BT02,1,19:51:59,20:30:24,00:38:25,38.42
3807,128,12-05-2021,BT01,BT02,1,20:28:40,21:10:00,00:41:20,41.33
3808,1408,12-06-2021,BT02,BT01,2,05:16:23,05:52:59,00:36:36,36.6
3809,505,12-06-2021,BT02,BT01,2,05:30:25,06:03:08,00:32:43,32.72
3810,1408,12-06-2021,BT01,BT02,1,06:10:18,07:05:15,00:54:57,54.95
3811,117,12-06-2021,BT01,BT02,1,06:31:03,07:28:51,00:57:48,57.8
3812,505,12-06-2021,BT01,BT02,1,06:49:44,07:47:02,00:57:18,57.3
3813,121,12-06-2021,BT02,BT01,2,07:00:00,07:47:38,00:47:38,47.63
3814,116,12-06-2021,BT02,BT01,2,07:08:35,07:54:15,00:45:40,45.67
3815,1377,12-06-2021,BT02,BT01,2,07:40:53,08:26:56,00:46:03,46.05
3816,294,12-06-2021,BT02,BT01,2,07:50:26,08:44:35,00:54:09,54.15
3817,250,12-06-2021,BT02,BT01,2,08:00:17,08:47:54,00:47:37,47.62
3818,264,12-06-2021,BT02,BT01,2,08:09:37,08:59:26,00:49:49,49.82
3819,121,12-06-2021,BT01,BT02,1,08:10:59,09:01:02,00:50:03,50.05
3820,116,12-06-2021,BT01,BT02,1,08:21:13,09:11:15,00:50:02,50.03
3821,128,12-06-2021,BT02,BT01,2,08:40:45,09:34:06,00:53:21,53.35
3822,1377,12-06-2021,BT01,BT02,1,08:50:56,09:40:56,00:50:00,50
3823,1408,12-06-2021,BT02,BT01,2,08:51:06,09:45:39,00:54:33,54.55
3824,117,12-06-2021,BT02,BT01,2,09:00:26,09:50:13,00:49:47,49.78
3825,294,12-06-2021,BT01,BT02,1,09:01:37,09:55:29,00:53:52,53.87
3826,505,12-06-2021,BT02,BT01,2,09:10:32,10:01:58,00:51:26,51.43
3827,250,12-06-2021,BT01,BT02,1,09:11:00,10:02:50,00:51:50,51.83
3828,264,12-06-2021,BT01,BT02,1,09:19:39,10:10:45,00:51:06,51.1
3829,128,12-06-2021,BT01,BT02,1,09:51:15,10:45:06,00:53:51,53.85
3830,1408,12-06-2021,BT01,BT02,1,10:01:20,10:55:38,00:54:18,54.3
3831,117,12-06-2021,BT01,BT02,1,10:10:03,11:06:04,00:56:01,56.02
3832,121,12-06-2021,BT02,BT01,2,10:19:43,11:24:49,01:05:06,65.1
3833,505,12-06-2021,BT01,BT02,1,10:21:16,11:16:00,00:54:44,54.73
3834,116,12-06-2021,BT02,BT01,2,10:30:27,11:33:32,01:03:05,63.08
3835,1377,12-06-2021,BT02,BT01,2,11:00:26,11:56:04,00:55:38,55.63
3836,294,12-06-2021,BT02,BT01,2,11:11:02,12:09:47,00:58:45,58.75
3837,250,12-06-2021,BT02,BT01,2,11:20:57,12:24:15,01:03:18,63.3
3838,264,12-06-2021,BT02,BT01,2,11:30:30,12:28:55,00:58:25,58.42
3839,121,12-06-2021,BT01,BT02,1,11:51:27,12:51:42,01:00:15,60.25
3840,128,12-06-2021,BT02,BT01,2,12:01:16,12:55:28,00:54:12,54.2
3841,116,12-06-2021,BT01,BT02,1,12:01:50,13:05:54,01:04:04,64.07
3842,1408,12-06-2021,BT02,BT01,2,12:11:24,13:08:34,00:57:10,57.17
3843,117,12-06-2021,BT02,BT01,2,12:20:23,13:19:01,00:58:38,58.63
3844,1377,12-06-2021,BT01,BT02,1,12:31:25,13:30:05,00:58:40,58.67
3845,505,12-06-2021,BT02,BT01,2,12:41:04,13:32:57,00:51:53,51.88
3846,294,12-06-2021,BT01,BT02,1,12:41:32,13:48:40,01:07:08,67.13
3847,250,12-06-2021,BT01,BT02,1,12:50:31,13:53:44,01:03:13,63.22
3848,128,12-06-2021,BT01,BT02,1,13:30:37,14:35:52,01:05:15,65.25
3849,116,12-06-2021,BT02,BT01,2,13:40:24,14:37:28,00:57:04,57.07
3850,1408,12-06-2021,BT01,BT02,1,13:41:43,14:47:41,01:05:58,65.97
3851,117,12-06-2021,BT01,BT02,1,13:51:27,14:53:36,01:02:09,62.15
3852,1377,12-06-2021,BT02,BT01,2,14:11:01,15:04:53,00:53:52,53.87
3853,505,12-06-2021,BT01,BT02,1,14:11:29,15:00:30,00:49:01,49.02
3854,294,12-06-2021,BT02,BT01,2,14:19:43,15:15:11,00:55:28,55.47
3855,121,12-06-2021,BT02,BT01,2,14:28:59,15:24:32,00:55:33,55.55
3856,250,12-06-2021,BT02,BT01,2,14:41:04,15:30:54,00:49:50,49.83
3857,116,12-06-2021,BT01,BT02,1,15:11:32,16:03:29,00:51:57,51.95
3858,128,12-06-2021,BT02,BT01,2,15:20:14,16:22:19,01:02:05,62.08
3859,1408,12-06-2021,BT02,BT01,2,15:30:22,16:26:12,00:55:50,55.83
3860,117,12-06-2021,BT02,BT01,2,15:40:04,16:36:19,00:56:15,56.25
3861,1377,12-06-2021,BT01,BT02,1,15:41:17,16:36:50,00:55:33,55.55
3862,294,12-06-2021,BT01,BT02,1,15:51:11,16:45:28,00:54:17,54.28
3863,505,12-06-2021,BT02,BT01,2,16:00:37,16:49:59,00:49:22,49.37
3864,121,12-06-2021,BT01,BT02,1,16:01:02,16:48:38,00:47:36,47.6
3865,250,12-06-2021,BT01,BT02,1,16:10:23,17:07:38,00:57:15,57.25
3866,128,12-06-2021,BT01,BT02,1,16:39:11,17:36:35,00:57:24,57.4
3867,1408,12-06-2021,BT01,BT02,1,16:50:46,17:46:51,00:56:05,56.08
3868,121,12-06-2021,BT02,BT01,2,17:00:26,18:17:32,01:17:06,77.1
3869,116,12-06-2021,BT02,BT01,2,17:10:49,18:06:18,00:55:29,55.48
3870,505,12-06-2021,BT01,BT02,1,17:20:09,18:08:32,00:48:23,48.38
3871,1377,12-06-2021,BT02,BT01,2,17:41:11,18:28:01,00:46:50,46.83
3872,294,12-06-2021,BT02,BT01,2,17:51:04,18:40:40,00:49:36,49.6
3873,250,12-06-2021,BT02,BT01,2,17:59:58,18:53:25,00:53:27,53.45
3874,121,12-06-2021,BT01,BT02,1,18:36:40,19:17:12,00:40:32,40.53
3875,116,12-06-2021,BT01,BT02,1,18:58:07,19:39:41,00:41:34,41.57
3876,1377,12-06-2021,BT01,BT02,1,19:58:26,20:34:02,00:35:36,35.6
3877,294,12-06-2021,BT01,BT02,1,20:28:59,21:06:55,00:37:56,37.93
3878,123,12-06-2021,BT01,BT02,1,20:54:29,21:28:34,00:34:05,34.08
3879,1408,12-07-2021,BT02,BT01,2,05:08:51,05:46:22,00:37:31,37.52
3880,274,12-07-2021,BT02,BT01,2,05:51:23,06:32:11,00:40:48,40.8
3881,1410,12-07-2021,BT01,BT02,1,06:20:47,07:19:44,00:58:57,58.95
3882,262,12-07-2021,BT01,BT02,1,06:31:12,07:29:22,00:58:10,58.17
3883,121,12-07-2021,BT02,BT01,2,06:39:52,07:36:07,00:56:15,56.25
3884,279,12-07-2021,BT02,BT01,2,06:50:34,07:38:24,00:47:50,47.83
3885,1408,12-07-2021,BT01,BT02,1,06:51:11,07:52:22,01:01:11,61.18
3886,116,12-07-2021,BT02,BT01,2,06:58:45,07:49:12,00:50:27,50.45
3887,274,12-07-2021,BT01,BT02,1,07:01:16,08:00:45,00:59:29,59.48
3888,123,12-07-2021,BT02,BT01,2,07:18:39,08:07:25,00:48:46,48.77
3889,513,12-07-2021,BT01,BT02,1,07:20:32,08:14:50,00:54:18,54.3
3890,294,12-07-2021,BT02,BT01,2,07:39:05,08:28:06,00:49:01,49.02
3891,121,12-07-2021,BT01,BT02,1,07:51:38,08:41:27,00:49:49,49.82
3892,279,12-07-2021,BT01,BT02,1,07:59:53,08:50:43,00:50:50,50.83
3893,116,12-07-2021,BT01,BT02,1,08:10:28,09:00:39,00:50:11,50.18
3894,1143,12-07-2021,BT02,BT01,2,08:20:28,09:07:46,00:47:18,47.3
3895,123,12-07-2021,BT01,BT02,1,08:31:52,09:27:19,00:55:27,55.45
3896,294,12-07-2021,BT01,BT02,1,08:50:50,09:37:49,00:46:59,46.98
3897,1410,12-07-2021,BT02,BT01,2,08:50:56,09:42:14,00:51:18,51.3
3898,262,12-07-2021,BT02,BT01,2,09:00:35,09:52:34,00:51:59,51.98
3899,1408,12-07-2021,BT02,BT01,2,09:20:48,10:18:25,00:57:37,57.62
3900,274,12-07-2021,BT02,BT01,2,09:29:16,10:27:23,00:58:07,58.12
3901,1143,12-07-2021,BT01,BT02,1,09:30:32,10:20:04,00:49:32,49.53
3902,513,12-07-2021,BT02,BT01,2,09:50:38,10:46:18,00:55:40,55.67
3903,1410,12-07-2021,BT01,BT02,1,10:01:15,10:58:19,00:57:04,57.07
3904,262,12-07-2021,BT01,BT02,1,10:10:39,11:14:45,01:04:06,64.1
3905,121,12-07-2021,BT02,BT01,2,10:10:43,11:04:08,00:53:25,53.42
3906,279,12-07-2021,BT02,BT01,2,10:20:59,11:22:24,01:01:25,61.42
3907,116,12-07-2021,BT02,BT01,2,10:30:40,11:27:49,00:57:09,57.15
3908,1408,12-07-2021,BT01,BT02,1,10:31:38,11:37:38,01:06:00,66
3909,274,12-07-2021,BT01,BT02,1,10:41:07,11:43:59,01:02:52,62.87
3910,123,12-07-2021,BT02,BT01,2,10:51:13,11:52:20,01:01:07,61.12
3911,294,12-07-2021,BT02,BT01,2,11:10:48,12:08:04,00:57:16,57.27
3912,121,12-07-2021,BT01,BT02,1,11:22:04,12:19:28,00:57:24,57.4
3913,279,12-07-2021,BT01,BT02,1,11:40:59,12:35:22,00:54:23,54.38
3914,116,12-07-2021,BT01,BT02,1,11:51:01,12:43:46,00:52:45,52.75
3915,1410,12-07-2021,BT02,BT01,2,11:59:09,12:56:36,00:57:27,57.45
3916,262,12-07-2021,BT02,BT01,2,12:08:57,13:04:31,00:55:34,55.57
3917,123,12-07-2021,BT01,BT02,1,12:10:47,13:07:19,00:56:32,56.53
3918,1408,12-07-2021,BT02,BT01,2,12:31:03,13:26:11,00:55:08,55.13
3919,294,12-07-2021,BT01,BT02,1,12:31:08,13:27:54,00:56:46,56.77
3920,274,12-07-2021,BT02,BT01,2,12:41:05,13:35:21,00:54:16,54.27
3921,1410,12-07-2021,BT01,BT02,1,13:21:08,14:17:59,00:56:51,56.85
3922,279,12-07-2021,BT02,BT01,2,13:30:01,14:27:02,00:57:01,57.02
3923,262,12-07-2021,BT01,BT02,1,13:31:46,14:34:29,01:02:43,62.72
3924,116,12-07-2021,BT02,BT01,2,13:40:28,14:33:24,00:52:56,52.93
3925,1408,12-07-2021,BT01,BT02,1,13:50:17,14:50:44,01:00:27,60.45
3926,274,12-07-2021,BT01,BT02,1,14:01:21,14:58:05,00:56:44,56.73
3927,294,12-07-2021,BT02,BT01,2,14:11:27,15:03:23,00:51:56,51.93
3928,1143,12-07-2021,BT02,BT01,2,14:49:32,15:51:57,01:02:25,62.42
3929,279,12-07-2021,BT01,BT02,1,14:51:10,15:39:53,00:48:43,48.72
3930,116,12-07-2021,BT01,BT02,1,15:01:34,15:54:10,00:52:36,52.6
3931,1410,12-07-2021,BT02,BT01,2,15:10:28,15:59:18,00:48:50,48.83
3932,262,12-07-2021,BT02,BT01,2,15:20:16,16:05:35,00:45:19,45.32
3933,294,12-07-2021,BT01,BT02,1,15:30:52,16:30:53,01:00:01,60.02
3934,123,12-07-2021,BT02,BT01,2,15:39:40,16:32:24,00:52:44,52.73
3935,1408,12-07-2021,BT02,BT01,2,15:50:13,16:44:28,00:54:15,54.25
3936,274,12-07-2021,BT02,BT01,2,16:00:31,16:53:33,00:53:02,53.03
3937,1143,12-07-2021,BT01,BT02,1,16:10:32,17:02:42,00:52:10,52.17
3938,1410,12-07-2021,BT01,BT02,1,16:30:13,17:24:03,00:53:50,53.83
3939,121,12-07-2021,BT02,BT01,2,16:40:47,17:31:37,00:50:50,50.83
3940,262,12-07-2021,BT01,BT02,1,16:41:19,17:36:01,00:54:42,54.7
3941,123,12-07-2021,BT01,BT02,1,17:00:26,17:49:47,00:49:21,49.35
3942,279,12-07-2021,BT02,BT01,2,17:09:42,18:05:37,00:55:55,55.92
3943,1408,12-07-2021,BT01,BT02,1,17:11:12,18:04:01,00:52:49,52.82
3944,274,12-07-2021,BT01,BT02,1,17:20:13,18:11:34,00:51:21,51.35
3945,294,12-07-2021,BT02,BT01,2,17:40:48,18:34:18,00:53:30,53.5
3946,121,12-07-2021,BT01,BT02,1,18:12:54,18:55:58,00:43:04,43.07
3947,262,12-07-2021,BT02,BT01,2,18:27:45,19:08:07,00:40:22,40.37
3948,279,12-07-2021,BT01,BT02,1,19:04:29,19:46:27,00:41:58,41.97
3949,294,12-07-2021,BT01,BT02,1,20:23:21,21:02:18,00:38:57,38.95
3950,123,12-07-2021,BT01,BT02,1,21:18:12,21:52:29,00:34:17,34.28
3951,1408,12-08-2021,BT02,BT01,2,05:09:33,05:50:50,00:41:17,41.28
3952,505,12-08-2021,BT02,BT01,2,05:28:38,06:07:56,00:39:18,39.3
3953,274,12-08-2021,BT02,BT01,2,05:48:30,06:30:05,00:41:35,41.58
3954,117,12-08-2021,BT01,BT02,1,06:09:07,07:09:33,01:00:26,60.43
3955,262,12-08-2021,BT01,BT02,1,06:21:13,07:13:40,00:52:27,52.45
3956,121,12-08-2021,BT02,BT01,2,06:21:45,07:17:35,00:55:50,55.83
3957,279,12-08-2021,BT02,BT01,2,06:40:12,07:35:16,00:55:04,55.07
3958,1408,12-08-2021,BT01,BT02,1,06:41:46,07:43:03,01:01:17,61.28
3959,116,12-08-2021,BT02,BT01,2,06:50:30,07:41:45,00:51:15,51.25
3960,505,12-08-2021,BT01,BT02,1,06:51:29,07:52:05,01:00:36,60.6
3961,274,12-08-2021,BT01,BT02,1,06:56:33,08:02:34,01:06:01,66.02
3962,294,12-08-2021,BT02,BT01,2,07:08:25,07:59:16,00:50:51,50.85
3963,123,12-08-2021,BT02,BT01,2,07:15:21,08:04:58,00:49:37,49.62
3964,121,12-08-2021,BT01,BT02,1,07:29:50,08:22:31,00:52:41,52.68
3965,250,12-08-2021,BT02,BT01,2,07:40:28,08:27:32,00:47:04,47.07
3966,279,12-08-2021,BT01,BT02,1,07:51:29,08:40:33,00:49:04,49.07
3967,116,12-08-2021,BT01,BT02,1,07:58:15,08:49:57,00:51:42,51.7
3968,128,12-08-2021,BT02,BT01,2,08:09:53,09:00:25,00:50:32,50.53
3969,294,12-08-2021,BT01,BT02,1,08:19:50,09:11:26,00:51:36,51.6
3970,1143,12-08-2021,BT02,BT01,2,08:21:24,09:13:04,00:51:40,51.67
3971,123,12-08-2021,BT01,BT02,1,08:30:15,09:18:11,00:47:56,47.93
3972,117,12-08-2021,BT02,BT01,2,08:49:24,09:42:11,00:52:47,52.78
3973,250,12-08-2021,BT01,BT02,1,08:50:26,09:43:22,00:52:56,52.93
3974,262,12-08-2021,BT02,BT01,2,08:59:28,09:55:37,00:56:09,56.15
3975,1408,12-08-2021,BT02,BT01,2,09:09:58,10:05:51,00:55:53,55.88
3976,505,12-08-2021,BT02,BT01,2,09:20:32,10:14:52,00:54:20,54.33
3977,128,12-08-2021,BT01,BT02,1,09:21:32,10:12:34,00:51:02,51.03
3978,274,12-08-2021,BT02,BT01,2,09:29:20,10:28:20,00:59:00,59
3979,1143,12-08-2021,BT01,BT02,1,09:30:43,10:18:13,00:47:30,47.5
3980,121,12-08-2021,BT02,BT01,2,10:00:25,10:59:08,00:58:43,58.72
3981,117,12-08-2021,BT01,BT02,1,10:00:57,10:58:18,00:57:21,57.35
3982,279,12-08-2021,BT02,BT01,2,10:10:38,11:08:36,00:57:58,57.97
3983,262,12-08-2021,BT01,BT02,1,10:11:46,11:14:17,01:02:31,62.52
3984,116,12-08-2021,BT02,BT01,2,10:19:56,11:21:38,01:01:42,61.7
3985,1408,12-08-2021,BT01,BT02,1,10:20:58,11:21:45,01:00:47,60.78
3986,505,12-08-2021,BT01,BT02,1,10:31:33,11:28:10,00:56:37,56.62
3987,294,12-08-2021,BT02,BT01,2,10:39:45,11:41:32,01:01:47,61.78
3988,274,12-08-2021,BT01,BT02,1,10:40:31,11:39:21,00:58:50,58.83
3989,123,12-08-2021,BT02,BT01,2,10:59:54,11:53:57,00:54:03,54.05
3990,250,12-08-2021,BT02,BT01,2,11:10:00,12:02:45,00:52:45,52.75
3991,121,12-08-2021,BT01,BT02,1,11:11:08,12:11:55,01:00:47,60.78
3992,279,12-08-2021,BT01,BT02,1,11:31:01,12:20:58,00:49:57,49.95
3993,116,12-08-2021,BT01,BT02,1,11:41:00,12:44:23,01:03:23,63.38
3994,128,12-08-2021,BT02,BT01,2,11:41:09,12:36:24,00:55:15,55.25
3995,1143,12-08-2021,BT02,BT01,2,11:51:23,12:38:02,00:46:39,46.65
3996,294,12-08-2021,BT01,BT02,1,12:01:38,13:04:01,01:02:23,62.38
3997,117,12-08-2021,BT02,BT01,2,12:20:33,13:19:02,00:58:29,58.48
3998,123,12-08-2021,BT01,BT02,1,12:21:43,13:24:38,01:02:55,62.92
3999,262,12-08-2021,BT02,BT01,2,12:30:48,13:27:59,00:57:11,57.18
4000,250,12-08-2021,BT01,BT02,1,12:31:26,13:37:09,01:05:43,65.72
4001,1408,12-08-2021,BT02,BT01,2,12:41:03,13:41:26,01:00:23,60.38
4002,505,12-08-2021,BT02,BT01,2,12:50:38,13:52:16,01:01:38,61.63
4003,274,12-08-2021,BT02,BT01,2,13:01:11,14:00:42,00:59:31,59.52
4004,128,12-08-2021,BT01,BT02,1,13:01:28,13:50:24,00:48:56,48.93
4005,1143,12-08-2021,BT01,BT02,1,13:12:20,14:05:37,00:53:17,53.28
4006,116,12-08-2021,BT02,BT01,2,13:28:37,14:25:20,00:56:43,56.72
4007,117,12-08-2021,BT01,BT02,1,13:41:03,14:42:37,01:01:34,61.57
4008,294,12-08-2021,BT02,BT01,2,13:51:14,14:43:38,00:52:24,52.4
4009,262,12-08-2021,BT01,BT02,1,13:51:21,14:50:01,00:58:40,58.67
4010,1408,12-08-2021,BT01,BT02,1,14:01:09,14:52:13,00:51:04,51.07
4011,250,12-08-2021,BT02,BT01,2,14:11:01,15:02:31,00:51:30,51.5
4012,505,12-08-2021,BT01,BT02,1,14:11:10,14:57:13,00:46:03,46.05
4013,274,12-08-2021,BT01,BT02,1,14:20:47,15:15:00,00:54:13,54.22
4014,1143,12-08-2021,BT02,BT01,2,14:49:04,15:43:56,00:54:52,54.87
4015,116,12-08-2021,BT01,BT02,1,14:51:18,15:40:32,00:49:14,49.23
4016,117,12-08-2021,BT02,BT01,2,15:10:20,16:00:19,00:49:59,49.98
4017,294,12-08-2021,BT01,BT02,1,15:11:12,15:58:33,00:47:21,47.35
4018,262,12-08-2021,BT02,BT01,2,15:20:52,16:31:18,01:10:26,70.43
4019,250,12-08-2021,BT01,BT02,1,15:30:57,16:29:00,00:58:03,58.05
4020,1408,12-08-2021,BT02,BT01,2,15:30:59,16:24:11,00:53:12,53.2
4021,123,12-08-2021,BT02,BT01,2,15:40:42,16:32:41,00:51:59,51.98
4022,505,12-08-2021,BT02,BT01,2,15:50:29,16:43:53,00:53:24,53.4
4023,274,12-08-2021,BT02,BT01,2,16:00:11,16:52:54,00:52:43,52.72
4024,121,12-08-2021,BT02,BT01,2,16:30:58,17:21:58,00:51:00,51
4025,116,12-08-2021,BT02,BT01,2,16:39:26,17:35:35,00:56:09,56.15
4026,1408,12-08-2021,BT01,BT02,1,16:40:30,17:36:19,00:55:49,55.82
4027,123,12-08-2021,BT01,BT02,1,16:52:18,17:49:03,00:56:45,56.75
4028,294,12-08-2021,BT02,BT01,2,17:00:49,17:55:34,00:54:45,54.75
4029,250,12-08-2021,BT02,BT01,2,17:10:26,18:04:39,00:54:13,54.22
4030,505,12-08-2021,BT01,BT02,1,17:11:10,18:02:50,00:51:40,51.67
4031,274,12-08-2021,BT01,BT02,1,17:20:35,18:15:46,00:55:11,55.18
4032,1408,12-08-2021,BT02,BT01,2,18:00:39,18:55:08,00:54:29,54.48
4033,1143,12-08-2021,BT01,BT02,1,18:03:41,18:53:59,00:50:18,50.3
4034,121,12-08-2021,BT01,BT02,1,18:30:18,19:17:10,00:46:52,46.87
4035,1408,12-08-2021,BT01,BT02,1,18:59:11,19:42:32,00:43:21,43.35
4036,116,12-08-2021,BT01,BT02,1,19:13:35,19:49:11,00:35:36,35.6
4037,294,12-08-2021,BT01,BT02,1,19:38:44,20:17:44,00:39:00,39
4038,123,12-08-2021,BT01,BT02,1,20:26:23,21:03:45,00:37:22,37.37
4039,505,12-09-2021,BT02,BT01,2,05:30:38,06:00:36,00:29:58,29.97
4040,274,12-09-2021,BT02,BT01,2,05:41:29,06:23:36,00:42:07,42.12
4041,121,12-09-2021,BT02,BT01,2,06:10:49,07:00:34,00:49:45,49.75
4042,262,12-09-2021,BT01,BT02,1,06:10:51,07:05:16,00:54:25,54.42
4043,279,12-09-2021,BT02,BT01,2,06:21:54,07:17:49,00:55:55,55.92
4044,116,12-09-2021,BT02,BT01,2,06:39:53,07:35:05,00:55:12,55.2
4045,117,12-09-2021,BT01,BT02,1,06:51:07,07:44:09,00:53:02,53.03
4046,505,12-09-2021,BT01,BT02,1,07:00:20,07:54:50,00:54:30,54.5
4047,250,12-09-2021,BT02,BT01,2,07:08:45,07:52:53,00:44:08,44.13
4048,274,12-09-2021,BT01,BT02,1,07:10:19,08:01:54,00:51:35,51.58
4049,121,12-09-2021,BT01,BT02,1,07:30:20,08:20:28,00:50:08,50.13
4050,279,12-09-2021,BT01,BT02,1,07:39:39,08:27:58,00:48:19,48.32
4051,128,12-09-2021,BT02,BT01,2,07:40:58,08:24:50,00:43:52,43.87
4052,116,12-09-2021,BT01,BT02,1,07:51:35,08:41:04,00:49:29,49.48
4053,262,12-09-2021,BT02,BT01,2,08:17:14,09:06:52,00:49:38,49.63
4054,250,12-09-2021,BT01,BT02,1,08:20:55,09:10:15,00:49:20,49.33
4055,123,12-09-2021,BT01,BT02,1,08:30:17,09:21:25,00:51:08,51.13
4056,117,12-09-2021,BT02,BT01,2,08:50:31,09:54:26,01:03:55,63.92
4057,128,12-09-2021,BT01,BT02,1,08:50:59,09:38:23,00:47:24,47.4
4058,505,12-09-2021,BT02,BT01,2,08:59:27,09:56:17,00:56:50,56.83
4059,274,12-09-2021,BT02,BT01,2,09:09:50,10:11:18,01:01:28,61.47
4060,262,12-09-2021,BT01,BT02,1,09:28:34,10:25:28,00:56:54,56.9
4061,121,12-09-2021,BT02,BT01,2,09:30:03,10:27:51,00:57:48,57.8
4062,279,12-09-2021,BT02,BT01,2,09:40:35,10:35:47,00:55:12,55.2
4063,116,12-09-2021,BT02,BT01,2,09:50:31,10:46:21,00:55:50,55.83
4064,117,12-09-2021,BT01,BT02,1,10:08:31,11:03:18,00:54:47,54.78
4065,250,12-09-2021,BT02,BT01,2,10:20:53,11:22:37,01:01:44,61.73
4066,505,12-09-2021,BT01,BT02,1,10:21:11,11:12:42,00:51:31,51.52
4067,274,12-09-2021,BT01,BT02,1,10:30:49,11:21:59,00:51:10,51.17
4068,128,12-09-2021,BT02,BT01,2,10:41:12,11:43:22,01:02:10,62.17
4069,121,12-09-2021,BT01,BT02,1,10:51:52,11:58:54,01:07:02,67.03
4070,279,12-09-2021,BT01,BT02,1,11:00:27,12:03:37,01:03:10,63.17
4071,116,12-09-2021,BT01,BT02,1,11:11:38,12:14:16,01:02:38,62.63
4072,123,12-09-2021,BT02,BT01,2,11:19:57,12:22:52,01:02:55,62.92
4073,262,12-09-2021,BT02,BT01,2,11:31:21,12:29:51,00:58:30,58.5
4074,250,12-09-2021,BT01,BT02,1,11:41:44,12:41:47,01:00:03,60.05
4075,117,12-09-2021,BT02,BT01,2,12:00:34,12:54:12,00:53:38,53.63
4076,128,12-09-2021,BT01,BT02,1,12:01:49,13:03:54,01:02:05,62.08
4077,505,12-09-2021,BT02,BT01,2,12:10:01,13:05:49,00:55:48,55.8
4078,274,12-09-2021,BT02,BT01,2,12:20:32,13:14:36,00:54:04,54.07
4079,121,12-09-2021,BT02,BT01,2,12:41:12,13:30:30,00:49:18,49.3
4080,123,12-09-2021,BT01,BT02,1,12:41:31,13:49:38,01:08:07,68.12
4081,279,12-09-2021,BT02,BT01,2,12:50:06,13:53:38,01:03:32,63.53
4082,262,12-09-2021,BT01,BT02,1,12:51:57,13:52:57,01:01:00,61
4083,116,12-09-2021,BT02,BT01,2,12:59:43,14:02:55,01:03:12,63.2
4084,117,12-09-2021,BT01,BT02,1,13:19:40,14:14:29,00:54:49,54.82
4085,250,12-09-2021,BT02,BT01,2,13:30:22,14:27:05,00:56:43,56.72
4086,505,12-09-2021,BT01,BT02,1,13:30:37,14:25:33,00:54:56,54.93
4087,274,12-09-2021,BT01,BT02,1,13:40:44,14:45:01,01:04:17,64.28
4088,128,12-09-2021,BT02,BT01,2,13:51:25,14:40:43,00:49:18,49.3
4089,121,12-09-2021,BT01,BT02,1,14:01:09,14:47:50,00:46:41,46.68
4090,279,12-09-2021,BT01,BT02,1,14:09:40,14:59:47,00:50:07,50.12
4091,116,12-09-2021,BT01,BT02,1,14:20:55,15:08:22,00:47:27,47.45
4092,123,12-09-2021,BT02,BT01,2,14:29:55,15:22:27,00:52:32,52.53
4093,262,12-09-2021,BT02,BT01,2,14:40:19,15:29:28,00:49:09,49.15
4094,250,12-09-2021,BT01,BT02,1,14:40:41,15:30:54,00:50:13,50.22
4095,128,12-09-2021,BT01,BT02,1,15:01:43,16:01:22,00:59:39,59.65
4096,117,12-09-2021,BT02,BT01,2,15:10:18,16:02:43,00:52:25,52.42
4097,505,12-09-2021,BT02,BT01,2,15:28:15,16:25:28,00:57:13,57.22
4098,274,12-09-2021,BT02,BT01,2,15:39:36,16:30:59,00:51:23,51.38
4099,123,12-09-2021,BT01,BT02,1,15:50:52,16:51:01,01:00:09,60.15
4100,121,12-09-2021,BT02,BT01,2,16:00:30,16:51:01,00:50:31,50.52
4101,262,12-09-2021,BT01,BT02,1,16:10:27,17:10:28,01:00:01,60.02
4102,279,12-09-2021,BT02,BT01,2,16:11:27,17:00:39,00:49:12,49.2
4103,116,12-09-2021,BT02,BT01,2,16:20:32,17:13:54,00:53:22,53.37
4104,250,12-09-2021,BT02,BT01,2,16:40:34,17:34:52,00:54:18,54.3
4105,505,12-09-2021,BT01,BT02,1,16:48:37,17:42:52,00:54:15,54.25
4106,128,12-09-2021,BT02,BT01,2,16:51:05,17:45:59,00:54:54,54.9
4107,274,12-09-2021,BT01,BT02,1,17:00:17,17:55:44,00:55:27,55.45
4108,123,12-09-2021,BT02,BT01,2,17:19:56,18:15:13,00:55:17,55.28
4109,121,12-09-2021,BT01,BT02,1,17:22:15,18:13:05,00:50:50,50.83
4110,262,12-09-2021,BT02,BT01,2,17:26:57,18:19:11,00:52:14,52.23
4111,279,12-09-2021,BT01,BT02,1,17:29:03,18:19:37,00:50:34,50.57
4112,116,12-09-2021,BT01,BT02,1,17:45:42,18:35:25,00:49:43,49.72
4113,250,12-09-2021,BT01,BT02,1,18:09:27,18:57:44,00:48:17,48.28
4114,128,12-09-2021,BT01,BT02,1,18:40:07,19:29:40,00:49:33,49.55
4115,123,12-09-2021,BT01,BT02,1,19:17:04,19:58:26,00:41:22,41.37
4116,1408,12-10-2021,BT02,BT01,2,05:16:15,05:56:20,00:40:05,40.08
4117,505,12-10-2021,BT02,BT01,2,05:30:28,06:03:40,00:33:12,33.2
4118,274,12-10-2021,BT02,BT01,2,05:42:46,06:18:52,00:36:06,36.1
4119,1408,12-10-2021,BT01,BT02,1,06:20:50,07:13:59,00:53:09,53.15
4120,117,12-10-2021,BT01,BT02,1,06:40:11,07:32:47,00:52:36,52.6
4121,294,12-10-2021,BT02,BT01,2,06:40:11,07:32:53,00:52:42,52.7
4122,250,12-10-2021,BT02,BT01,2,06:50:10,07:38:09,00:47:59,47.98
4123,1410,12-10-2021,BT01,BT02,1,06:51:11,07:51:30,01:00:19,60.32
4124,505,12-10-2021,BT01,BT02,1,07:00:54,07:53:46,00:52:52,52.87
4125,128,12-10-2021,BT02,BT01,2,07:08:51,07:52:36,00:43:45,43.75
4126,274,12-10-2021,BT01,BT02,1,07:11:11,08:01:57,00:50:46,50.77
4127,123,12-10-2021,BT02,BT01,2,07:15:23,08:02:12,00:46:49,46.82
4128,294,12-10-2021,BT01,BT02,1,07:48:38,08:36:53,00:48:15,48.25
4129,250,12-10-2021,BT01,BT02,1,08:00:04,08:47:18,00:47:14,47.23
4130,128,12-10-2021,BT01,BT02,1,08:19:25,09:04:23,00:44:58,44.97
4131,279,12-10-2021,BT02,BT01,2,08:19:36,09:12:35,00:52:59,52.98
4132,123,12-10-2021,BT01,BT02,1,08:29:36,09:24:30,00:54:54,54.9
4133,1143,12-10-2021,BT02,BT01,2,08:31:19,09:25:58,00:54:39,54.65
4134,1408,12-10-2021,BT02,BT01,2,08:50:53,09:46:05,00:55:12,55.2
4135,117,12-10-2021,BT02,BT01,2,09:08:36,10:03:06,00:54:30,54.5
4136,1410,12-10-2021,BT02,BT01,2,09:19:13,10:17:11,00:57:58,57.97
4137,279,12-10-2021,BT01,BT02,1,09:30:32,10:24:54,00:54:22,54.37
4138,505,12-10-2021,BT02,BT01,2,09:30:38,10:25:55,00:55:17,55.28
4139,274,12-10-2021,BT02,BT01,2,09:39:45,10:33:14,00:53:29,53.48
4140,1143,12-10-2021,BT01,BT02,1,09:41:30,10:36:30,00:55:00,55
4141,1408,12-10-2021,BT01,BT02,1,10:01:00,10:57:36,00:56:36,56.6
4142,294,12-10-2021,BT02,BT01,2,10:18:59,11:14:19,00:55:20,55.33
4143,117,12-10-2021,BT01,BT02,1,10:20:41,11:21:01,01:00:20,60.33
4144,250,12-10-2021,BT02,BT01,2,10:29:18,11:23:09,00:53:51,53.85
4145,1410,12-10-2021,BT01,BT02,1,10:31:49,11:30:52,00:59:03,59.05
4146,505,12-10-2021,BT01,BT02,1,10:41:05,11:37:53,00:56:48,56.8
4147,128,12-10-2021,BT02,BT01,2,10:50:53,11:49:32,00:58:39,58.65
4148,274,12-10-2021,BT01,BT02,1,10:51:26,11:44:56,00:53:30,53.5
4149,123,12-10-2021,BT02,BT01,2,10:59:45,11:55:36,00:55:51,55.85
4150,294,12-10-2021,BT01,BT02,1,11:29:23,12:22:21,00:52:58,52.97
4151,250,12-10-2021,BT01,BT02,1,11:40:15,12:34:53,00:54:38,54.63
4152,279,12-10-2021,BT02,BT01,2,11:41:01,12:40:21,00:59:20,59.33
4153,1408,12-10-2021,BT02,BT01,2,12:00:00,12:52:23,00:52:23,52.38
4154,128,12-10-2021,BT01,BT02,1,12:05:50,13:04:16,00:58:26,58.43
4155,123,12-10-2021,BT01,BT02,1,12:19:50,13:25:34,01:05:44,65.73
4156,117,12-10-2021,BT02,BT01,2,12:20:59,13:19:53,00:58:54,58.9
4157,1410,12-10-2021,BT02,BT01,2,12:30:44,13:30:01,00:59:17,59.28
4158,505,12-10-2021,BT02,BT01,2,12:40:15,13:34:42,00:54:27,54.45
4159,274,12-10-2021,BT02,BT01,2,12:50:28,13:58:47,01:08:19,68.32
4160,1143,12-10-2021,BT02,BT01,2,13:00:29,14:16:06,01:15:37,75.62
4161,279,12-10-2021,BT01,BT02,1,13:01:31,14:03:23,01:01:52,61.87
4162,1408,12-10-2021,BT01,BT02,1,13:19:59,14:22:17,01:02:18,62.3
4163,294,12-10-2021,BT02,BT01,2,13:38:26,14:33:34,00:55:08,55.13
4164,117,12-10-2021,BT01,BT02,1,13:42:19,14:45:31,01:03:12,63.2
4165,1410,12-10-2021,BT01,BT02,1,13:50:00,14:53:12,01:03:12,63.2
4166,250,12-10-2021,BT02,BT01,2,13:51:13,14:42:49,00:51:36,51.6
4167,505,12-10-2021,BT01,BT02,1,14:00:20,14:53:46,00:53:26,53.43
4168,128,12-10-2021,BT02,BT01,2,14:11:23,15:03:16,00:51:53,51.88
4169,274,12-10-2021,BT01,BT02,1,14:13:04,15:05:30,00:52:26,52.43
4170,1143,12-10-2021,BT01,BT02,1,14:29:27,15:20:01,00:50:34,50.57
4171,279,12-10-2021,BT02,BT01,2,14:51:40,15:50:59,00:59:19,59.32
4172,1408,12-10-2021,BT02,BT01,2,15:10:44,16:00:30,00:49:46,49.77
4173,294,12-10-2021,BT01,BT02,1,15:11:10,16:02:24,00:51:14,51.23
4174,250,12-10-2021,BT01,BT02,1,15:21:15,16:14:09,00:52:54,52.9
4175,117,12-10-2021,BT02,BT01,2,15:30:58,16:24:23,00:53:25,53.42
4176,128,12-10-2021,BT01,BT02,1,15:40:24,16:36:51,00:56:27,56.45
4177,1410,12-10-2021,BT02,BT01,2,15:41:40,16:38:08,00:56:28,56.47
4178,505,12-10-2021,BT02,BT01,2,15:50:40,16:44:59,00:54:19,54.32
4179,274,12-10-2021,BT02,BT01,2,15:57:45,16:53:24,00:55:39,55.65
4180,1143,12-10-2021,BT02,BT01,2,16:10:43,17:07:21,00:56:38,56.63
4181,279,12-10-2021,BT01,BT02,1,16:31:51,17:30:56,00:59:05,59.08
4182,1408,12-10-2021,BT01,BT02,1,16:50:07,17:45:50,00:55:43,55.72
4183,294,12-10-2021,BT02,BT01,2,16:50:51,17:47:32,00:56:41,56.68
4184,250,12-10-2021,BT02,BT01,2,16:59:48,17:56:07,00:56:19,56.32
4185,1410,12-10-2021,BT01,BT02,1,17:18:43,18:12:43,00:54:00,54
4186,128,12-10-2021,BT02,BT01,2,17:22:16,18:17:44,00:55:28,55.47
4187,505,12-10-2021,BT01,BT02,1,17:29:05,18:18:45,00:49:40,49.67
4188,274,12-10-2021,BT01,BT02,1,17:50:41,18:38:36,00:47:55,47.92
4189,1143,12-10-2021,BT01,BT02,1,18:00:41,18:46:26,00:45:45,45.75
4190,279,12-10-2021,BT02,BT01,2,18:00:52,18:55:12,00:54:20,54.33
4191,294,12-10-2021,BT01,BT02,1,18:57:19,19:41:40,00:44:21,44.35
4192,250,12-10-2021,BT01,BT02,1,19:21:09,20:02:05,00:40:56,40.93
4193,128,12-10-2021,BT01,BT02,1,19:53:45,20:40:19,00:46:34,46.57
4194,279,12-10-2021,BT01,BT02,1,21:33:40,22:08:00,00:34:20,34.33
4195,1408,12-11-2021,BT02,BT01,2,05:08:23,05:47:09,00:38:46,38.77
4196,116,12-11-2021,BT02,BT01,2,06:00:03,06:42:09,00:42:06,42.1
4197,1408,12-11-2021,BT01,BT02,1,06:10:06,06:59:23,00:49:17,49.28
4198,117,12-11-2021,BT01,BT02,1,06:30:55,07:22:34,00:51:39,51.65
4199,294,12-11-2021,BT02,BT01,2,06:39:21,07:28:55,00:49:34,49.57
4200,1410,12-11-2021,BT01,BT02,1,06:40:18,07:21:22,00:41:04,41.07
4201,250,12-11-2021,BT02,BT01,2,06:49:49,07:34:35,00:44:46,44.77
4202,262,12-11-2021,BT01,BT02,1,06:51:19,07:42:29,00:51:10,51.17
4203,505,12-11-2021,BT01,BT02,1,07:00:34,07:48:11,00:47:37,47.62
4204,116,12-11-2021,BT01,BT02,1,07:11:16,07:58:49,00:47:33,47.55
4205,128,12-11-2021,BT02,BT01,2,07:13:37,07:54:13,00:40:36,40.6
4206,294,12-11-2021,BT01,BT02,1,07:39:08,08:28:43,00:49:35,49.58
4207,250,12-11-2021,BT01,BT02,1,07:49:53,08:36:21,00:46:28,46.47
4208,128,12-11-2021,BT01,BT02,1,08:10:45,09:03:32,00:52:47,52.78
4209,1408,12-11-2021,BT02,BT01,2,08:29:34,09:26:04,00:56:30,56.5
4210,1410,12-11-2021,BT02,BT01,2,08:51:05,09:53:28,01:02:23,62.38
4211,117,12-11-2021,BT02,BT01,2,08:58:59,09:54:10,00:55:11,55.18
4212,262,12-11-2021,BT02,BT01,2,09:11:15,10:03:44,00:52:29,52.48
4213,505,12-11-2021,BT02,BT01,2,09:20:41,10:07:53,00:47:12,47.2
4214,116,12-11-2021,BT02,BT01,2,09:27:25,10:23:55,00:56:30,56.5
4215,1408,12-11-2021,BT01,BT02,1,09:41:03,10:37:41,00:56:38,56.63
4216,294,12-11-2021,BT02,BT01,2,10:00:19,10:55:49,00:55:30,55.5
4217,1410,12-11-2021,BT01,BT02,1,10:10:25,11:05:39,00:55:14,55.23
4218,128,12-11-2021,BT02,BT01,2,10:11:53,11:03:35,00:51:42,51.7
4219,117,12-11-2021,BT01,BT02,1,10:21:17,11:20:00,00:58:43,58.72
4220,262,12-11-2021,BT01,BT02,1,10:31:49,11:27:39,00:55:50,55.83
4221,505,12-11-2021,BT01,BT02,1,10:40:58,11:28:31,00:47:33,47.55
4222,116,12-11-2021,BT01,BT02,1,10:51:16,11:51:27,01:00:11,60.18
4223,294,12-11-2021,BT01,BT02,1,11:22:11,12:16:39,00:54:28,54.47
4224,128,12-11-2021,BT01,BT02,1,11:29:17,12:22:33,00:53:16,53.27
4225,1408,12-11-2021,BT02,BT01,2,11:50:04,12:46:06,00:56:02,56.03
4226,1410,12-11-2021,BT02,BT01,2,12:10:33,13:05:12,00:54:39,54.65
4227,117,12-11-2021,BT02,BT01,2,12:20:07,13:17:25,00:57:18,57.3
4228,262,12-11-2021,BT02,BT01,2,12:31:44,13:22:02,00:50:18,50.3
4229,505,12-11-2021,BT02,BT01,2,12:41:13,13:33:36,00:52:23,52.38
4230,116,12-11-2021,BT02,BT01,2,12:50:27,13:39:48,00:49:21,49.35
4231,1408,12-11-2021,BT01,BT02,1,13:01:10,13:58:41,00:57:31,57.52
4232,294,12-11-2021,BT02,BT01,2,13:18:45,14:10:13,00:51:28,51.47
4233,1410,12-11-2021,BT01,BT02,1,13:21:01,14:07:44,00:46:43,46.72
4234,128,12-11-2021,BT02,BT01,2,13:30:34,14:26:46,00:56:12,56.2
4235,117,12-11-2021,BT01,BT02,1,13:31:29,14:24:40,00:53:11,53.18
4236,262,12-11-2021,BT01,BT02,1,13:39:45,14:35:38,00:55:53,55.88
4237,505,12-11-2021,BT01,BT02,1,13:51:41,14:42:19,00:50:38,50.63
4238,116,12-11-2021,BT01,BT02,1,14:01:11,14:53:27,00:52:16,52.27
4239,294,12-11-2021,BT01,BT02,1,14:42:27,15:31:03,00:48:36,48.6
4240,1408,12-11-2021,BT02,BT01,2,14:49:32,15:44:07,00:54:35,54.58
4241,128,12-11-2021,BT01,BT02,1,14:51:56,15:48:19,00:56:23,56.38
4242,1410,12-11-2021,BT02,BT01,2,15:10:49,16:08:10,00:57:21,57.35
4243,117,12-11-2021,BT02,BT01,2,15:30:40,16:28:11,00:57:31,57.52
4244,262,12-11-2021,BT02,BT01,2,15:38:30,16:32:29,00:53:59,53.98
4245,505,12-11-2021,BT02,BT01,2,15:50:24,16:42:42,00:52:18,52.3
4246,116,12-11-2021,BT02,BT01,2,16:00:46,16:56:01,00:55:15,55.25
4247,1408,12-11-2021,BT01,BT02,1,16:18:52,17:09:59,00:51:07,51.12
4248,294,12-11-2021,BT02,BT01,2,16:30:40,17:22:45,00:52:05,52.08
4249,128,12-11-2021,BT02,BT01,2,16:41:18,17:37:36,00:56:18,56.3
4250,1410,12-11-2021,BT01,BT02,1,16:46:13,17:37:42,00:51:29,51.48
4251,262,12-11-2021,BT01,BT02,1,17:01:06,17:50:22,00:49:16,49.27
4252,505,12-11-2021,BT01,BT02,1,17:15:33,18:05:32,00:49:59,49.98
4253,116,12-11-2021,BT01,BT02,1,17:20:45,18:14:36,00:53:51,53.85
4254,294,12-11-2021,BT01,BT02,1,17:57:48,18:41:47,00:43:59,43.98
4255,262,12-11-2021,BT02,BT01,2,18:20:50,19:04:07,00:43:17,43.28
4256,128,12-11-2021,BT01,BT02,1,18:36:22,19:24:28,00:48:06,48.1
4257,123,12-11-2021,BT01,BT02,1,20:07:23,20:50:15,00:42:52,42.87
4258,274,12-12-2021,BT02,BT01,2,05:50:15,06:32:09,00:41:54,41.9
4259,279,12-12-2021,BT02,BT01,2,06:08:12,06:54:07,00:45:55,45.92
4260,294,12-12-2021,BT02,BT01,2,06:30:46,07:14:50,00:44:04,44.07
4261,1410,12-12-2021,BT01,BT02,1,06:41:47,07:28:14,00:46:27,46.45
4262,123,12-12-2021,BT02,BT01,2,06:58:14,07:41:57,00:43:43,43.72
4263,274,12-12-2021,BT01,BT02,1,07:00:19,07:52:19,00:52:00,52
4264,121,12-12-2021,BT02,BT01,2,07:10:34,07:57:37,00:47:03,47.05
4265,279,12-12-2021,BT01,BT02,1,07:11:09,08:07:57,00:56:48,56.8
4266,294,12-12-2021,BT01,BT02,1,07:30:00,08:09:40,00:39:40,39.67
4267,1143,12-12-2021,BT02,BT01,2,07:30:35,08:20:05,00:49:30,49.5
4268,123,12-12-2021,BT01,BT02,1,08:00:48,08:52:01,00:51:13,51.22
4269,121,12-12-2021,BT01,BT02,1,08:14:46,09:06:04,00:51:18,51.3
4270,116,12-12-2021,BT02,BT01,2,08:30:32,09:25:10,00:54:38,54.63
4271,1143,12-12-2021,BT01,BT02,1,08:33:30,09:26:30,00:53:00,53
4272,1410,12-12-2021,BT02,BT01,2,09:29:22,10:27:38,00:58:16,58.27
4273,116,12-12-2021,BT01,BT02,1,09:41:25,10:28:37,00:47:12,47.2
4274,274,12-12-2021,BT02,BT01,2,09:47:41,10:47:50,01:00:09,60.15
4275,279,12-12-2021,BT02,BT01,2,10:00:00,10:59:56,00:59:56,59.93
4276,294,12-12-2021,BT02,BT01,2,10:19:57,11:20:38,01:00:41,60.68
4277,1410,12-12-2021,BT01,BT02,1,10:40:48,11:39:02,00:58:14,58.23
4278,123,12-12-2021,BT02,BT01,2,10:50:28,11:49:09,00:58:41,58.68
4279,274,12-12-2021,BT01,BT02,1,11:00:26,11:59:40,00:59:14,59.23
4280,121,12-12-2021,BT02,BT01,2,11:00:35,11:55:53,00:55:18,55.3
4281,279,12-12-2021,BT01,BT02,1,11:10:11,12:04:44,00:54:33,54.55
4282,1143,12-12-2021,BT02,BT01,2,11:20:10,12:12:39,00:52:29,52.48
4283,294,12-12-2021,BT01,BT02,1,11:35:09,12:30:48,00:55:39,55.65
4284,123,12-12-2021,BT01,BT02,1,12:09:27,13:06:37,00:57:10,57.17
4285,121,12-12-2021,BT01,BT02,1,12:21:40,13:17:16,00:55:36,55.6
4286,1143,12-12-2021,BT01,BT02,1,12:41:33,13:31:37,00:50:04,50.07
4287,274,12-12-2021,BT02,BT01,2,13:11:29,14:04:15,00:52:46,52.77
4288,279,12-12-2021,BT02,BT01,2,13:20:22,14:13:25,00:53:03,53.05
4289,294,12-12-2021,BT02,BT01,2,13:40:52,14:30:42,00:49:50,49.83
4290,123,12-12-2021,BT02,BT01,2,14:11:00,15:04:03,00:53:03,53.05
4291,121,12-12-2021,BT02,BT01,2,14:19:20,15:08:59,00:49:39,49.65
4292,274,12-12-2021,BT01,BT02,1,14:31:19,15:26:36,00:55:17,55.28
4293,1143,12-12-2021,BT02,BT01,2,14:41:03,15:30:12,00:49:09,49.15
4294,279,12-12-2021,BT01,BT02,1,14:41:39,15:32:39,00:51:00,51
4295,294,12-12-2021,BT01,BT02,1,15:02:12,15:51:21,00:49:09,49.15
4296,123,12-12-2021,BT01,BT02,1,15:30:33,16:21:42,00:51:09,51.15
4297,121,12-12-2021,BT01,BT02,1,15:41:18,16:35:52,00:54:34,54.57
4298,1143,12-12-2021,BT01,BT02,1,16:01:42,16:53:51,00:52:09,52.15
4299,274,12-12-2021,BT02,BT01,2,16:31:10,17:21:24,00:50:14,50.23
4300,279,12-12-2021,BT02,BT01,2,16:39:05,17:31:02,00:51:57,51.95
4301,294,12-12-2021,BT02,BT01,2,17:01:02,17:59:22,00:58:20,58.33
4302,123,12-12-2021,BT02,BT01,2,17:40:32,18:25:24,00:44:52,44.87
4303,274,12-12-2021,BT01,BT02,1,17:42:49,18:29:05,00:46:16,46.27
4304,279,12-12-2021,BT01,BT02,1,17:52:26,18:39:20,00:46:54,46.9
4305,294,12-12-2021,BT01,BT02,1,18:24:51,19:08:58,00:44:07,44.12
4306,123,12-12-2021,BT01,BT02,1,18:50:02,19:32:31,00:42:29,42.48
4307,1408,12/13/2021,BT02,BT01,2,05:09:53,05:48:55,00:39:02,39.03
4308,505,12/13/2021,BT02,BT01,2,05:30:40,06:04:49,00:34:09,34.15
4309,279,12/13/2021,BT02,BT01,2,05:59:12,06:49:31,00:50:19,50.32
4310,117,12/13/2021,BT01,BT02,1,06:08:58,07:13:00,01:04:02,64.03
4311,116,12/13/2021,BT02,BT01,2,06:09:47,07:02:52,00:53:05,53.08
4312,262,12/13/2021,BT01,BT02,1,06:20:43,07:13:19,00:52:36,52.6
4313,294,12/13/2021,BT02,BT01,2,06:39:53,07:42:28,01:02:35,62.58
4314,1408,12/13/2021,BT01,BT02,1,06:40:58,07:43:53,01:02:55,62.92
4315,250,12/13/2021,BT02,BT01,2,06:50:38,07:46:36,00:55:58,55.97
4316,505,12/13/2021,BT01,BT02,1,06:51:40,07:53:59,01:02:19,62.32
4317,279,12/13/2021,BT01,BT02,1,07:00:35,08:08:03,01:07:28,67.47
4318,123,12/13/2021,BT02,BT01,2,07:19:08,08:03:00,00:43:52,43.87
4319,116,12/13/2021,BT01,BT02,1,07:21:12,08:17:34,00:56:22,56.37
4320,1143,12/13/2021,BT02,BT01,2,07:29:51,08:16:28,00:46:37,46.62
4321,128,12/13/2021,BT02,BT01,2,07:41:18,08:27:49,00:46:31,46.52
4322,294,12/13/2021,BT01,BT02,1,07:51:47,08:41:46,00:49:59,49.98
4323,250,12/13/2021,BT01,BT02,1,07:59:24,08:45:35,00:46:11,46.18
4324,121,12/13/2021,BT02,BT01,2,08:10:55,08:58:26,00:47:31,47.52
4325,123,12/13/2021,BT01,BT02,1,08:29:02,09:21:05,00:52:03,52.05
4326,117,12/13/2021,BT02,BT01,2,08:29:30,09:20:50,00:51:20,51.33
4327,262,12/13/2021,BT02,BT01,2,08:39:54,09:31:47,00:51:53,51.88
4328,1143,12/13/2021,BT01,BT02,1,08:40:12,09:28:52,00:48:40,48.67
4329,128,12/13/2021,BT01,BT02,1,08:50:34,09:40:13,00:49:39,49.65
4330,1408,12/13/2021,BT02,BT01,2,09:00:35,09:54:10,00:53:35,53.58
4331,505,12/13/2021,BT02,BT01,2,09:08:37,10:02:22,00:53:45,53.75
4332,279,12/13/2021,BT02,BT01,2,09:20:45,10:18:44,00:57:59,57.98
4333,121,12/13/2021,BT01,BT02,1,09:21:15,10:15:16,00:54:01,54.02
4334,116,12/13/2021,BT02,BT01,2,09:30:52,10:25:45,00:54:53,54.88
4335,117,12/13/2021,BT01,BT02,1,09:39:40,10:32:15,00:52:35,52.58
4336,262,12/13/2021,BT01,BT02,1,09:51:02,10:46:13,00:55:11,55.18
4337,294,12/13/2021,BT02,BT01,2,10:00:29,10:55:36,00:55:07,55.12
4338,250,12/13/2021,BT02,BT01,2,10:10:32,10:59:37,00:49:05,49.08
4339,1408,12/13/2021,BT01,BT02,1,10:10:55,11:02:08,00:51:13,51.22
4340,505,12/13/2021,BT01,BT02,1,10:21:04,11:03:43,00:42:39,42.65
4341,279,12/13/2021,BT01,BT02,1,10:30:29,11:28:51,00:58:22,58.37
4342,116,12/13/2021,BT01,BT02,1,10:41:15,11:41:27,01:00:12,60.2
4343,1143,12/13/2021,BT02,BT01,2,10:51:33,11:49:31,00:57:58,57.97
4344,128,12/13/2021,BT02,BT01,2,11:01:30,11:53:22,00:51:52,51.87
4345,294,12/13/2021,BT01,BT02,1,11:10:00,12:05:59,00:55:59,55.98
4346,250,12/13/2021,BT01,BT02,1,11:21:47,12:15:53,00:54:06,54.1
4347,121,12/13/2021,BT02,BT01,2,11:30:40,12:26:53,00:56:13,56.22
4348,117,12/13/2021,BT02,BT01,2,11:49:41,12:47:08,00:57:27,57.45
4349,262,12/13/2021,BT02,BT01,2,12:00:19,12:52:06,00:51:47,51.78
4350,1143,12/13/2021,BT01,BT02,1,12:01:33,12:58:42,00:57:09,57.15
4351,128,12/13/2021,BT01,BT02,1,12:12:14,13:11:45,00:59:31,59.52
4352,1408,12/13/2021,BT02,BT01,2,12:19:26,13:16:08,00:56:42,56.7
4353,505,12/13/2021,BT02,BT01,2,12:30:29,13:29:40,00:59:11,59.18
4354,121,12/13/2021,BT01,BT02,1,12:41:19,13:41:49,01:00:30,60.5
4355,116,12/13/2021,BT02,BT01,2,12:50:46,13:59:46,01:09:00,69
4356,117,12/13/2021,BT01,BT02,1,13:11:58,14:12:32,01:00:34,60.57
4357,294,12/13/2021,BT02,BT01,2,13:20:57,14:20:57,01:00:00,60
4358,262,12/13/2021,BT01,BT02,1,13:21:05,14:20:55,00:59:50,59.83
4359,250,12/13/2021,BT02,BT01,2,13:31:03,14:23:50,00:52:47,52.78
4360,1143,12/13/2021,BT02,BT01,2,13:51:56,14:55:57,01:04:01,64.02
4361,1408,12/13/2021,BT01,BT02,1,13:52:59,14:52:45,00:59:46,59.77
4362,128,12/13/2021,BT02,BT01,2,14:01:07,14:58:20,00:57:13,57.22
4363,505,12/13/2021,BT01,BT02,1,14:01:59,14:53:39,00:51:40,51.67
4364,116,12/13/2021,BT01,BT02,1,14:10:01,15:04:08,00:54:07,54.12
4365,294,12/13/2021,BT01,BT02,1,14:41:38,15:31:22,00:49:44,49.73
4366,117,12/13/2021,BT02,BT01,2,14:49:24,15:45:15,00:55:51,55.85
4367,250,12/13/2021,BT01,BT02,1,14:50:36,15:44:47,00:54:11,54.18
4368,262,12/13/2021,BT02,BT01,2,15:00:16,15:53:43,00:53:27,53.45
4369,1143,12/13/2021,BT01,BT02,1,15:11:06,16:06:13,00:55:07,55.12
4370,1408,12/13/2021,BT02,BT01,2,15:20:29,16:16:40,00:56:11,56.18
4371,128,12/13/2021,BT01,BT02,1,15:21:35,16:15:38,00:54:03,54.05
4372,505,12/13/2021,BT02,BT01,2,15:30:12,16:28:15,00:58:03,58.05
4373,279,12/13/2021,BT02,BT01,2,15:40:31,16:38:55,00:58:24,58.4
4374,123,12/13/2021,BT01,BT02,1,15:41:19,16:34:18,00:52:59,52.98
4375,121,12/13/2021,BT02,BT01,2,15:50:34,16:44:29,00:53:55,53.92
4376,116,12/13/2021,BT02,BT01,2,16:00:30,16:52:32,00:52:02,52.03
4377,117,12/13/2021,BT01,BT02,1,16:31:48,17:42:23,01:10:35,70.58
4378,262,12/13/2021,BT01,BT02,1,16:39:19,17:30:35,00:51:16,51.27
4379,294,12/13/2021,BT02,BT01,2,16:39:42,17:34:33,00:54:51,54.85
4380,250,12/13/2021,BT02,BT01,2,16:50:37,17:42:50,00:52:13,52.22
4381,1408,12/13/2021,BT01,BT02,1,17:00:37,17:51:49,00:51:12,51.2
4382,505,12/13/2021,BT01,BT02,1,17:11:18,18:02:40,00:51:22,51.37
4383,1143,12/13/2021,BT02,BT01,2,17:11:36,18:09:42,00:58:06,58.1
4384,279,12/13/2021,BT01,BT02,1,17:20:53,18:09:10,00:48:17,48.28
4385,128,12/13/2021,BT02,BT01,2,17:31:14,18:31:20,01:00:06,60.1
4386,121,12/13/2021,BT01,BT02,1,17:31:15,18:22:06,00:50:51,50.85
4387,116,12/13/2021,BT01,BT02,1,17:50:38,18:42:37,00:51:59,51.98
4388,262,12/13/2021,BT02,BT01,2,17:59:49,18:48:45,00:48:56,48.93
4389,117,12/13/2021,BT02,BT01,2,18:16:16,19:11:01,00:54:45,54.75
4390,294,12/13/2021,BT01,BT02,1,18:47:11,19:31:54,00:44:43,44.72
4391,123,12/13/2021,BT01,BT02,1,20:00:02,20:34:03,00:34:01,34.02
4392,1143,12/13/2021,BT01,BT02,1,20:18:58,20:56:46,00:37:48,37.8
4393,128,12/13/2021,BT01,BT02,1,20:42:51,21:20:32,00:37:41,37.68
4394,505,12/14/2021,BT02,BT01,2,05:30:36,06:04:29,00:33:53,33.88
4395,274,12/14/2021,BT02,BT01,2,05:41:01,06:21:44,00:40:43,40.72
4396,116,12/14/2021,BT02,BT01,2,06:01:03,06:50:09,00:49:06,49.1
4397,1410,12/14/2021,BT01,BT02,1,06:11:00,07:04:30,00:53:30,53.5
4398,250,12/14/2021,BT02,BT01,2,06:20:49,07:16:19,00:55:30,55.5
4399,117,12/14/2021,BT01,BT02,1,06:40:32,07:39:47,00:59:15,59.25
4400,505,12/14/2021,BT01,BT02,1,06:50:54,07:44:07,00:53:13,53.22
4401,274,12/14/2021,BT01,BT02,1,06:59:27,07:58:05,00:58:38,58.63
4402,116,12/14/2021,BT01,BT02,1,07:11:18,08:05:36,00:54:18,54.3
4403,123,12/14/2021,BT02,BT01,2,07:17:12,08:04:11,00:46:59,46.98
4404,250,12/14/2021,BT01,BT02,1,07:30:03,08:15:45,00:45:42,45.7
4405,513,12/14/2021,BT02,BT01,2,07:41:31,08:36:17,00:54:46,54.77
4406,121,12/14/2021,BT02,BT01,2,07:50:37,08:46:32,00:55:55,55.92
4407,279,12/14/2021,BT02,BT01,2,08:00:36,08:50:26,00:49:50,49.83
4408,1143,12/14/2021,BT02,BT01,2,08:10:27,08:57:30,00:47:03,47.05
4409,1410,12/14/2021,BT02,BT01,2,08:20:35,09:12:12,00:51:37,51.62
4410,123,12/14/2021,BT01,BT02,1,08:21:11,09:12:19,00:51:08,51.13
4411,117,12/14/2021,BT02,BT01,2,08:50:49,09:45:43,00:54:54,54.9
4412,505,12/14/2021,BT02,BT01,2,08:58:57,09:51:34,00:52:37,52.62
4413,121,12/14/2021,BT01,BT02,1,09:01:41,09:57:17,00:55:36,55.6
4414,274,12/14/2021,BT02,BT01,2,09:11:19,10:04:04,00:52:45,52.75
4415,279,12/14/2021,BT01,BT02,1,09:11:19,10:06:30,00:55:11,55.18
4416,116,12/14/2021,BT02,BT01,2,09:20:19,10:14:40,00:54:21,54.35
4417,1143,12/14/2021,BT01,BT02,1,09:21:13,10:15:47,00:54:34,54.57
4418,1410,12/14/2021,BT01,BT02,1,09:30:43,10:26:39,00:55:56,55.93
4419,250,12/14/2021,BT02,BT01,2,09:41:00,10:29:53,00:48:53,48.88
4420,117,12/14/2021,BT01,BT02,1,10:00:58,10:48:30,00:47:32,47.53
4421,505,12/14/2021,BT01,BT02,1,10:11:34,11:02:03,00:50:29,50.48
4422,274,12/14/2021,BT01,BT02,1,10:20:50,11:14:46,00:53:56,53.93
4423,123,12/14/2021,BT02,BT01,2,10:29:54,11:19:45,00:49:51,49.85
4424,116,12/14/2021,BT01,BT02,1,10:31:25,11:31:26,01:00:01,60.02
4425,250,12/14/2021,BT01,BT02,1,10:51:09,11:48:55,00:57:46,57.77
4426,121,12/14/2021,BT02,BT01,2,10:51:15,11:48:47,00:57:32,57.53
4427,279,12/14/2021,BT02,BT01,2,11:00:23,11:53:08,00:52:45,52.75
4428,1143,12/14/2021,BT02,BT01,2,11:10:43,12:04:56,00:54:13,54.22
4429,1410,12/14/2021,BT02,BT01,2,11:20:46,12:16:59,00:56:13,56.22
4430,123,12/14/2021,BT01,BT02,1,11:41:38,12:40:23,00:58:45,58.75
4431,117,12/14/2021,BT02,BT01,2,11:50:40,12:48:09,00:57:29,57.48
4432,505,12/14/2021,BT02,BT01,2,12:00:46,12:52:22,00:51:36,51.6
4433,121,12/14/2021,BT01,BT02,1,12:01:24,12:59:50,00:58:26,58.43
4434,279,12/14/2021,BT01,BT02,1,12:10:48,13:15:38,01:04:50,64.83
4435,274,12/14/2021,BT02,BT01,2,12:11:45,13:03:29,00:51:44,51.73
4436,116,12/14/2021,BT02,BT01,2,12:19:10,13:14:07,00:54:57,54.95
4437,1143,12/14/2021,BT01,BT02,1,12:21:27,13:20:09,00:58:42,58.7
4438,1410,12/14/2021,BT01,BT02,1,12:30:57,13:38:00,01:07:03,67.05
4439,250,12/14/2021,BT02,BT01,2,12:41:14,13:36:02,00:54:48,54.8
4440,117,12/14/2021,BT01,BT02,1,12:59:24,13:56:26,00:57:02,57.03
4441,505,12/14/2021,BT01,BT02,1,13:11:35,14:03:36,00:52:01,52.02
4442,274,12/14/2021,BT01,BT02,1,13:20:34,14:15:29,00:54:55,54.92
4443,116,12/14/2021,BT01,BT02,1,13:31:36,14:35:32,01:03:56,63.93
4444,279,12/14/2021,BT02,BT01,2,13:40:06,14:37:45,00:57:39,57.65
4445,1143,12/14/2021,BT02,BT01,2,13:50:29,14:44:09,00:53:40,53.67
4446,250,12/14/2021,BT01,BT02,1,13:51:24,14:46:57,00:55:33,55.55
4447,1410,12/14/2021,BT02,BT01,2,14:00:58,14:40:56,00:39:58,39.97
4448,123,12/14/2021,BT02,BT01,2,14:20:35,15:17:25,00:56:50,56.83
4449,117,12/14/2021,BT02,BT01,2,14:39:57,15:32:56,00:52:59,52.98
4450,505,12/14/2021,BT02,BT01,2,14:50:31,15:41:17,00:50:46,50.77
4451,279,12/14/2021,BT01,BT02,1,14:59:41,15:56:42,00:57:01,57.02
4452,274,12/14/2021,BT02,BT01,2,15:00:48,15:47:53,00:47:05,47.08
4453,1410,12/14/2021,BT01,BT02,1,15:10:35,16:05:04,00:54:29,54.48
4454,116,12/14/2021,BT02,BT01,2,15:12:13,15:59:52,00:47:39,47.65
4455,1143,12/14/2021,BT01,BT02,1,15:21:52,16:12:36,00:50:44,50.73
4456,250,12/14/2021,BT02,BT01,2,15:30:51,16:27:11,00:56:20,56.33
4457,123,12/14/2021,BT01,BT02,1,15:41:03,16:39:58,00:58:55,58.92
4458,505,12/14/2021,BT01,BT02,1,16:00:49,16:56:10,00:55:21,55.35
4459,274,12/14/2021,BT01,BT02,1,16:10:31,17:03:28,00:52:57,52.95
4460,116,12/14/2021,BT01,BT02,1,16:21:01,17:15:38,00:54:37,54.62
4461,121,12/14/2021,BT02,BT01,2,16:30:07,17:22:13,00:52:06,52.1
4462,250,12/14/2021,BT01,BT02,1,16:41:07,17:32:39,00:51:32,51.53
4463,279,12/14/2021,BT02,BT01,2,16:42:01,17:39:58,00:57:57,57.95
4464,1410,12/14/2021,BT02,BT01,2,16:51:10,17:48:54,00:57:44,57.73
4465,116,12/14/2021,BT02,BT01,2,17:34:02,18:29:20,00:55:18,55.3
4466,121,12/14/2021,BT01,BT02,1,17:51:22,18:33:34,00:42:12,42.2
4467,279,12/14/2021,BT01,BT02,1,18:03:32,18:52:20,00:48:48,48.8
4468,1410,12/14/2021,BT01,BT02,1,18:23:31,19:15:45,00:52:14,52.23
4469,116,12/14/2021,BT01,BT02,1,19:19:16,20:03:49,00:44:33,44.55
4470,123,12/14/2021,BT01,BT02,1,20:54:57,21:27:14,00:32:17,32.28
4471,1408,12/15/2021,BT02,BT01,2,05:07:06,05:51:10,00:44:04,44.07
4472,505,12/15/2021,BT02,BT01,2,05:28:34,06:02:23,00:33:49,33.82
4473,274,12/15/2021,BT02,BT01,2,05:41:13,06:17:22,00:36:09,36.15
4474,1408,12/15/2021,BT01,BT02,1,06:16:19,07:07:06,00:50:47,50.78
4475,294,12/15/2021,BT02,BT01,2,06:21:12,07:21:54,01:00:42,60.7
4476,117,12/15/2021,BT01,BT02,1,06:40:24,07:38:25,00:58:01,58.02
4477,250,12/15/2021,BT02,BT01,2,06:40:49,07:30:54,00:50:05,50.08
4478,1410,12/15/2021,BT01,BT02,1,06:51:01,07:45:43,00:54:42,54.7
4479,128,12/15/2021,BT02,BT01,2,06:59:38,07:47:36,00:47:58,47.97
4480,505,12/15/2021,BT01,BT02,1,07:01:50,07:58:38,00:56:48,56.8
4481,274,12/15/2021,BT01,BT02,1,07:11:04,08:09:23,00:58:19,58.32
4482,123,12/15/2021,BT02,BT01,2,07:21:04,08:04:21,00:43:17,43.28
4483,294,12/15/2021,BT01,BT02,1,07:40:35,08:28:44,00:48:09,48.15
4484,250,12/15/2021,BT01,BT02,1,08:00:40,08:45:48,00:45:08,45.13
4485,279,12/15/2021,BT02,BT01,2,08:11:58,09:00:53,00:48:55,48.92
4486,128,12/15/2021,BT01,BT02,1,08:20:48,09:08:09,00:47:21,47.35
4487,1143,12/15/2021,BT02,BT01,2,08:30:38,09:24:07,00:53:29,53.48
4488,123,12/15/2021,BT01,BT02,1,08:40:08,09:26:29,00:46:21,46.35
4489,1408,12/15/2021,BT02,BT01,2,09:00:37,09:49:41,00:49:04,49.07
4490,279,12/15/2021,BT01,BT02,1,09:12:07,10:05:57,00:53:50,53.83
4491,117,12/15/2021,BT02,BT01,2,09:21:19,10:08:35,00:47:16,47.27
4492,1410,12/15/2021,BT02,BT01,2,09:30:15,10:21:40,00:51:25,51.42
4493,123,12/15/2021,BT02,BT01,2,09:40:40,10:33:57,00:53:17,53.28
4494,1143,12/15/2021,BT01,BT02,1,09:40:54,10:31:00,00:50:06,50.1
4495,505,12/15/2021,BT02,BT01,2,09:50:40,10:40:27,00:49:47,49.78
4496,274,12/15/2021,BT02,BT01,2,09:59:15,10:49:51,00:50:36,50.6
4497,1408,12/15/2021,BT01,BT02,1,10:11:34,11:01:35,00:50:01,50.02
4498,294,12/15/2021,BT02,BT01,2,10:31:13,11:25:19,00:54:06,54.1
4499,117,12/15/2021,BT01,BT02,1,10:31:20,11:23:40,00:52:20,52.33
4500,1410,12/15/2021,BT01,BT02,1,10:41:13,11:33:11,00:51:58,51.97
4501,250,12/15/2021,BT02,BT01,2,10:50:46,11:40:21,00:49:35,49.58
4502,505,12/15/2021,BT01,BT02,1,10:51:18,11:41:29,00:50:11,50.18
4503,274,12/15/2021,BT01,BT02,1,11:00:25,11:55:17,00:54:52,54.87
4504,128,12/15/2021,BT02,BT01,2,11:10:34,12:07:34,00:57:00,57
4505,294,12/15/2021,BT01,BT02,1,11:41:57,12:41:16,00:59:19,59.32
4506,279,12/15/2021,BT02,BT01,2,11:50:44,12:45:15,00:54:31,54.52
4507,1143,12/15/2021,BT02,BT01,2,11:59:45,12:50:47,00:51:02,51.03
4508,250,12/15/2021,BT01,BT02,1,12:00:04,12:50:48,00:50:44,50.73
4509,128,12/15/2021,BT01,BT02,1,12:21:27,13:18:02,00:56:35,56.58
4510,1408,12/15/2021,BT02,BT01,2,12:30:35,13:30:22,00:59:47,59.78
4511,117,12/15/2021,BT02,BT01,2,12:50:29,13:43:43,00:53:14,53.23
4512,1410,12/15/2021,BT02,BT01,2,13:00:15,14:04:17,01:04:02,64.03
4513,505,12/15/2021,BT02,BT01,2,13:10:45,14:13:15,01:02:30,62.5
4514,279,12/15/2021,BT01,BT02,1,13:11:49,14:11:56,01:00:07,60.12
4515,1143,12/15/2021,BT01,BT02,1,13:19:07,14:16:34,00:57:27,57.45
4516,274,12/15/2021,BT02,BT01,2,13:20:28,14:20:40,01:00:12,60.2
4517,1408,12/15/2021,BT01,BT02,1,13:50:00,14:51:33,01:01:33,61.55
4518,294,12/15/2021,BT02,BT01,2,13:50:43,14:46:01,00:55:18,55.3
4519,250,12/15/2021,BT02,BT01,2,14:10:57,15:02:19,00:51:22,51.37
4520,117,12/15/2021,BT01,BT02,1,14:11:00,15:06:08,00:55:08,55.13
4521,1410,12/15/2021,BT01,BT02,1,14:21:07,15:09:36,00:48:29,48.48
4522,128,12/15/2021,BT02,BT01,2,14:29:31,15:19:13,00:49:42,49.7
4523,505,12/15/2021,BT01,BT02,1,14:31:25,15:23:03,00:51:38,51.63
4524,274,12/15/2021,BT01,BT02,1,14:39:45,15:28:18,00:48:33,48.55
4525,123,12/15/2021,BT02,BT01,2,14:49:43,15:46:21,00:56:38,56.63
4526,294,12/15/2021,BT01,BT02,1,15:12:11,16:04:20,00:52:09,52.15
4527,279,12/15/2021,BT02,BT01,2,15:21:26,16:16:04,00:54:38,54.63
4528,250,12/15/2021,BT01,BT02,1,15:30:08,16:26:10,00:56:02,56.03
4529,1143,12/15/2021,BT02,BT01,2,15:31:00,16:26:29,00:55:29,55.48
4530,128,12/15/2021,BT01,BT02,1,15:51:45,16:47:14,00:55:29,55.48
4531,1408,12/15/2021,BT02,BT01,2,15:59:30,16:53:41,00:54:11,54.18
4532,123,12/15/2021,BT01,BT02,1,16:11:32,17:08:56,00:57:24,57.4
4533,117,12/15/2021,BT02,BT01,2,16:21:51,17:14:25,00:52:34,52.57
4534,1410,12/15/2021,BT02,BT01,2,16:30:50,17:23:31,00:52:41,52.68
4535,505,12/15/2021,BT02,BT01,2,16:40:27,17:34:36,00:54:09,54.15
4536,279,12/15/2021,BT01,BT02,1,16:40:41,17:32:39,00:51:58,51.97
4537,1143,12/15/2021,BT01,BT02,1,16:49:20,17:41:43,00:52:23,52.38
4538,274,12/15/2021,BT02,BT01,2,16:50:41,17:43:20,00:52:39,52.65
4539,1408,12/15/2021,BT01,BT02,1,17:20:18,18:10:21,00:50:03,50.05
4540,294,12/15/2021,BT02,BT01,2,17:22:48,18:18:25,00:55:37,55.62
4541,250,12/15/2021,BT02,BT01,2,17:40:59,18:42:12,01:01:13,61.22
4542,1410,12/15/2021,BT01,BT02,1,17:47:36,18:31:29,00:43:53,43.88
4543,128,12/15/2021,BT02,BT01,2,17:55:43,18:55:38,00:59:55,59.92
4544,505,12/15/2021,BT01,BT02,1,18:01:22,18:50:06,00:48:44,48.73
4545,274,12/15/2021,BT01,BT02,1,18:07:14,18:49:38,00:42:24,42.4
4546,294,12/15/2021,BT01,BT02,1,19:06:38,19:53:23,00:46:45,46.75
4547,250,12/15/2021,BT01,BT02,1,19:37:04,20:16:32,00:39:28,39.47
4548,128,12/15/2021,BT01,BT02,1,20:10:04,20:52:39,00:42:35,42.58
4549,123,12/15/2021,BT01,BT02,1,20:56:30,21:28:46,00:32:16,32.27
4550,1408,12/16/2021,BT02,BT01,2,05:08:45,05:44:55,00:36:10,36.17
4551,505,12/16/2021,BT02,BT01,2,05:30:29,06:01:29,00:31:00,31
4552,1408,12/16/2021,BT01,BT02,1,06:10:05,07:08:32,00:58:27,58.45
4553,294,12/16/2021,BT02,BT01,2,06:10:49,07:05:42,00:54:53,54.88
4554,250,12/16/2021,BT02,BT01,2,06:20:07,07:15:18,00:55:11,55.18
4555,1410,12/16/2021,BT01,BT02,1,06:31:08,07:29:39,00:58:31,58.52
4556,128,12/16/2021,BT02,BT01,2,06:40:17,07:34:57,00:54:40,54.67
4557,117,12/16/2021,BT01,BT02,1,06:40:51,07:41:42,01:00:51,60.85
4558,262,12/16/2021,BT01,BT02,1,06:49:54,07:42:44,00:52:50,52.83
4559,505,12/16/2021,BT01,BT02,1,07:00:12,07:56:41,00:56:29,56.48
4560,1358,12/16/2021,BT02,BT01,2,07:09:08,07:56:53,00:47:45,47.75
4561,294,12/16/2021,BT01,BT02,1,07:20:23,08:13:41,00:53:18,53.3
4562,250,12/16/2021,BT01,BT02,1,07:30:05,08:20:23,00:50:18,50.3
4563,128,12/16/2021,BT01,BT02,1,07:50:30,08:40:11,00:49:41,49.68
4564,121,12/16/2021,BT02,BT01,2,08:10:59,08:59:50,00:48:51,48.85
4565,1358,12/16/2021,BT01,BT02,1,08:20:44,09:10:31,00:49:47,49.78
4566,116,12/16/2021,BT02,BT01,2,08:21:08,09:09:51,00:48:43,48.72
4567,1408,12/16/2021,BT02,BT01,2,08:40:17,09:32:17,00:52:00,52
4568,117,12/16/2021,BT02,BT01,2,09:00:07,09:51:53,00:51:46,51.77
4569,1410,12/16/2021,BT02,BT01,2,09:10:37,10:02:11,00:51:34,51.57
4570,262,12/16/2021,BT02,BT01,2,09:20:36,10:06:44,00:46:08,46.13
4571,121,12/16/2021,BT01,BT02,1,09:21:10,10:14:28,00:53:18,53.3
4572,505,12/16/2021,BT02,BT01,2,09:30:46,10:23:59,00:53:13,53.22
4573,116,12/16/2021,BT01,BT02,1,09:31:06,10:23:49,00:52:43,52.72
4574,1408,12/16/2021,BT01,BT02,1,09:50:13,10:45:03,00:54:50,54.83
4575,294,12/16/2021,BT02,BT01,2,09:50:47,10:47:55,00:57:08,57.13
4576,250,12/16/2021,BT02,BT01,2,10:01:15,10:51:51,00:50:36,50.6
4577,117,12/16/2021,BT01,BT02,1,10:10:07,11:01:48,00:51:41,51.68
4578,1410,12/16/2021,BT01,BT02,1,10:20:56,11:17:10,00:56:14,56.23
4579,128,12/16/2021,BT02,BT01,2,10:29:50,11:31:45,01:01:55,61.92
4580,262,12/16/2021,BT01,BT02,1,10:30:24,11:23:17,00:52:53,52.88
4581,505,12/16/2021,BT01,BT02,1,10:41:08,11:35:25,00:54:17,54.28
4582,1358,12/16/2021,BT02,BT01,2,10:50:37,11:47:34,00:56:57,56.95
4583,294,12/16/2021,BT01,BT02,1,11:00:12,11:52:38,00:52:26,52.43
4584,250,12/16/2021,BT01,BT02,1,11:10:55,12:06:40,00:55:45,55.75
4585,121,12/16/2021,BT02,BT01,2,11:50:22,12:44:36,00:54:14,54.23
4586,128,12/16/2021,BT01,BT02,1,11:50:48,12:50:12,00:59:24,59.4
4587,116,12/16/2021,BT02,BT01,2,11:57:33,12:52:03,00:54:30,54.5
4588,1408,12/16/2021,BT02,BT01,2,12:20:52,13:16:10,00:55:18,55.3
4589,1358,12/16/2021,BT01,BT02,1,12:21:32,13:27:51,01:06:19,66.32
4590,117,12/16/2021,BT02,BT01,2,12:40:54,13:35:56,00:55:02,55.03
4591,1410,12/16/2021,BT02,BT01,2,12:50:39,13:47:24,00:56:45,56.75
4592,262,12/16/2021,BT02,BT01,2,13:00:14,13:59:12,00:58:58,58.97
4593,505,12/16/2021,BT02,BT01,2,13:10:30,14:11:35,01:01:05,61.08
4594,116,12/16/2021,BT01,BT02,1,13:20:41,14:16:33,00:55:52,55.87
4595,1408,12/16/2021,BT01,BT02,1,13:30:19,14:31:21,01:01:02,61.03
4596,294,12/16/2021,BT02,BT01,2,13:31:18,14:19:41,00:48:23,48.38
4597,250,12/16/2021,BT02,BT01,2,13:41:00,14:36:51,00:55:51,55.85
4598,117,12/16/2021,BT01,BT02,1,14:00:31,14:59:10,00:58:39,58.65
4599,128,12/16/2021,BT02,BT01,2,14:11:00,15:04:39,00:53:39,53.65
4600,1410,12/16/2021,BT01,BT02,1,14:11:02,15:10:30,00:59:28,59.47
4601,262,12/16/2021,BT01,BT02,1,14:20:49,15:12:36,00:51:47,51.78
4602,505,12/16/2021,BT01,BT02,1,14:31:05,15:18:48,00:47:43,47.72
4603,1358,12/16/2021,BT02,BT01,2,14:31:16,15:24:36,00:53:20,53.33
4604,294,12/16/2021,BT01,BT02,1,14:50:44,15:42:23,00:51:39,51.65
4605,250,12/16/2021,BT01,BT02,1,15:01:22,15:55:56,00:54:34,54.57
4606,121,12/16/2021,BT02,BT01,2,15:20:51,16:15:34,00:54:43,54.72
4607,116,12/16/2021,BT02,BT01,2,15:30:34,16:18:30,00:47:56,47.93
4608,128,12/16/2021,BT01,BT02,1,15:31:05,16:29:04,00:57:59,57.98
4609,1358,12/16/2021,BT01,BT02,1,15:50:40,16:47:31,00:56:51,56.85
4610,1408,12/16/2021,BT02,BT01,2,15:50:42,16:47:56,00:57:14,57.23
4611,117,12/16/2021,BT02,BT01,2,16:11:17,17:09:58,00:58:41,58.68
4612,1410,12/16/2021,BT02,BT01,2,16:20:40,17:14:22,00:53:42,53.7
4613,262,12/16/2021,BT02,BT01,2,16:30:46,17:25:45,00:54:59,54.98
4614,505,12/16/2021,BT02,BT01,2,16:40:45,17:34:59,00:54:14,54.23
4615,121,12/16/2021,BT01,BT02,1,16:42:05,17:34:37,00:52:32,52.53
4616,116,12/16/2021,BT01,BT02,1,16:51:08,17:41:10,00:50:02,50.03
4617,294,12/16/2021,BT02,BT01,2,16:58:25,17:57:06,00:58:41,58.68
4618,250,12/16/2021,BT02,BT01,2,17:10:49,18:02:16,00:51:27,51.45
4619,1408,12/16/2021,BT01,BT02,1,17:20:12,18:16:52,00:56:40,56.67
4620,128,12/16/2021,BT02,BT01,2,17:39:33,18:38:54,00:59:21,59.35
4621,1410,12/16/2021,BT01,BT02,1,17:55:00,18:40:54,00:45:54,45.9
4622,262,12/16/2021,BT01,BT02,1,18:03:06,18:50:39,00:47:33,47.55
4623,505,12/16/2021,BT01,BT02,1,18:21:34,19:06:24,00:44:50,44.83
4624,294,12/16/2021,BT01,BT02,1,19:00:40,19:44:39,00:43:59,43.98
4625,250,12/16/2021,BT01,BT02,1,19:21:09,19:59:40,00:38:31,38.52
4626,123,12/16/2021,BT01,BT02,1,19:21:10,19:54:55,00:33:45,33.75
4627,128,12/16/2021,BT01,BT02,1,20:37:05,21:19:43,00:42:38,42.63
4628,1408,12/17/2021,BT02,BT01,2,05:06:59,05:46:55,00:39:56,39.93
4629,274,12/17/2021,BT02,BT01,2,05:29:14,06:08:13,00:38:59,38.98
4630,264,12/17/2021,BT02,BT01,2,06:20:04,07:16:28,00:56:24,56.4
4631,1410,12/17/2021,BT01,BT02,1,06:21:14,07:14:19,00:53:05,53.08
4632,262,12/17/2021,BT01,BT02,1,06:41:33,07:42:13,01:00:40,60.67
4633,1358,12/17/2021,BT02,BT01,2,06:50:28,07:37:28,00:47:00,47
4634,1408,12/17/2021,BT01,BT02,1,07:00:10,07:58:27,00:58:17,58.28
4635,274,12/17/2021,BT01,BT02,1,07:10:06,08:05:45,00:55:39,55.65
4636,264,12/17/2021,BT01,BT02,1,07:29:28,08:22:28,00:53:00,53
4637,121,12/17/2021,BT02,BT01,2,07:40:27,08:31:42,00:51:15,51.25
4638,279,12/17/2021,BT02,BT01,2,07:49:27,08:40:23,00:50:56,50.93
4639,1358,12/17/2021,BT01,BT02,1,08:00:29,08:49:53,00:49:24,49.4
4640,116,12/17/2021,BT02,BT01,2,08:00:30,08:49:08,00:48:38,48.63
4641,1410,12/17/2021,BT02,BT01,2,08:44:29,09:33:40,00:49:11,49.18
4642,121,12/17/2021,BT01,BT02,1,08:50:24,09:40:33,00:50:09,50.15
4643,262,12/17/2021,BT02,BT01,2,09:00:08,09:48:02,00:47:54,47.9
4644,279,12/17/2021,BT01,BT02,1,09:01:17,09:55:01,00:53:44,53.73
4645,116,12/17/2021,BT01,BT02,1,09:10:54,10:03:44,00:52:50,52.83
4646,1408,12/17/2021,BT02,BT01,2,09:20:34,10:12:47,00:52:13,52.22
4647,274,12/17/2021,BT02,BT01,2,09:30:06,10:19:45,00:49:39,49.65
4648,1410,12/17/2021,BT01,BT02,1,09:50:23,10:43:30,00:53:07,53.12
4649,264,12/17/2021,BT02,BT01,2,09:50:38,10:47:09,00:56:31,56.52
4650,262,12/17/2021,BT01,BT02,1,10:01:07,11:00:51,00:59:44,59.73
4651,1358,12/17/2021,BT02,BT01,2,10:10:25,11:04:40,00:54:15,54.25
4652,1408,12/17/2021,BT01,BT02,1,10:31:20,11:26:39,00:55:19,55.32
4653,274,12/17/2021,BT01,BT02,1,10:40:25,11:35:08,00:54:43,54.72
4654,121,12/17/2021,BT02,BT01,2,10:50:05,12:04:12,01:14:07,74.12
4655,279,12/17/2021,BT02,BT01,2,10:57:23,12:08:43,01:11:20,71.33
4656,264,12/17/2021,BT01,BT02,1,11:00:01,12:08:53,01:08:52,68.87
4657,116,12/17/2021,BT02,BT01,2,11:09:02,12:17:18,01:08:16,68.27
4658,1358,12/17/2021,BT01,BT02,1,11:20:47,12:25:24,01:04:37,64.62
4659,1410,12/17/2021,BT02,BT01,2,11:49:29,12:51:19,01:01:50,61.83
4660,262,12/17/2021,BT02,BT01,2,11:59:50,13:00:12,01:00:22,60.37
4661,121,12/17/2021,BT01,BT02,1,12:19:48,13:21:35,01:01:47,61.78
4662,1408,12/17/2021,BT02,BT01,2,12:20:10,13:15:38,00:55:28,55.47
4663,274,12/17/2021,BT02,BT01,2,12:30:21,13:32:26,01:02:05,62.08
4664,279,12/17/2021,BT01,BT02,1,12:31:12,13:44:50,01:13:38,73.63
4665,116,12/17/2021,BT01,BT02,1,12:41:27,13:40:00,00:58:33,58.55
4666,264,12/17/2021,BT02,BT01,2,12:50:46,14:00:28,01:09:42,69.7
4667,1358,12/17/2021,BT02,BT01,2,13:10:10,14:14:20,01:04:10,64.17
4668,1410,12/17/2021,BT01,BT02,1,13:19:25,14:17:18,00:57:53,57.88
4669,262,12/17/2021,BT01,BT02,1,13:34:56,14:38:10,01:03:14,63.23
4670,116,12/17/2021,BT02,BT01,2,13:50:35,14:47:25,00:56:50,56.83
4671,1408,12/17/2021,BT01,BT02,1,13:51:11,14:53:59,01:02:48,62.8
4672,279,12/17/2021,BT02,BT01,2,13:59:56,14:57:08,00:57:12,57.2
4673,274,12/17/2021,BT01,BT02,1,14:00:05,15:00:59,01:00:54,60.9
4674,264,12/17/2021,BT01,BT02,1,14:20:13,15:20:07,00:59:54,59.9
4675,1358,12/17/2021,BT01,BT02,1,14:40:36,15:32:24,00:51:48,51.8
4676,1410,12/17/2021,BT02,BT01,2,14:50:39,15:46:03,00:55:24,55.4
4677,262,12/17/2021,BT02,BT01,2,14:59:32,16:01:47,01:02:15,62.25
4678,1408,12/17/2021,BT02,BT01,2,15:20:32,16:15:33,00:55:01,55.02
4679,116,12/17/2021,BT01,BT02,1,15:21:16,16:11:40,00:50:24,50.4
4680,274,12/17/2021,BT02,BT01,2,15:30:02,16:24:57,00:54:55,54.92
4681,279,12/17/2021,BT01,BT02,1,15:30:42,16:29:11,00:58:29,58.48
4682,264,12/17/2021,BT02,BT01,2,15:51:12,16:48:54,00:57:42,57.7
4683,1358,12/17/2021,BT02,BT01,2,16:00:29,16:54:16,00:53:47,53.78
4684,1410,12/17/2021,BT01,BT02,1,16:01:08,16:57:17,00:56:09,56.15
4685,262,12/17/2021,BT01,BT02,1,16:31:40,17:28:53,00:57:13,57.22
4686,121,12/17/2021,BT02,BT01,2,16:40:29,17:38:26,00:57:57,57.95
4687,1408,12/17/2021,BT01,BT02,1,16:49:19,17:43:10,00:53:51,53.85
4688,116,12/17/2021,BT02,BT01,2,16:51:03,17:47:04,00:56:01,56.02
4689,274,12/17/2021,BT01,BT02,1,16:59:10,17:50:59,00:51:49,51.82
4690,279,12/17/2021,BT02,BT01,2,17:09:27,18:04:50,00:55:23,55.38
4691,1358,12/17/2021,BT01,BT02,1,17:31:03,18:20:38,00:49:35,49.58
4692,1410,12/17/2021,BT02,BT01,2,17:39:52,18:34:54,00:55:02,55.03
4693,262,12/17/2021,BT02,BT01,2,17:58:16,18:47:01,00:48:45,48.75
4694,121,12/17/2021,BT01,BT02,1,18:23:41,19:12:08,00:48:27,48.45
4695,116,12/17/2021,BT01,BT02,1,18:56:14,19:44:49,00:48:35,48.58
4696,279,12/17/2021,BT01,BT02,1,19:16:06,20:00:08,00:44:02,44.03
4697,123,12/17/2021,BT01,BT02,1,20:14:30,21:00:38,00:46:08,46.13
4698,505,12/18/2021,BT02,BT01,2,05:30:47,06:03:41,00:32:54,32.9
4699,274,12/18/2021,BT02,BT01,2,05:41:55,06:21:04,00:39:09,39.15
4700,262,12/18/2021,BT01,BT02,1,06:31:22,07:22:38,00:51:16,51.27
4701,1358,12/18/2021,BT02,BT01,2,06:48:17,07:35:20,00:47:03,47.05
4702,505,12/18/2021,BT01,BT02,1,07:02:31,07:48:24,00:45:53,45.88
4703,121,12/18/2021,BT02,BT01,2,07:11:26,07:59:21,00:47:55,47.92
4704,274,12/18/2021,BT01,BT02,1,07:17:17,08:13:46,00:56:29,56.48
4705,116,12/18/2021,BT02,BT01,2,08:00:20,08:53:37,00:53:17,53.28
4706,1358,12/18/2021,BT01,BT02,1,08:00:42,08:54:18,00:53:36,53.6
4707,121,12/18/2021,BT01,BT02,1,08:21:22,09:13:25,00:52:03,52.05
4708,262,12/18/2021,BT02,BT01,2,08:29:14,09:20:32,00:51:18,51.3
4709,505,12/18/2021,BT02,BT01,2,08:55:01,09:46:36,00:51:35,51.58
4710,116,12/18/2021,BT01,BT02,1,09:10:30,10:03:31,00:53:01,53.02
4711,274,12/18/2021,BT02,BT01,2,09:13:42,10:05:30,00:51:48,51.8
4712,1143,12/18/2021,BT02,BT01,2,09:27:21,10:12:33,00:45:12,45.2
4713,262,12/18/2021,BT01,BT02,1,09:31:03,10:30:29,00:59:26,59.43
4714,505,12/18/2021,BT01,BT02,1,10:11:26,11:04:36,00:53:10,53.17
4715,1358,12/18/2021,BT02,BT01,2,10:25:28,11:26:25,01:00:57,60.95
4716,274,12/18/2021,BT01,BT02,1,10:29:59,11:26:47,00:56:48,56.8
4717,121,12/18/2021,BT02,BT01,2,11:13:21,12:07:37,00:54:16,54.27
4718,116,12/18/2021,BT02,BT01,2,12:10:40,13:04:06,00:53:26,53.43
4719,1143,12/18/2021,BT01,BT02,1,12:12:01,13:08:21,00:56:20,56.33
4720,1358,12/18/2021,BT01,BT02,1,12:30:19,13:26:53,00:56:34,56.57
4721,262,12/18/2021,BT02,BT01,2,12:46:39,13:46:49,01:00:10,60.17
4722,121,12/18/2021,BT01,BT02,1,13:10:17,13:52:47,00:42:30,42.5
4723,505,12/18/2021,BT02,BT01,2,13:15:41,14:05:35,00:49:54,49.9
4724,274,12/18/2021,BT02,BT01,2,13:30:25,14:20:13,00:49:48,49.8
4725,1143,12/18/2021,BT02,BT01,2,14:27:59,15:22:27,00:54:28,54.47
4726,116,12/18/2021,BT01,BT02,1,14:30:42,15:27:51,00:57:09,57.15
4727,1358,12/18/2021,BT02,BT01,2,14:56:58,15:52:20,00:55:22,55.37
4728,262,12/18/2021,BT01,BT02,1,15:11:05,16:02:36,00:51:31,51.52
4729,121,12/18/2021,BT02,BT01,2,15:30:48,16:30:50,01:00:02,60.03
4730,116,12/18/2021,BT02,BT01,2,16:10:37,17:07:11,00:56:34,56.57
4731,505,12/18/2021,BT01,BT02,1,16:16:18,17:07:35,00:51:17,51.28
4732,274,12/18/2021,BT01,BT02,1,16:36:39,17:27:27,00:50:48,50.8
4733,262,12/18/2021,BT02,BT01,2,16:44:40,17:33:37,00:48:57,48.95
4734,1143,12/18/2021,BT01,BT02,1,17:44:04,18:28:13,00:44:09,44.15
4735,1358,12/18/2021,BT01,BT02,1,18:01:20,18:44:28,00:43:08,43.13
4736,121,12/18/2021,BT01,BT02,1,18:56:29,19:34:45,00:38:16,38.27
4737,128,12/18/2021,BT01,BT02,1,19:23:20,20:19:22,00:56:02,56.03
4738,116,12/18/2021,BT01,BT02,1,19:55:54,20:35:02,00:39:08,39.13
4739,505,12/19/2021,BT02,BT01,2,05:35:40,06:10:48,00:35:08,35.13
4740,274,12/19/2021,BT02,BT01,2,05:51:38,06:29:42,00:38:04,38.07
4741,1410,12/19/2021,BT01,BT02,1,06:13:12,06:55:34,00:42:22,42.37
4742,123,12/19/2021,BT02,BT01,2,06:20:46,07:08:03,00:47:17,47.28
4743,128,12/19/2021,BT02,BT01,2,06:27:07,07:07:39,00:40:32,40.53
4744,262,12/19/2021,BT01,BT02,1,06:30:39,07:20:53,00:50:14,50.23
4745,1358,12/19/2021,BT02,BT01,2,06:41:34,07:29:13,00:47:39,47.65
4746,505,12/19/2021,BT01,BT02,1,07:09:21,08:00:05,00:50:44,50.73
4747,274,12/19/2021,BT01,BT02,1,07:19:23,08:03:11,00:43:48,43.8
4748,121,12/19/2021,BT02,BT01,2,07:30:18,08:11:14,00:40:56,40.93
4749,123,12/19/2021,BT01,BT02,1,07:41:09,08:32:41,00:51:32,51.53
4750,128,12/19/2021,BT01,BT02,1,07:51:14,08:39:47,00:48:33,48.55
4751,279,12/19/2021,BT02,BT01,2,07:59:38,08:47:14,00:47:36,47.6
4752,1358,12/19/2021,BT01,BT02,1,08:01:04,08:55:06,00:54:02,54.03
4753,116,12/19/2021,BT02,BT01,2,08:11:13,08:54:57,00:43:44,43.73
4754,121,12/19/2021,BT01,BT02,1,08:40:49,09:35:05,00:54:16,54.27
4755,1143,12/19/2021,BT02,BT01,2,08:50:32,09:40:49,00:50:17,50.28
4756,1410,12/19/2021,BT02,BT01,2,08:58:49,09:51:23,00:52:34,52.57
4757,262,12/19/2021,BT02,BT01,2,09:09:15,10:00:05,00:50:50,50.83
4758,279,12/19/2021,BT01,BT02,1,09:11:06,10:08:57,00:57:51,57.85
4759,116,12/19/2021,BT01,BT02,1,09:21:27,10:19:54,00:58:27,58.45
4760,505,12/19/2021,BT02,BT01,2,10:00:32,10:50:56,00:50:24,50.4
4761,1143,12/19/2021,BT01,BT02,1,10:01:07,11:03:28,01:02:21,62.35
4762,274,12/19/2021,BT02,BT01,2,10:10:41,11:06:47,00:56:06,56.1
4763,1410,12/19/2021,BT01,BT02,1,10:10:51,11:12:34,01:01:43,61.72
4764,250,12/19/2021,BT02,BT01,2,10:19:34,11:10:56,00:51:22,51.37
4765,262,12/19/2021,BT01,BT02,1,10:20:27,11:23:51,01:03:24,63.4
4766,123,12/19/2021,BT02,BT01,2,10:50:21,11:42:22,00:52:01,52.02
4767,128,12/19/2021,BT02,BT01,2,10:59:31,11:56:11,00:56:40,56.67
4768,505,12/19/2021,BT01,BT02,1,11:11:06,12:06:48,00:55:42,55.7
4769,1358,12/19/2021,BT02,BT01,2,11:11:17,12:10:27,00:59:10,59.17
4770,274,12/19/2021,BT01,BT02,1,11:20:27,12:19:04,00:58:37,58.62
4771,250,12/19/2021,BT01,BT02,1,11:32:26,12:35:20,01:02:54,62.9
4772,121,12/19/2021,BT02,BT01,2,11:49:32,12:42:44,00:53:12,53.2
4773,279,12/19/2021,BT02,BT01,2,12:08:54,13:12:46,01:03:52,63.87
4774,123,12/19/2021,BT01,BT02,1,12:12:09,13:09:31,00:57:22,57.37
4775,116,12/19/2021,BT02,BT01,2,12:20:22,13:21:05,01:00:43,60.72
4776,128,12/19/2021,BT01,BT02,1,12:21:04,13:13:23,00:52:19,52.32
4777,1358,12/19/2021,BT01,BT02,1,12:31:57,13:33:33,01:01:36,61.6
4778,1143,12/19/2021,BT02,BT01,2,13:00:46,14:02:21,01:01:35,61.58
4779,121,12/19/2021,BT01,BT02,1,13:14:08,14:00:45,00:46:37,46.62
4780,262,12/19/2021,BT02,BT01,2,13:21:14,14:14:32,00:53:18,53.3
4781,279,12/19/2021,BT01,BT02,1,13:42:03,14:36:46,00:54:43,54.72
4782,116,12/19/2021,BT01,BT02,1,13:51:17,14:38:02,00:46:45,46.75
4783,505,12/19/2021,BT02,BT01,2,13:59:43,14:48:39,00:48:56,48.93
4784,274,12/19/2021,BT02,BT01,2,14:10:16,14:58:20,00:48:04,48.07
4785,250,12/19/2021,BT02,BT01,2,14:20:36,15:15:38,00:55:02,55.03
4786,1143,12/19/2021,BT01,BT02,1,14:31:17,15:23:58,00:52:41,52.68
4787,262,12/19/2021,BT01,BT02,1,14:41:40,15:36:28,00:54:48,54.8
4788,123,12/19/2021,BT02,BT01,2,14:50:34,15:48:47,00:58:13,58.22
4789,128,12/19/2021,BT02,BT01,2,15:00:55,15:56:26,00:55:31,55.52
4790,1358,12/19/2021,BT02,BT01,2,15:10:39,16:07:15,00:56:36,56.6
4791,505,12/19/2021,BT01,BT02,1,15:21:35,16:12:25,00:50:50,50.83
4792,274,12/19/2021,BT01,BT02,1,15:30:53,16:26:06,00:55:13,55.22
4793,121,12/19/2021,BT02,BT01,2,15:41:04,16:29:08,00:48:04,48.07
4794,250,12/19/2021,BT01,BT02,1,15:41:08,16:33:45,00:52:37,52.62
4795,279,12/19/2021,BT02,BT01,2,16:10:50,17:08:59,00:58:09,58.15
4796,123,12/19/2021,BT01,BT02,1,16:11:46,17:08:46,00:57:00,57
4797,116,12/19/2021,BT02,BT01,2,16:20:28,17:16:55,00:56:27,56.45
4798,128,12/19/2021,BT01,BT02,1,16:21:21,17:16:22,00:55:01,55.02
4799,1358,12/19/2021,BT01,BT02,1,16:31:32,17:22:42,00:51:10,51.17
4800,1143,12/19/2021,BT02,BT01,2,16:58:45,17:55:32,00:56:47,56.78
4801,121,12/19/2021,BT01,BT02,1,17:01:50,17:43:55,00:42:05,42.08
4802,262,12/19/2021,BT02,BT01,2,17:11:28,18:00:28,00:49:00,49
4803,279,12/19/2021,BT01,BT02,1,17:29:09,18:16:56,00:47:47,47.78
4804,116,12/19/2021,BT01,BT02,1,17:47:24,18:31:29,00:44:05,44.08
4805,250,12/19/2021,BT02,BT01,2,17:53:48,18:39:36,00:45:48,45.8
4806,1143,12/19/2021,BT01,BT02,1,18:33:51,19:14:56,00:41:05,41.08
4807,250,12/19/2021,BT01,BT02,1,19:04:30,19:48:56,00:44:26,44.43
4808,274,12/20/2021,BT02,BT01,2,05:30:15,06:07:17,00:37:02,37.03
4809,250,12/20/2021,BT02,BT01,2,06:00:30,06:48:54,00:48:24,48.4
4810,1410,12/20/2021,BT01,BT02,1,06:10:16,07:04:00,00:53:44,53.73
4811,264,12/20/2021,BT02,BT01,2,06:10:24,07:00:45,00:50:21,50.35
4812,128,12/20/2021,BT02,BT01,2,06:21:51,07:12:36,00:50:45,50.75
4813,117,12/20/2021,BT01,BT02,1,06:40:40,07:32:28,00:51:48,51.8
4814,1143,12/20/2021,BT02,BT01,2,06:41:14,07:34:59,00:53:45,53.75
4815,274,12/20/2021,BT01,BT02,1,06:49:43,07:49:57,01:00:14,60.23
4816,250,12/20/2021,BT01,BT02,1,07:00:22,07:57:28,00:57:06,57.1
4817,123,12/20/2021,BT02,BT01,2,07:09:35,07:53:30,00:43:55,43.92
4818,264,12/20/2021,BT01,BT02,1,07:11:19,08:10:08,00:58:49,58.82
4819,294,12/20/2021,BT02,BT01,2,07:28:58,08:14:12,00:45:14,45.23
4820,128,12/20/2021,BT01,BT02,1,07:30:03,08:22:25,00:52:22,52.37
4821,1143,12/20/2021,BT01,BT02,1,07:51:17,08:39:34,00:48:17,48.28
4822,1410,12/20/2021,BT02,BT01,2,08:11:47,08:59:35,00:47:48,47.8
4823,123,12/20/2021,BT01,BT02,1,08:20:02,09:10:03,00:50:01,50.02
4824,294,12/20/2021,BT01,BT02,1,08:39:57,09:29:42,00:49:45,49.75
4825,117,12/20/2021,BT02,BT01,2,08:41:00,09:32:16,00:51:16,51.27
4826,1408,12/20/2021,BT02,BT01,2,08:50:47,09:41:03,00:50:16,50.27
4827,274,12/20/2021,BT02,BT01,2,09:01:10,09:51:17,00:50:07,50.12
4828,250,12/20/2021,BT02,BT01,2,09:10:48,10:00:33,00:49:45,49.75
4829,1410,12/20/2021,BT01,BT02,1,09:19:49,10:19:16,00:59:27,59.45
4830,128,12/20/2021,BT02,BT01,2,09:21:03,10:12:38,00:51:35,51.58
4831,1143,12/20/2021,BT02,BT01,2,09:40:33,10:36:21,00:55:48,55.8
4832,117,12/20/2021,BT01,BT02,1,09:50:38,10:46:59,00:56:21,56.35
4833,1408,12/20/2021,BT01,BT02,1,10:00:55,10:56:00,00:55:05,55.08
4834,123,12/20/2021,BT02,BT01,2,10:10:47,11:00:41,00:49:54,49.9
4835,274,12/20/2021,BT01,BT02,1,10:11:44,11:06:03,00:54:19,54.32
4836,250,12/20/2021,BT01,BT02,1,10:21:03,11:15:43,00:54:40,54.67
4837,294,12/20/2021,BT02,BT01,2,10:30:37,11:25:22,00:54:45,54.75
4838,128,12/20/2021,BT01,BT02,1,10:31:33,11:24:55,00:53:22,53.37
4839,1143,12/20/2021,BT01,BT02,1,10:50:05,11:43:50,00:53:45,53.75
4840,1410,12/20/2021,BT02,BT01,2,11:10:42,12:01:26,00:50:44,50.73
4841,123,12/20/2021,BT01,BT02,1,11:22:15,12:22:44,01:00:29,60.48
4842,117,12/20/2021,BT02,BT01,2,11:40:55,12:32:11,00:51:16,51.27
4843,294,12/20/2021,BT01,BT02,1,11:41:46,12:37:47,00:56:01,56.02
4844,1408,12/20/2021,BT02,BT01,2,11:50:33,12:45:37,00:55:04,55.07
4845,274,12/20/2021,BT02,BT01,2,12:00:29,12:51:57,00:51:28,51.47
4846,250,12/20/2021,BT02,BT01,2,12:12:06,13:05:56,00:53:50,53.83
4847,128,12/20/2021,BT02,BT01,2,12:21:10,13:16:11,00:55:01,55.02
4848,1410,12/20/2021,BT01,BT02,1,12:21:26,13:15:10,00:53:44,53.73
4849,1143,12/20/2021,BT02,BT01,2,12:40:14,13:31:06,00:50:52,50.87
4850,117,12/20/2021,BT01,BT02,1,12:51:50,13:51:50,01:00:00,60
4851,1408,12/20/2021,BT01,BT02,1,13:01:05,14:01:07,01:00:02,60.03
4852,274,12/20/2021,BT01,BT02,1,13:11:25,14:03:03,00:51:38,51.63
4853,250,12/20/2021,BT01,BT02,1,13:20:25,14:19:38,00:59:13,59.22
4854,294,12/20/2021,BT02,BT01,2,13:20:49,14:22:44,01:01:55,61.92
4855,128,12/20/2021,BT01,BT02,1,13:31:58,14:33:32,01:01:34,61.57
4856,1143,12/20/2021,BT01,BT02,1,13:51:58,14:56:18,01:04:20,64.33
4857,1410,12/20/2021,BT02,BT01,2,14:01:16,14:50:20,00:49:04,49.07
4858,264,12/20/2021,BT01,BT02,1,14:29:32,15:19:56,00:50:24,50.4
4859,117,12/20/2021,BT02,BT01,2,14:30:25,15:23:26,00:53:01,53.02
4860,1408,12/20/2021,BT02,BT01,2,14:40:20,15:32:44,00:52:24,52.4
4861,274,12/20/2021,BT02,BT01,2,14:48:10,15:36:50,00:48:40,48.67
4862,294,12/20/2021,BT01,BT02,1,14:50:57,15:45:36,00:54:39,54.65
4863,250,12/20/2021,BT02,BT01,2,15:02:10,15:53:13,00:51:03,51.05
4864,123,12/20/2021,BT02,BT01,2,15:12:20,16:05:50,00:53:30,53.5
4865,128,12/20/2021,BT02,BT01,2,15:19:45,16:12:43,00:52:58,52.97
4866,1143,12/20/2021,BT02,BT01,2,15:40:07,16:32:32,00:52:25,52.42
4867,1410,12/20/2021,BT01,BT02,1,15:41:12,16:34:21,00:53:09,53.15
4868,1408,12/20/2021,BT01,BT02,1,16:11:27,17:03:52,00:52:25,52.42
4869,123,12/20/2021,BT01,BT02,1,16:20:26,17:18:32,00:58:06,58.1
4870,274,12/20/2021,BT01,BT02,1,16:30:25,17:26:50,00:56:25,56.42
4871,294,12/20/2021,BT02,BT01,2,16:30:30,17:20:11,00:49:41,49.68
4872,250,12/20/2021,BT01,BT02,1,16:40:11,17:33:38,00:53:27,53.45
4873,128,12/20/2021,BT01,BT02,1,16:49:34,17:41:49,00:52:15,52.25
4874,1410,12/20/2021,BT02,BT01,2,17:00:52,17:52:36,00:51:44,51.73
4875,1143,12/20/2021,BT01,BT02,1,17:11:08,17:59:15,00:48:07,48.12
4876,1408,12/20/2021,BT02,BT01,2,17:40:46,18:32:58,00:52:12,52.2
4877,294,12/20/2021,BT01,BT02,1,18:05:00,18:51:31,00:46:31,46.52
4878,1410,12/20/2021,BT01,BT02,1,18:51:54,19:32:24,00:40:30,40.5
4879,1408,12/20/2021,BT01,BT02,1,19:46:20,20:28:43,00:42:23,42.38
4880,123,12/20/2021,BT01,BT02,1,20:30:24,21:09:44,00:39:20,39.33
4881,505,12/21/2021,BT02,BT01,2,05:30:56,06:06:59,00:36:03,36.05
4882,262,12/21/2021,BT01,BT02,1,06:10:30,07:05:56,00:55:26,55.43
4883,128,12/21/2021,BT02,BT01,2,06:21:07,07:08:46,00:47:39,47.65
4884,1408,12/21/2021,BT01,BT02,1,06:21:39,07:20:00,00:58:21,58.35
4885,117,12/21/2021,BT01,BT02,1,06:39:11,07:39:41,01:00:30,60.5
4886,1358,12/21/2021,BT02,BT01,2,06:41:14,07:32:42,00:51:28,51.47
4887,1410,12/21/2021,BT01,BT02,1,06:51:12,07:50:31,00:59:19,59.32
4888,505,12/21/2021,BT01,BT02,1,06:58:46,07:52:57,00:54:11,54.18
4889,128,12/21/2021,BT01,BT02,1,07:30:04,08:18:31,00:48:27,48.45
4890,1358,12/21/2021,BT01,BT02,1,07:50:09,08:38:25,00:48:16,48.27
4891,121,12/21/2021,BT02,BT01,2,07:50:12,08:39:02,00:48:50,48.83
4892,116,12/21/2021,BT02,BT01,2,08:01:01,08:47:08,00:46:07,46.12
4893,294,12/21/2021,BT02,BT01,2,08:16:00,09:08:16,00:52:16,52.27
4894,262,12/21/2021,BT02,BT01,2,08:30:18,09:22:34,00:52:16,52.27
4895,1408,12/21/2021,BT02,BT01,2,08:40:32,09:31:04,00:50:32,50.53
4896,121,12/21/2021,BT01,BT02,1,08:50:14,09:34:09,00:43:55,43.92
4897,117,12/21/2021,BT02,BT01,2,09:00:53,09:54:21,00:53:28,53.47
4898,116,12/21/2021,BT01,BT02,1,09:01:53,09:56:27,00:54:34,54.57
4899,1410,12/21/2021,BT02,BT01,2,09:10:48,10:01:05,00:50:17,50.28
4900,294,12/21/2021,BT01,BT02,1,09:20:59,10:12:52,00:51:53,51.88
4901,505,12/21/2021,BT02,BT01,2,09:21:09,10:06:48,00:45:39,45.65
4902,262,12/21/2021,BT01,BT02,1,09:40:47,10:36:31,00:55:44,55.73
4903,128,12/21/2021,BT02,BT01,2,09:50:11,10:39:30,00:49:19,49.32
4904,1408,12/21/2021,BT01,BT02,1,09:51:02,10:46:17,00:55:15,55.25
4905,117,12/21/2021,BT01,BT02,1,10:09:36,11:01:31,00:51:55,51.92
4906,1358,12/21/2021,BT02,BT01,2,10:10:57,10:57:28,00:46:31,46.52
4907,1410,12/21/2021,BT01,BT02,1,10:20:39,11:08:13,00:47:34,47.57
4908,505,12/21/2021,BT01,BT02,1,10:31:35,11:25:02,00:53:27,53.45
4909,128,12/21/2021,BT01,BT02,1,11:01:48,11:53:09,00:51:21,51.35
4910,121,12/21/2021,BT02,BT01,2,11:10:25,11:55:19,00:44:54,44.9
4911,116,12/21/2021,BT02,BT01,2,11:20:13,12:18:16,00:58:03,58.05
4912,1358,12/21/2021,BT01,BT02,1,11:21:49,12:23:35,01:01:46,61.77
4913,294,12/21/2021,BT02,BT01,2,11:40:57,12:36:35,00:55:38,55.63
4914,262,12/21/2021,BT02,BT01,2,11:50:54,12:45:16,00:54:22,54.37
4915,1408,12/21/2021,BT02,BT01,2,12:00:40,12:50:47,00:50:07,50.12
4916,117,12/21/2021,BT02,BT01,2,12:20:27,13:14:52,00:54:25,54.42
4917,121,12/21/2021,BT01,BT02,1,12:21:45,13:16:08,00:54:23,54.38
4918,1410,12/21/2021,BT02,BT01,2,12:31:56,13:26:06,00:54:10,54.17
4919,116,12/21/2021,BT01,BT02,1,12:32:01,13:35:50,01:03:49,63.82
4920,505,12/21/2021,BT02,BT01,2,12:40:36,13:34:53,00:54:17,54.28
4921,294,12/21/2021,BT01,BT02,1,12:51:30,13:53:15,01:01:45,61.75
4922,262,12/21/2021,BT01,BT02,1,13:00:37,13:57:33,00:56:56,56.93
4923,128,12/21/2021,BT02,BT01,2,13:11:17,14:08:19,00:57:02,57.03
4924,1408,12/21/2021,BT01,BT02,1,13:11:23,14:07:58,00:56:35,56.58
4925,117,12/21/2021,BT01,BT02,1,13:30:33,14:33:03,01:02:30,62.5
4926,1358,12/21/2021,BT02,BT01,2,13:30:58,14:24:21,00:53:23,53.38
4927,1410,12/21/2021,BT01,BT02,1,13:41:15,14:42:17,01:01:02,61.03
4928,505,12/21/2021,BT01,BT02,1,13:51:14,14:43:47,00:52:33,52.55
4929,128,12/21/2021,BT01,BT02,1,14:29:48,15:16:20,00:46:32,46.53
4930,121,12/21/2021,BT02,BT01,2,14:30:48,15:14:42,00:43:54,43.9
4931,116,12/21/2021,BT02,BT01,2,14:41:14,15:33:26,00:52:12,52.2
4932,1358,12/21/2021,BT01,BT02,1,14:52:37,15:47:25,00:54:48,54.8
4933,294,12/21/2021,BT02,BT01,2,15:00:42,15:50:37,00:49:55,49.92
4934,262,12/21/2021,BT02,BT01,2,15:10:44,16:03:14,00:52:30,52.5
4935,1408,12/21/2021,BT02,BT01,2,15:20:12,16:14:18,00:54:06,54.1
4936,117,12/21/2021,BT02,BT01,2,15:41:30,16:31:34,00:50:04,50.07
4937,1410,12/21/2021,BT02,BT01,2,15:48:36,16:39:27,00:50:51,50.85
4938,121,12/21/2021,BT01,BT02,1,15:51:37,16:42:15,00:50:38,50.63
4939,505,12/21/2021,BT02,BT01,2,16:00:44,16:52:13,00:51:29,51.48
4940,116,12/21/2021,BT01,BT02,1,16:01:00,16:55:28,00:54:28,54.47
4941,294,12/21/2021,BT01,BT02,1,16:20:42,17:11:05,00:50:23,50.38
4942,262,12/21/2021,BT01,BT02,1,16:29:44,17:26:15,00:56:31,56.52
4943,128,12/21/2021,BT02,BT01,2,16:31:36,17:24:02,00:52:26,52.43
4944,1408,12/21/2021,BT01,BT02,1,16:42:19,17:32:46,00:50:27,50.45
4945,1358,12/21/2021,BT02,BT01,2,16:52:44,17:47:44,00:55:00,55
4946,1410,12/21/2021,BT01,BT02,1,16:59:08,17:54:54,00:55:46,55.77
4947,505,12/21/2021,BT01,BT02,1,17:10:11,17:59:52,00:49:41,49.68
4948,121,12/21/2021,BT02,BT01,2,17:49:48,18:43:06,00:53:18,53.3
4949,128,12/21/2021,BT01,BT02,1,17:54:17,18:43:42,00:49:25,49.42
4950,116,12/21/2021,BT02,BT01,2,17:59:11,18:52:22,00:53:11,53.18
4951,1358,12/21/2021,BT01,BT02,1,18:16:21,19:06:02,00:49:41,49.68
4952,262,12/21/2021,BT02,BT01,2,18:33:27,19:20:41,00:47:14,47.23
4953,121,12/21/2021,BT01,BT02,1,20:40:24,21:15:04,00:34:40,34.67
4954,116,12/21/2021,BT01,BT02,1,21:05:02,21:37:23,00:32:21,32.35
4955,1408,12/22/2021,BT02,BT01,2,05:10:33,05:47:07,00:36:34,36.57
4956,274,12/22/2021,BT02,BT01,2,05:27:31,06:07:35,00:40:04,40.07
4957,1408,12/22/2021,BT01,BT02,1,06:19:20,07:12:09,00:52:49,52.82
4958,1358,12/22/2021,BT02,BT01,2,06:29:10,07:18:00,00:48:50,48.83
4959,1410,12/22/2021,BT01,BT02,1,06:41:36,07:36:20,00:54:44,54.73
4960,262,12/22/2021,BT01,BT02,1,06:49:55,07:44:27,00:54:32,54.53
4961,274,12/22/2021,BT01,BT02,1,07:00:11,07:54:33,00:54:22,54.37
4962,123,12/22/2021,BT02,BT01,2,07:20:27,08:04:12,00:43:45,43.75
4963,1358,12/22/2021,BT01,BT02,1,07:40:27,08:33:31,00:53:04,53.07
4964,121,12/22/2021,BT02,BT01,2,07:40:35,08:27:19,00:46:44,46.73
4965,279,12/22/2021,BT02,BT01,2,07:51:12,08:45:20,00:54:08,54.13
4966,116,12/22/2021,BT02,BT01,2,08:00:45,08:45:07,00:44:22,44.37
4967,123,12/22/2021,BT01,BT02,1,08:20:37,09:08:05,00:47:28,47.47
4968,294,12/22/2021,BT02,BT01,2,08:31:43,09:23:24,00:51:41,51.68
4969,264,12/22/2021,BT02,BT01,2,08:40:48,09:35:14,00:54:26,54.43
4970,121,12/22/2021,BT01,BT02,1,08:41:17,09:29:54,00:48:37,48.62
4971,279,12/22/2021,BT01,BT02,1,09:01:11,09:53:28,00:52:17,52.28
4972,1408,12/22/2021,BT02,BT01,2,09:10:32,10:05:32,00:55:00,55
4973,116,12/22/2021,BT01,BT02,1,09:11:03,10:02:08,00:51:05,51.08
4974,1410,12/22/2021,BT02,BT01,2,09:30:59,10:24:29,00:53:30,53.5
4975,262,12/22/2021,BT02,BT01,2,09:39:25,10:36:05,00:56:40,56.67
4976,294,12/22/2021,BT01,BT02,1,09:41:24,10:36:44,00:55:20,55.33
4977,274,12/22/2021,BT02,BT01,2,09:50:04,10:43:07,00:53:03,53.05
4978,264,12/22/2021,BT01,BT02,1,09:50:30,10:40:44,00:50:14,50.23
4979,1358,12/22/2021,BT02,BT01,2,10:20:29,11:13:25,00:52:56,52.93
4980,1408,12/22/2021,BT01,BT02,1,10:20:46,11:10:47,00:50:01,50.02
4981,1410,12/22/2021,BT01,BT02,1,10:41:08,11:35:10,00:54:02,54.03
4982,262,12/22/2021,BT01,BT02,1,10:51:35,11:40:13,00:48:38,48.63
4983,274,12/22/2021,BT01,BT02,1,11:00:10,11:55:30,00:55:20,55.33
4984,123,12/22/2021,BT02,BT01,2,11:00:44,11:49:28,00:48:44,48.73
4985,121,12/22/2021,BT02,BT01,2,11:20:03,12:13:33,00:53:30,53.5
4986,1358,12/22/2021,BT01,BT02,1,11:21:41,12:22:40,01:00:59,60.98
4987,279,12/22/2021,BT02,BT01,2,11:30:19,12:25:15,00:54:56,54.93
4988,116,12/22/2021,BT02,BT01,2,11:41:01,12:33:04,00:52:03,52.05
4989,294,12/22/2021,BT02,BT01,2,12:11:24,13:00:33,00:49:09,49.15
4990,123,12/22/2021,BT01,BT02,1,12:11:59,13:12:55,01:00:56,60.93
4991,264,12/22/2021,BT02,BT01,2,12:20:43,13:16:01,00:55:18,55.3
4992,1409,12/22/2021,BT01,BT02,1,12:30:46,13:26:58,00:56:12,56.2
4993,121,12/22/2021,BT01,BT02,1,12:40:51,13:33:11,00:52:20,52.33
4994,1408,12/22/2021,BT02,BT01,2,12:50:09,13:50:08,00:59:59,59.98
4995,279,12/22/2021,BT01,BT02,1,12:51:33,13:53:33,01:02:00,62
4996,116,12/22/2021,BT01,BT02,1,13:01:04,13:58:57,00:57:53,57.88
4997,262,12/22/2021,BT02,BT01,2,13:20:11,14:14:41,00:54:30,54.5
4998,274,12/22/2021,BT02,BT01,2,13:29:42,14:25:57,00:56:15,56.25
4999,294,12/22/2021,BT01,BT02,1,13:31:25,14:29:40,00:58:15,58.25
5000,264,12/22/2021,BT01,BT02,1,13:40:56,14:42:08,01:01:12,61.2
5001,1409,12/22/2021,BT02,BT01,2,13:50:42,14:42:56,00:52:14,52.23
5002,1358,12/22/2021,BT02,BT01,2,13:59:15,14:46:17,00:47:02,47.03
5003,1408,12/22/2021,BT01,BT02,1,14:11:08,14:55:36,00:44:28,44.47
5004,1410,12/22/2021,BT01,BT02,1,14:30:49,15:17:23,00:46:34,46.57
5005,121,12/22/2021,BT02,BT01,2,14:40:36,15:33:24,00:52:48,52.8
5006,262,12/22/2021,BT01,BT02,1,14:41:43,15:29:17,00:47:34,47.57
5007,279,12/22/2021,BT02,BT01,2,14:50:03,15:44:26,00:54:23,54.38
5008,274,12/22/2021,BT01,BT02,1,14:50:31,15:45:36,00:55:05,55.08
5009,116,12/22/2021,BT02,BT01,2,15:00:31,15:48:05,00:47:34,47.57
5010,1409,12/22/2021,BT01,BT02,1,15:11:11,16:05:51,00:54:40,54.67
5011,1358,12/22/2021,BT01,BT02,1,15:21:43,16:12:20,00:50:37,50.62
5012,294,12/22/2021,BT02,BT01,2,15:29:55,16:22:14,00:52:19,52.32
5013,264,12/22/2021,BT02,BT01,2,15:39:30,16:33:33,00:54:03,54.05
5014,123,12/22/2021,BT02,BT01,2,15:51:19,16:43:57,00:52:38,52.63
5015,121,12/22/2021,BT01,BT02,1,16:00:55,16:54:46,00:53:51,53.85
5016,279,12/22/2021,BT01,BT02,1,16:09:56,17:04:48,00:54:52,54.87
5017,1408,12/22/2021,BT02,BT01,2,16:20:28,17:13:03,00:52:35,52.58
5018,116,12/22/2021,BT01,BT02,1,16:20:41,17:12:46,00:52:05,52.08
5019,1410,12/22/2021,BT02,BT01,2,16:40:27,17:35:41,00:55:14,55.23
5020,262,12/22/2021,BT02,BT01,2,16:52:06,17:44:36,00:52:30,52.5
5021,274,12/22/2021,BT02,BT01,2,16:59:12,17:48:25,00:49:13,49.22
5022,294,12/22/2021,BT01,BT02,1,17:00:20,17:51:56,00:51:36,51.6
5023,264,12/22/2021,BT01,BT02,1,17:10:50,18:01:00,00:50:10,50.17
5024,123,12/22/2021,BT01,BT02,1,17:18:29,18:01:24,00:42:55,42.92
5025,1409,12/22/2021,BT02,BT01,2,17:20:44,18:17:23,00:56:39,56.65
5026,1408,12/22/2021,BT01,BT02,1,17:51:12,18:44:19,00:53:07,53.12
5027,1410,12/22/2021,BT01,BT02,1,18:09:23,18:53:56,00:44:33,44.55
5028,262,12/22/2021,BT01,BT02,1,18:27:20,19:14:43,00:47:23,47.38
5029,274,12/22/2021,BT01,BT02,1,18:39:18,19:23:35,00:44:17,44.28
5030,1408,12/23/2021,BT02,BT01,2,05:13:41,05:49:38,00:35:57,35.95
5031,505,12/23/2021,BT02,BT01,2,05:30:37,06:02:10,00:31:33,31.55
5032,274,12/23/2021,BT02,BT01,2,05:42:42,06:23:02,00:40:20,40.33
5033,128,12/23/2021,BT02,BT01,2,05:59:47,06:41:45,00:41:58,41.97
5034,1408,12/23/2021,BT01,BT02,1,06:10:09,07:05:24,00:55:15,55.25
5035,1409,12/23/2021,BT02,BT01,2,06:11:01,06:58:43,00:47:42,47.7
5036,1358,12/23/2021,BT02,BT01,2,06:20:53,07:08:21,00:47:28,47.47
5037,117,12/23/2021,BT01,BT02,1,06:20:56,07:13:17,00:52:21,52.35
5038,262,12/23/2021,BT01,BT02,1,06:32:07,07:27:32,00:55:25,55.42
5039,505,12/23/2021,BT01,BT02,1,06:51:03,07:38:04,00:47:01,47.02
5040,274,12/23/2021,BT01,BT02,1,07:00:02,07:53:16,00:53:14,53.23
5041,121,12/23/2021,BT02,BT01,2,07:08:48,07:51:39,00:42:51,42.85
5042,128,12/23/2021,BT01,BT02,1,07:10:20,08:00:15,00:49:55,49.92
5043,1409,12/23/2021,BT01,BT02,1,07:20:26,08:10:46,00:50:20,50.33
5044,123,12/23/2021,BT02,BT01,2,07:21:46,08:05:38,00:43:52,43.87
5045,279,12/23/2021,BT02,BT01,2,07:29:28,08:16:32,00:47:04,47.07
5046,1358,12/23/2021,BT01,BT02,1,07:31:03,08:23:21,00:52:18,52.3
5047,116,12/23/2021,BT02,BT01,2,07:40:47,08:25:28,00:44:41,44.68
5048,294,12/23/2021,BT02,BT01,2,08:00:23,08:48:33,00:48:10,48.17
5049,121,12/23/2021,BT01,BT02,1,08:09:52,08:56:47,00:46:55,46.92
5050,123,12/23/2021,BT01,BT02,1,08:20:01,09:06:13,00:46:12,46.2
5051,279,12/23/2021,BT01,BT02,1,08:29:55,09:24:19,00:54:24,54.4
5052,116,12/23/2021,BT01,BT02,1,08:39:28,09:26:52,00:47:24,47.4
5053,1408,12/23/2021,BT02,BT01,2,08:50:33,09:44:00,00:53:27,53.45
5054,117,12/23/2021,BT02,BT01,2,08:59:51,09:51:33,00:51:42,51.7
5055,294,12/23/2021,BT01,BT02,1,08:59:58,09:54:43,00:54:45,54.75
5056,262,12/23/2021,BT02,BT01,2,09:10:39,10:01:48,00:51:09,51.15
5057,505,12/23/2021,BT02,BT01,2,09:27:44,10:25:09,00:57:25,57.42
5058,274,12/23/2021,BT02,BT01,2,09:40:43,10:37:08,00:56:25,56.42
5059,128,12/23/2021,BT02,BT01,2,09:49:25,10:43:37,00:54:12,54.2
5060,1409,12/23/2021,BT02,BT01,2,10:01:02,10:56:03,00:55:01,55.02
5061,1408,12/23/2021,BT01,BT02,1,10:01:03,10:55:46,00:54:43,54.72
5062,117,12/23/2021,BT01,BT02,1,10:10:11,11:03:01,00:52:50,52.83
5063,1358,12/23/2021,BT02,BT01,2,10:10:55,11:01:29,00:50:34,50.57
5064,262,12/23/2021,BT01,BT02,1,10:21:07,11:16:09,00:55:02,55.03
5065,505,12/23/2021,BT01,BT02,1,10:40:53,11:31:09,00:50:16,50.27
5066,121,12/23/2021,BT02,BT01,2,10:46:38,11:35:57,00:49:19,49.32
5067,274,12/23/2021,BT01,BT02,1,10:50:59,11:40:48,00:49:49,49.82
5068,123,12/23/2021,BT02,BT01,2,10:59:06,11:45:50,00:46:44,46.73
5069,128,12/23/2021,BT01,BT02,1,11:00:18,11:57:37,00:57:19,57.32
5070,279,12/23/2021,BT02,BT01,2,11:10:53,12:01:52,00:50:59,50.98
5071,1409,12/23/2021,BT01,BT02,1,11:11:11,12:08:18,00:57:07,57.12
5072,116,12/23/2021,BT02,BT01,2,11:21:19,12:15:02,00:53:43,53.72
5073,1358,12/23/2021,BT01,BT02,1,11:21:43,12:17:20,00:55:37,55.62
5074,294,12/23/2021,BT02,BT01,2,11:41:04,12:35:11,00:54:07,54.12
5075,1143,12/23/2021,BT02,BT01,2,12:00:07,12:48:00,00:47:53,47.88
5076,121,12/23/2021,BT01,BT02,1,12:01:40,12:57:07,00:55:27,55.45
5077,123,12/23/2021,BT01,BT02,1,12:11:59,13:10:43,00:58:44,58.73
5078,1408,12/23/2021,BT02,BT01,2,12:21:00,13:10:38,00:49:38,49.63
5079,279,12/23/2021,BT01,BT02,1,12:21:21,13:13:31,00:52:10,52.17
5080,117,12/23/2021,BT02,BT01,2,12:28:33,13:20:38,00:52:05,52.08
5081,116,12/23/2021,BT01,BT02,1,12:32:02,13:22:59,00:50:57,50.95
5082,262,12/23/2021,BT02,BT01,2,12:39:48,13:30:46,00:50:58,50.97
5083,294,12/23/2021,BT01,BT02,1,12:50:32,13:53:12,01:02:40,62.67
5084,505,12/23/2021,BT02,BT01,2,13:00:49,13:59:46,00:58:57,58.95
5085,1143,12/23/2021,BT01,BT02,1,13:08:45,14:04:09,00:55:24,55.4
5086,274,12/23/2021,BT02,BT01,2,13:10:16,14:01:28,00:51:12,51.2
5087,128,12/23/2021,BT02,BT01,2,13:19:14,14:11:12,00:51:58,51.97
5088,1408,12/23/2021,BT01,BT02,1,13:31:07,14:28:31,00:57:24,57.4
5089,1409,12/23/2021,BT02,BT01,2,13:31:21,14:25:15,00:53:54,53.9
5090,1358,12/23/2021,BT02,BT01,2,13:40:09,14:40:27,01:00:18,60.3
5091,117,12/23/2021,BT01,BT02,1,13:41:02,14:41:18,01:00:16,60.27
5092,262,12/23/2021,BT01,BT02,1,13:51:19,14:58:15,01:06:56,66.93
5093,121,12/23/2021,BT02,BT01,2,14:21:16,15:21:52,01:00:36,60.6
5094,505,12/23/2021,BT01,BT02,1,14:21:33,15:21:40,01:00:07,60.12
5095,274,12/23/2021,BT01,BT02,1,14:30:35,15:28:06,00:57:31,57.52
5096,123,12/23/2021,BT02,BT01,2,14:30:49,15:25:12,00:54:23,54.38
5097,279,12/23/2021,BT02,BT01,2,14:40:40,15:35:54,00:55:14,55.23
5098,128,12/23/2021,BT01,BT02,1,14:41:43,15:37:39,00:55:56,55.93
5099,116,12/23/2021,BT02,BT01,2,14:50:07,15:39:04,00:48:57,48.95
5100,1409,12/23/2021,BT01,BT02,1,14:51:32,15:50:29,00:58:57,58.95
5101,294,12/23/2021,BT02,BT01,2,15:01:05,15:54:50,00:53:45,53.75
5102,1358,12/23/2021,BT01,BT02,1,15:03:04,15:55:38,00:52:34,52.57
5103,1408,12/23/2021,BT02,BT01,2,15:39:44,16:34:31,00:54:47,54.78
5104,121,12/23/2021,BT01,BT02,1,15:51:36,16:45:24,00:53:48,53.8
5105,117,12/23/2021,BT02,BT01,2,16:00:00,16:50:18,00:50:18,50.3
5106,123,12/23/2021,BT01,BT02,1,16:01:02,16:56:04,00:55:02,55.03
5107,262,12/23/2021,BT02,BT01,2,16:09:36,17:01:47,00:52:11,52.18
5108,279,12/23/2021,BT01,BT02,1,16:11:21,17:04:42,00:53:21,53.35
5109,116,12/23/2021,BT01,BT02,1,16:20:29,17:14:35,00:54:06,54.1
5110,505,12/23/2021,BT02,BT01,2,16:30:30,17:15:45,00:45:15,45.25
5111,294,12/23/2021,BT01,BT02,1,16:31:30,17:22:00,00:50:30,50.5
5112,274,12/23/2021,BT02,BT01,2,16:38:31,17:31:40,00:53:09,53.15
5113,128,12/23/2021,BT02,BT01,2,16:50:26,17:44:39,00:54:13,54.22
5114,1409,12/23/2021,BT02,BT01,2,17:00:18,17:59:19,00:59:01,59.02
5115,1408,12/23/2021,BT01,BT02,1,17:00:25,17:54:34,00:54:09,54.15
5116,1358,12/23/2021,BT02,BT01,2,17:11:05,18:06:26,00:55:21,55.35
5117,262,12/23/2021,BT01,BT02,1,17:29:30,18:24:09,00:54:39,54.65
5118,121,12/23/2021,BT02,BT01,2,17:40:00,18:33:37,00:53:37,53.62
5119,505,12/23/2021,BT01,BT02,1,17:50:43,18:37:09,00:46:26,46.43
5120,279,12/23/2021,BT02,BT01,2,17:55:58,18:55:41,00:59:43,59.72
5121,274,12/23/2021,BT01,BT02,1,17:58:41,18:45:12,00:46:31,46.52
5122,1409,12/23/2021,BT01,BT02,1,18:20:26,19:10:16,00:49:50,49.83
5123,128,12/23/2021,BT01,BT02,1,18:38:57,19:24:15,00:45:18,45.3
5124,1358,12/23/2021,BT01,BT02,1,19:04:53,19:46:07,00:41:14,41.23
5125,121,12/23/2021,BT01,BT02,1,20:12:47,20:48:12,00:35:25,35.42
5126,123,12/23/2021,BT01,BT02,1,20:32:39,21:14:16,00:41:37,41.62
5127,279,12/23/2021,BT01,BT02,1,21:03:26,21:44:01,00:40:35,40.58
5128,505,12/24/2021,BT02,BT01,2,05:30:59,06:03:17,00:32:18,32.3
5129,274,12/24/2021,BT02,BT01,2,05:40:30,06:19:24,00:38:54,38.9
5130,117,12/24/2021,BT01,BT02,1,06:20:05,07:13:02,00:52:57,52.95
5131,1358,12/24/2021,BT02,BT01,2,06:20:30,07:00:10,00:39:40,39.67
5132,1410,12/24/2021,BT01,BT02,1,06:31:07,07:20:41,00:49:34,49.57
5133,262,12/24/2021,BT01,BT02,1,06:40:47,07:32:59,00:52:12,52.2
5134,121,12/24/2021,BT02,BT01,2,06:50:39,07:35:56,00:45:17,45.28
5135,505,12/24/2021,BT01,BT02,1,07:01:31,07:50:15,00:48:44,48.73
5136,279,12/24/2021,BT02,BT01,2,07:02:20,07:47:14,00:44:54,44.9
5137,274,12/24/2021,BT01,BT02,1,07:10:49,08:03:55,00:53:06,53.1
5138,116,12/24/2021,BT02,BT01,2,07:11:17,07:47:00,00:35:43,35.72
5139,1358,12/24/2021,BT01,BT02,1,07:31:01,08:15:56,00:44:55,44.92
5140,264,12/24/2021,BT02,BT01,2,07:50:51,08:47:29,00:56:38,56.63
5141,121,12/24/2021,BT01,BT02,1,07:51:06,08:35:47,00:44:41,44.68
5142,279,12/24/2021,BT01,BT02,1,07:59:18,08:52:13,00:52:55,52.92
5143,123,12/24/2021,BT02,BT01,2,08:10:07,09:04:33,00:54:26,54.43
5144,116,12/24/2021,BT01,BT02,1,08:11:30,09:00:57,00:49:27,49.45
5145,128,12/24/2021,BT02,BT01,2,08:30:15,09:24:05,00:53:50,53.83
5146,1143,12/24/2021,BT02,BT01,2,08:40:48,09:34:42,00:53:54,53.9
5147,117,12/24/2021,BT02,BT01,2,08:59:19,09:51:02,00:51:43,51.72
5148,264,12/24/2021,BT01,BT02,1,09:01:12,09:54:12,00:53:00,53
5149,1410,12/24/2021,BT02,BT01,2,09:20:35,10:18:10,00:57:35,57.58
5150,123,12/24/2021,BT01,BT02,1,09:21:18,10:11:48,00:50:30,50.5
5151,262,12/24/2021,BT02,BT01,2,09:29:34,10:26:08,00:56:34,56.57
5152,128,12/24/2021,BT01,BT02,1,09:41:01,10:32:48,00:51:47,51.78
5153,505,12/24/2021,BT02,BT01,2,09:49:04,10:41:28,00:52:24,52.4
5154,1143,12/24/2021,BT01,BT02,1,09:51:31,10:43:11,00:51:40,51.67
5155,274,12/24/2021,BT02,BT01,2,10:00:07,10:54:23,00:54:16,54.27
5156,117,12/24/2021,BT01,BT02,1,10:10:29,11:04:01,00:53:32,53.53
5157,1358,12/24/2021,BT02,BT01,2,10:11:00,11:04:58,00:53:58,53.97
5158,121,12/24/2021,BT02,BT01,2,10:30:06,11:24:38,00:54:32,54.53
5159,1410,12/24/2021,BT01,BT02,1,10:31:14,11:25:31,00:54:17,54.28
5160,279,12/24/2021,BT02,BT01,2,10:41:30,11:37:31,00:56:01,56.02
5161,262,12/24/2021,BT01,BT02,1,10:42:00,11:34:47,00:52:47,52.78
5162,116,12/24/2021,BT02,BT01,2,10:50:59,11:46:49,00:55:50,55.83
5163,505,12/24/2021,BT01,BT02,1,10:58:13,11:52:21,00:54:08,54.13
5164,274,12/24/2021,BT01,BT02,1,11:09:33,12:08:55,00:59:22,59.37
5165,264,12/24/2021,BT02,BT01,2,11:20:32,12:18:31,00:57:59,57.98
5166,1358,12/24/2021,BT01,BT02,1,11:22:13,12:18:00,00:55:47,55.78
5167,123,12/24/2021,BT02,BT01,2,11:40:06,12:39:17,00:59:11,59.18
5168,121,12/24/2021,BT01,BT02,1,11:46:09,12:46:43,01:00:34,60.57
5169,279,12/24/2021,BT01,BT02,1,11:54:03,12:49:29,00:55:26,55.43
5170,128,12/24/2021,BT02,BT01,2,12:00:35,12:56:54,00:56:19,56.32
5171,116,12/24/2021,BT01,BT02,1,12:02:19,12:57:15,00:54:56,54.93
5172,1143,12/24/2021,BT02,BT01,2,12:10:46,13:18:16,01:07:30,67.5
5173,117,12/24/2021,BT02,BT01,2,12:31:27,13:30:09,00:58:42,58.7
5174,264,12/24/2021,BT01,BT02,1,12:44:30,13:40:41,00:56:11,56.18
5175,262,12/24/2021,BT02,BT01,2,12:50:42,13:54:56,01:04:14,64.23
5176,505,12/24/2021,BT02,BT01,2,13:11:00,14:03:34,00:52:34,52.57
5177,274,12/24/2021,BT02,BT01,2,13:20:17,14:13:26,00:53:09,53.15
5178,128,12/24/2021,BT01,BT02,1,13:31:56,14:22:47,00:50:51,50.85
5179,1358,12/24/2021,BT02,BT01,2,13:41:22,14:36:30,00:55:08,55.13
5180,1143,12/24/2021,BT01,BT02,1,13:42:18,14:38:18,00:56:00,56
5181,121,12/24/2021,BT02,BT01,2,13:57:53,14:49:19,00:51:26,51.43
5182,279,12/24/2021,BT02,BT01,2,14:10:48,15:05:23,00:54:35,54.58
5183,262,12/24/2021,BT01,BT02,1,14:11:36,15:01:46,00:50:10,50.17
5184,116,12/24/2021,BT02,BT01,2,14:19:28,15:17:51,00:58:23,58.38
5185,505,12/24/2021,BT01,BT02,1,14:31:35,15:15:38,00:44:03,44.05
5186,274,12/24/2021,BT01,BT02,1,14:39:58,15:31:35,00:51:37,51.62
5187,264,12/24/2021,BT02,BT01,2,14:49:53,15:57:28,01:07:35,67.58
5188,1358,12/24/2021,BT01,BT02,1,15:01:08,15:41:28,00:40:20,40.33
5189,123,12/24/2021,BT02,BT01,2,15:11:08,16:01:15,00:50:07,50.12
5190,121,12/24/2021,BT01,BT02,1,15:21:53,16:14:42,00:52:49,52.82
5191,279,12/24/2021,BT01,BT02,1,15:31:04,16:27:33,00:56:29,56.48
5192,116,12/24/2021,BT01,BT02,1,15:41:43,16:40:10,00:58:27,58.45
5193,128,12/24/2021,BT02,BT01,2,16:01:19,16:49:03,00:47:44,47.73
5194,264,12/24/2021,BT01,BT02,1,16:10:47,16:59:46,00:48:59,48.98
5195,1143,12/24/2021,BT02,BT01,2,16:20:13,17:14:48,00:54:35,54.58
5196,123,12/24/2021,BT01,BT02,1,16:42:54,17:35:34,00:52:40,52.67
5197,262,12/24/2021,BT02,BT01,2,16:51:06,17:47:31,00:56:25,56.42
5198,505,12/24/2021,BT02,BT01,2,17:18:27,18:14:33,00:56:06,56.1
5199,128,12/24/2021,BT01,BT02,1,17:18:54,18:12:34,00:53:40,53.67
5200,274,12/24/2021,BT02,BT01,2,17:31:01,18:28:04,00:57:03,57.05
5201,1143,12/24/2021,BT01,BT02,1,17:38:39,18:28:34,00:49:55,49.92
5202,1358,12/24/2021,BT02,BT01,2,17:50:54,18:48:23,00:57:29,57.48
5203,279,12/24/2021,BT02,BT01,2,18:00:49,19:03:43,01:02:54,62.9
5204,262,12/24/2021,BT01,BT02,1,18:04:30,18:53:39,00:49:09,49.15
5205,116,12/24/2021,BT02,BT01,2,18:11:15,19:09:36,00:58:21,58.35
5206,264,12/24/2021,BT02,BT01,2,18:21:19,19:17:12,00:55:53,55.88
5207,505,12/24/2021,BT01,BT02,1,18:47:11,19:33:33,00:46:22,46.37
5208,262,12/24/2021,BT02,BT01,2,19:01:39,19:42:21,00:40:42,40.7
5209,274,12/24/2021,BT01,BT02,1,19:03:30,19:55:51,00:52:21,52.35
5210,1358,12/24/2021,BT01,BT02,1,19:35:30,20:23:25,00:47:55,47.92
5211,279,12/24/2021,BT01,BT02,1,19:49:44,20:31:49,00:42:05,42.08
5212,116,12/24/2021,BT01,BT02,1,20:21:45,20:58:14,00:36:29,36.48
5213,264,12/24/2021,BT01,BT02,1,20:40:11,21:20:51,00:40:40,40.67
5214,123,12/24/2021,BT01,BT02,1,21:20:44,21:57:50,00:37:06,37.1
5215,1408,12/25/2021,BT02,BT01,2,05:19:16,05:56:38,00:37:22,37.37
5216,505,12/25/2021,BT02,BT01,2,05:32:45,06:06:10,00:33:25,33.42
5217,274,12/25/2021,BT02,BT01,2,05:51:53,06:34:23,00:42:30,42.5
5218,1408,12/25/2021,BT01,BT02,1,06:36:42,07:30:32,00:53:50,53.83
5219,505,12/25/2021,BT01,BT02,1,06:50:59,07:44:15,00:53:16,53.27
5220,274,12/25/2021,BT01,BT02,1,07:06:03,07:52:28,00:46:25,46.42
5221,1143,12/25/2021,BT02,BT01,2,07:16:38,08:03:41,00:47:03,47.05
5222,264,12/25/2021,BT02,BT01,2,07:49:47,08:43:02,00:53:15,53.25
5223,128,12/25/2021,BT02,BT01,2,08:11:36,09:04:14,00:52:38,52.63
5224,1143,12/25/2021,BT01,BT02,1,08:21:18,09:12:46,00:51:28,51.47
5225,123,12/25/2021,BT02,BT01,2,08:41:14,09:34:10,00:52:56,52.93
5226,264,12/25/2021,BT01,BT02,1,08:58:44,09:53:17,00:54:33,54.55
5227,1408,12/25/2021,BT02,BT01,2,09:10:58,10:14:02,01:03:04,63.07
5228,505,12/25/2021,BT02,BT01,2,09:31:03,10:25:56,00:54:53,54.88
5229,274,12/25/2021,BT02,BT01,2,09:40:11,10:34:08,00:53:57,53.95
5230,123,12/25/2021,BT01,BT02,1,10:00:45,10:58:06,00:57:21,57.35
5231,1143,12/25/2021,BT02,BT01,2,10:20:28,11:20:41,01:00:13,60.22
5232,1408,12/25/2021,BT01,BT02,1,10:31:25,11:25:13,00:53:48,53.8
5233,505,12/25/2021,BT01,BT02,1,10:51:16,11:45:18,00:54:02,54.03
5234,274,12/25/2021,BT01,BT02,1,11:00:15,11:56:27,00:56:12,56.2
5235,1143,12/25/2021,BT01,BT02,1,11:43:15,12:36:54,00:53:39,53.65
5236,1408,12/25/2021,BT02,BT01,2,11:51:23,12:51:03,00:59:40,59.67
5237,264,12/25/2021,BT02,BT01,2,12:09:12,13:03:28,00:54:16,54.27
5238,505,12/25/2021,BT02,BT01,2,12:20:57,13:11:06,00:50:09,50.15
5239,274,12/25/2021,BT02,BT01,2,12:28:53,13:24:51,00:55:58,55.97
5240,1143,12/25/2021,BT02,BT01,2,13:26:38,14:25:12,00:58:34,58.57
5241,1408,12/25/2021,BT01,BT02,1,13:31:14,14:29:42,00:58:28,58.47
5242,264,12/25/2021,BT01,BT02,1,14:08:54,14:52:00,00:43:06,43.1
5243,123,12/25/2021,BT02,BT01,2,14:22:38,15:28:29,01:05:51,65.85
5244,505,12/25/2021,BT01,BT02,1,14:28:59,15:14:36,00:45:37,45.62
5245,274,12/25/2021,BT01,BT02,1,14:49:14,15:41:00,00:51:46,51.77
5246,1143,12/25/2021,BT01,BT02,1,15:34:07,16:35:09,01:01:02,61.03
5247,264,12/25/2021,BT02,BT01,2,15:45:54,16:38:00,00:52:06,52.1
5248,1408,12/25/2021,BT02,BT01,2,15:58:33,16:54:00,00:55:27,55.45
5249,505,12/25/2021,BT02,BT01,2,16:16:00,17:09:30,00:53:30,53.5
5250,123,12/25/2021,BT01,BT02,1,17:02:03,17:54:31,00:52:28,52.47
5251,274,12/25/2021,BT02,BT01,2,17:16:03,18:06:10,00:50:07,50.12
5252,264,12/25/2021,BT01,BT02,1,17:52:24,18:40:49,00:48:25,48.42
5253,1408,12/25/2021,BT01,BT02,1,18:12:16,19:01:24,00:49:08,49.13
5254,123,12/25/2021,BT02,BT01,2,18:23:38,19:17:21,00:53:43,53.72
5255,505,12/25/2021,BT01,BT02,1,18:33:02,19:19:50,00:46:48,46.8
5256,274,12/25/2021,BT01,BT02,1,19:04:27,19:47:38,00:43:11,43.18
5257,123,12/25/2021,BT01,BT02,1,20:22:47,21:08:24,00:45:37,45.62
5258,1358,12/26/2021,BT02,BT01,2,06:01:32,06:39:33,00:38:01,38.02
5259,117,12/26/2021,BT01,BT02,1,06:31:28,07:24:31,00:53:03,53.05
5260,262,12/26/2021,BT01,BT02,1,06:41:15,07:32:35,00:51:20,51.33
5261,505,12/26/2021,BT01,BT02,1,06:51:06,07:43:59,00:52:53,52.88
5262,121,12/26/2021,BT02,BT01,2,06:51:39,07:37:34,00:45:55,45.92
5263,1358,12/26/2021,BT01,BT02,1,07:01:30,07:47:45,00:46:15,46.25
5264,264,12/26/2021,BT02,BT01,2,07:11:44,07:59:42,00:47:58,47.97
5265,121,12/26/2021,BT01,BT02,1,07:58:49,08:49:20,00:50:31,50.52
5266,128,12/26/2021,BT02,BT01,2,07:59:42,08:46:41,00:46:59,46.98
5267,1409,12/26/2021,BT02,BT01,2,08:10:59,09:01:07,00:50:08,50.13
5268,264,12/26/2021,BT01,BT02,1,08:20:12,09:12:25,00:52:13,52.22
5269,117,12/26/2021,BT02,BT01,2,08:50:59,09:51:12,01:00:13,60.22
5270,262,12/26/2021,BT02,BT01,2,09:01:01,09:55:40,00:54:39,54.65
5271,505,12/26/2021,BT02,BT01,2,09:10:53,10:03:27,00:52:34,52.57
5272,128,12/26/2021,BT01,BT02,1,09:11:51,10:04:58,00:53:07,53.12
5273,1358,12/26/2021,BT02,BT01,2,09:20:23,10:09:03,00:48:40,48.67
5274,1409,12/26/2021,BT01,BT02,1,09:22:58,10:17:48,00:54:50,54.83
5275,121,12/26/2021,BT02,BT01,2,09:40:40,10:38:01,00:57:21,57.35
5276,264,12/26/2021,BT02,BT01,2,10:00:39,10:54:49,00:54:10,54.17
5277,117,12/26/2021,BT01,BT02,1,10:00:52,11:01:55,01:01:03,61.05
5278,262,12/26/2021,BT01,BT02,1,10:09:50,11:10:14,01:00:24,60.4
5279,505,12/26/2021,BT01,BT02,1,10:21:25,11:16:09,00:54:44,54.73
5280,1358,12/26/2021,BT01,BT02,1,10:31:07,11:24:19,00:53:12,53.2
5281,121,12/26/2021,BT01,BT02,1,10:58:54,11:49:57,00:51:03,51.05
5282,128,12/26/2021,BT02,BT01,2,10:59:43,11:56:18,00:56:35,56.58
5283,1409,12/26/2021,BT02,BT01,2,11:11:22,12:10:17,00:58:55,58.92
5284,264,12/26/2021,BT01,BT02,1,11:17:48,12:12:08,00:54:20,54.33
5285,117,12/26/2021,BT02,BT01,2,11:51:02,12:48:15,00:57:13,57.22
5286,262,12/26/2021,BT02,BT01,2,12:00:44,12:51:59,00:51:15,51.25
5287,505,12/26/2021,BT02,BT01,2,12:12:37,13:07:41,00:55:04,55.07
5288,128,12/26/2021,BT01,BT02,1,12:21:15,13:11:25,00:50:10,50.17
5289,1409,12/26/2021,BT01,BT02,1,12:30:28,13:26:16,00:55:48,55.8
5290,121,12/26/2021,BT02,BT01,2,12:40:32,13:37:30,00:56:58,56.97
5291,264,12/26/2021,BT02,BT01,2,13:00:42,13:54:47,00:54:05,54.08
5292,117,12/26/2021,BT01,BT02,1,13:10:23,14:01:53,00:51:30,51.5
5293,262,12/26/2021,BT01,BT02,1,13:20:44,14:06:08,00:45:24,45.4
5294,505,12/26/2021,BT01,BT02,1,13:31:27,14:19:41,00:48:14,48.23
5295,121,12/26/2021,BT01,BT02,1,13:50:56,14:45:56,00:55:00,55
5296,128,12/26/2021,BT02,BT01,2,13:52:50,14:47:11,00:54:21,54.35
5297,1409,12/26/2021,BT02,BT01,2,14:01:01,14:54:38,00:53:37,53.62
5298,264,12/26/2021,BT01,BT02,1,14:10:53,15:01:18,00:50:25,50.42
5299,117,12/26/2021,BT02,BT01,2,14:40:21,15:31:13,00:50:52,50.87
5300,262,12/26/2021,BT02,BT01,2,14:50:39,15:43:32,00:52:53,52.88
5301,505,12/26/2021,BT02,BT01,2,15:00:47,15:53:11,00:52:24,52.4
5302,121,12/26/2021,BT02,BT01,2,15:31:45,16:19:38,00:47:53,47.88
5303,128,12/26/2021,BT01,BT02,1,15:48:31,16:41:16,00:52:45,52.75
5304,264,12/26/2021,BT02,BT01,2,15:49:13,16:39:43,00:50:30,50.5
5305,1409,12/26/2021,BT01,BT02,1,16:09:36,16:58:59,00:49:23,49.38
5306,505,12/26/2021,BT01,BT02,1,17:13:20,17:58:29,00:45:09,45.15
5307,121,12/26/2021,BT01,BT02,1,17:41:36,18:28:51,00:47:15,47.25
5308,264,12/26/2021,BT01,BT02,1,18:01:45,18:51:22,00:49:37,49.62
5309,1408,12/27/2021,BT02,BT01,2,05:05:07,05:50:35,00:45:28,45.47
5310,274,12/27/2021,BT02,BT01,2,05:29:56,06:05:14,00:35:18,35.3
5311,121,12/27/2021,BT02,BT01,2,06:20:48,07:08:52,00:48:04,48.07
5312,1410,12/27/2021,BT01,BT02,1,06:21:34,07:05:38,00:44:04,44.07
5313,262,12/27/2021,BT01,BT02,1,06:31:59,07:20:36,00:48:37,48.62
5314,279,12/27/2021,BT02,BT01,2,06:40:27,07:28:08,00:47:41,47.68
5315,116,12/27/2021,BT02,BT01,2,06:50:01,07:31:23,00:41:22,41.37
5316,1408,12/27/2021,BT01,BT02,1,06:50:40,07:42:38,00:51:58,51.97
5317,294,12/27/2021,BT02,BT01,2,07:08:59,07:50:09,00:41:10,41.17
5318,274,12/27/2021,BT01,BT02,1,07:09:45,08:05:03,00:55:18,55.3
5319,121,12/27/2021,BT01,BT02,1,07:31:39,08:18:16,00:46:37,46.62
5320,279,12/27/2021,BT01,BT02,1,07:39:29,08:32:20,00:52:51,52.85
5321,264,12/27/2021,BT02,BT01,2,07:39:45,08:28:09,00:48:24,48.4
5322,116,12/27/2021,BT01,BT02,1,07:51:24,08:40:37,00:49:13,49.22
5323,123,12/27/2021,BT02,BT01,2,08:10:20,09:00:33,00:50:13,50.22
5324,294,12/27/2021,BT01,BT02,1,08:11:54,09:03:16,00:51:22,51.37
5325,1409,12/27/2021,BT02,BT01,2,08:29:25,09:22:41,00:53:16,53.27
5326,264,12/27/2021,BT01,BT02,1,08:40:38,09:30:25,00:49:47,49.78
5327,1358,12/27/2021,BT02,BT01,2,08:40:49,09:32:37,00:51:48,51.8
5328,1143,12/27/2021,BT02,BT01,2,08:50:22,09:41:56,00:51:34,51.57
5329,1410,12/27/2021,BT02,BT01,2,09:10:44,10:14:56,01:04:12,64.2
5330,262,12/27/2021,BT02,BT01,2,09:19:28,10:28:14,01:08:46,68.77
5331,123,12/27/2021,BT01,BT02,1,09:21:13,10:15:51,00:54:38,54.63
5332,1408,12/27/2021,BT02,BT01,2,09:40:40,10:43:09,01:02:29,62.48
5333,1409,12/27/2021,BT01,BT02,1,09:40:48,10:35:57,00:55:09,55.15
5334,1358,12/27/2021,BT01,BT02,1,09:51:31,10:48:23,00:56:52,56.87
5335,274,12/27/2021,BT02,BT01,2,10:00:30,11:03:01,01:02:31,62.52
5336,1143,12/27/2021,BT01,BT02,1,10:01:11,10:58:32,00:57:21,57.35
5337,121,12/27/2021,BT02,BT01,2,10:20:25,11:27:24,01:06:59,66.98
5338,279,12/27/2021,BT02,BT01,2,10:31:20,11:32:43,01:01:23,61.38
5339,1410,12/27/2021,BT01,BT02,1,10:31:22,11:26:36,00:55:14,55.23
5340,262,12/27/2021,BT01,BT02,1,10:40:30,11:38:27,00:57:57,57.95
5341,116,12/27/2021,BT02,BT01,2,10:41:13,11:42:35,01:01:22,61.37
5342,1408,12/27/2021,BT01,BT02,1,11:00:00,12:00:10,01:00:10,60.17
5343,294,12/27/2021,BT02,BT01,2,11:01:17,11:56:33,00:55:16,55.27
5344,264,12/27/2021,BT02,BT01,2,11:19:52,12:27:48,01:07:56,67.93
5345,274,12/27/2021,BT01,BT02,1,11:20:24,12:29:00,01:08:36,68.6
5346,121,12/27/2021,BT01,BT02,1,11:43:04,12:40:33,00:57:29,57.48
5347,123,12/27/2021,BT02,BT01,2,11:51:17,12:59:01,01:07:44,67.73
5348,279,12/27/2021,BT01,BT02,1,11:52:03,12:51:05,00:59:02,59.03
5349,116,12/27/2021,BT01,BT02,1,12:01:21,12:59:12,00:57:51,57.85
5350,1409,12/27/2021,BT02,BT01,2,12:10:52,13:14:29,01:03:37,63.62
5351,1358,12/27/2021,BT02,BT01,2,12:20:52,13:17:54,00:57:02,57.03
5352,294,12/27/2021,BT01,BT02,1,12:20:59,13:19:30,00:58:31,58.52
5353,1143,12/27/2021,BT02,BT01,2,12:29:41,13:24:45,00:55:04,55.07
5354,264,12/27/2021,BT01,BT02,1,12:41:51,13:39:00,00:57:09,57.15
5355,1410,12/27/2021,BT02,BT01,2,12:50:56,13:47:15,00:56:19,56.32
5356,262,12/27/2021,BT02,BT01,2,13:00:09,13:56:32,00:56:23,56.38
5357,123,12/27/2021,BT01,BT02,1,13:11:34,14:08:38,00:57:04,57.07
5358,1408,12/27/2021,BT02,BT01,2,13:20:47,14:15:58,00:55:11,55.18
5359,1409,12/27/2021,BT01,BT02,1,13:30:03,14:26:33,00:56:30,56.5
5360,274,12/27/2021,BT02,BT01,2,13:40:32,14:33:38,00:53:06,53.1
5361,1358,12/27/2021,BT01,BT02,1,13:41:05,14:38:08,00:57:03,57.05
5362,1143,12/27/2021,BT01,BT02,1,13:51:24,14:44:07,00:52:43,52.72
5363,279,12/27/2021,BT02,BT01,2,13:59:57,14:53:37,00:53:40,53.67
5364,116,12/27/2021,BT02,BT01,2,14:10:11,15:04:59,00:54:48,54.8
5365,1410,12/27/2021,BT01,BT02,1,14:20:27,15:10:32,00:50:05,50.08
5366,294,12/27/2021,BT02,BT01,2,14:30:54,15:26:11,00:55:17,55.28
5367,262,12/27/2021,BT01,BT02,1,14:31:00,15:24:54,00:53:54,53.9
5368,264,12/27/2021,BT02,BT01,2,14:50:41,15:47:41,00:57:00,57
5369,1408,12/27/2021,BT01,BT02,1,14:51:16,15:45:31,00:54:15,54.25
5370,274,12/27/2021,BT01,BT02,1,15:10:38,16:04:27,00:53:49,53.82
5371,123,12/27/2021,BT02,BT01,2,15:19:32,16:15:29,00:55:57,55.95
5372,279,12/27/2021,BT01,BT02,1,15:31:01,16:29:12,00:58:11,58.18
5373,1409,12/27/2021,BT02,BT01,2,15:40:12,16:36:42,00:56:30,56.5
5374,116,12/27/2021,BT01,BT02,1,15:40:55,16:30:03,00:49:08,49.13
5375,1358,12/27/2021,BT02,BT01,2,15:49:04,16:45:35,00:56:31,56.52
5376,1143,12/27/2021,BT02,BT01,2,16:00:18,16:55:44,00:55:26,55.43
5377,294,12/27/2021,BT01,BT02,1,16:02:30,16:57:22,00:54:52,54.87
5378,264,12/27/2021,BT01,BT02,1,16:20:15,17:16:31,00:56:16,56.27
5379,1410,12/27/2021,BT02,BT01,2,16:28:44,17:23:42,00:54:58,54.97
5380,262,12/27/2021,BT02,BT01,2,16:40:38,17:37:43,00:57:05,57.08
5381,123,12/27/2021,BT01,BT02,1,16:51:29,17:50:28,00:58:59,58.98
5382,1408,12/27/2021,BT02,BT01,2,16:57:51,17:51:59,00:54:08,54.13
5383,1409,12/27/2021,BT01,BT02,1,17:11:16,18:07:39,00:56:23,56.38
5384,1358,12/27/2021,BT01,BT02,1,17:20:14,18:14:59,00:54:45,54.75
5385,274,12/27/2021,BT02,BT01,2,17:20:52,18:01:49,00:40:57,40.95
5386,1143,12/27/2021,BT01,BT02,1,17:31:12,18:17:56,00:46:44,46.73
5387,279,12/27/2021,BT02,BT01,2,17:40:25,18:35:20,00:54:55,54.92
5388,294,12/27/2021,BT02,BT01,2,17:52:39,18:57:13,01:04:34,64.57
5389,1410,12/27/2021,BT01,BT02,1,18:00:12,18:46:18,00:46:06,46.1
5390,262,12/27/2021,BT01,BT02,1,18:12:03,19:00:42,00:48:39,48.65
5391,1408,12/27/2021,BT01,BT02,1,18:30:37,19:19:53,00:49:16,49.27
5392,274,12/27/2021,BT01,BT02,1,18:50:26,19:39:33,00:49:07,49.12
5393,279,12/27/2021,BT01,BT02,1,19:25:42,20:08:05,00:42:23,42.38
5394,294,12/27/2021,BT01,BT02,1,20:07:18,20:55:21,00:48:03,48.05
5395,1408,12/28/2021,BT02,BT01,2,05:11:56,05:49:28,00:37:32,37.53
5396,505,12/28/2021,BT02,BT01,2,05:25:23,05:55:04,00:29:41,29.68
5397,274,12/28/2021,BT02,BT01,2,05:37:25,06:09:18,00:31:53,31.88
5398,262,12/28/2021,BT01,BT02,1,06:11:21,06:59:27,00:48:06,48.1
5399,1408,12/28/2021,BT01,BT02,1,06:31:00,07:22:15,00:51:15,51.25
5400,279,12/28/2021,BT02,BT01,2,06:40:23,07:25:29,00:45:06,45.1
5401,117,12/28/2021,BT01,BT02,1,06:40:29,07:30:45,00:50:16,50.27
5402,116,12/28/2021,BT02,BT01,2,06:50:26,07:29:14,00:38:48,38.8
5403,505,12/28/2021,BT01,BT02,1,06:50:56,07:41:42,00:50:46,50.77
5404,274,12/28/2021,BT01,BT02,1,06:58:30,07:50:03,00:51:33,51.55
5405,294,12/28/2021,BT02,BT01,2,07:08:59,07:52:55,00:43:56,43.93
5406,279,12/28/2021,BT01,BT02,1,07:39:14,08:33:19,00:54:05,54.08
5407,116,12/28/2021,BT01,BT02,1,07:51:00,08:42:36,00:51:36,51.6
5408,123,12/28/2021,BT02,BT01,2,07:59:23,08:47:59,00:48:36,48.6
5409,294,12/28/2021,BT01,BT02,1,08:08:25,08:57:54,00:49:29,49.48
5410,128,12/28/2021,BT02,BT01,2,08:10:35,09:03:56,00:53:21,53.35
5411,1409,12/28/2021,BT02,BT01,2,08:20:43,09:14:45,00:54:02,54.03
5412,1358,12/28/2021,BT02,BT01,2,08:29:37,09:23:22,00:53:45,53.75
5413,1143,12/28/2021,BT02,BT01,2,08:40:38,09:40:30,00:59:52,59.87
5414,262,12/28/2021,BT02,BT01,2,09:00:15,09:51:45,00:51:30,51.5
5415,123,12/28/2021,BT01,BT02,1,09:11:48,10:03:36,00:51:48,51.8
5416,1408,12/28/2021,BT02,BT01,2,09:18:07,10:16:28,00:58:21,58.35
5417,128,12/28/2021,BT01,BT02,1,09:21:02,10:14:05,00:53:03,53.05
5418,117,12/28/2021,BT02,BT01,2,09:30:06,10:23:09,00:53:03,53.05
5419,1409,12/28/2021,BT01,BT02,1,09:31:44,10:26:25,00:54:41,54.68
5420,1358,12/28/2021,BT01,BT02,1,09:41:10,10:36:50,00:55:40,55.67
5421,505,12/28/2021,BT02,BT01,2,09:41:31,10:34:32,00:53:01,53.02
5422,274,12/28/2021,BT02,BT01,2,09:50:04,10:42:45,00:52:41,52.68
5423,1143,12/28/2021,BT01,BT02,1,10:02:11,10:58:13,00:56:02,56.03
5424,279,12/28/2021,BT02,BT01,2,10:20:15,11:29:37,01:09:22,69.37
5425,262,12/28/2021,BT01,BT02,1,10:20:20,11:11:48,00:51:28,51.47
5426,116,12/28/2021,BT02,BT01,2,10:31:01,11:39:14,01:08:13,68.22
5427,1408,12/28/2021,BT01,BT02,1,10:41:56,11:39:46,00:57:50,57.83
5428,294,12/28/2021,BT02,BT01,2,10:50:10,11:55:24,01:05:14,65.23
5429,117,12/28/2021,BT01,BT02,1,10:50:49,11:44:58,00:54:09,54.15
5430,505,12/28/2021,BT01,BT02,1,11:01:40,12:03:14,01:01:34,61.57
5431,274,12/28/2021,BT01,BT02,1,11:11:00,12:16:34,01:05:34,65.57
5432,123,12/28/2021,BT02,BT01,2,11:28:48,12:32:12,01:03:24,63.4
5433,128,12/28/2021,BT02,BT01,2,11:41:11,12:40:38,00:59:27,59.45
5434,279,12/28/2021,BT01,BT02,1,11:41:46,12:46:38,01:04:52,64.87
5435,1409,12/28/2021,BT02,BT01,2,11:50:42,12:56:18,01:05:36,65.6
5436,1358,12/28/2021,BT02,BT01,2,12:00:21,12:57:55,00:57:34,57.57
5437,116,12/28/2021,BT01,BT02,1,12:01:45,13:02:39,01:00:54,60.9
5438,1143,12/28/2021,BT02,BT01,2,12:11:25,13:10:22,00:58:57,58.95
5439,294,12/28/2021,BT01,BT02,1,12:21:42,13:15:21,00:53:39,53.65
5440,262,12/28/2021,BT02,BT01,2,12:31:20,13:27:31,00:56:11,56.18
5441,1408,12/28/2021,BT02,BT01,2,12:50:27,13:46:32,00:56:05,56.08
5442,123,12/28/2021,BT01,BT02,1,13:01:16,13:50:45,00:49:29,49.48
5443,117,12/28/2021,BT02,BT01,2,13:01:24,13:58:44,00:57:20,57.33
5444,505,12/28/2021,BT02,BT01,2,13:11:49,14:02:33,00:50:44,50.73
5445,128,12/28/2021,BT01,BT02,1,13:13:23,13:55:14,00:41:51,41.85
5446,274,12/28/2021,BT02,BT01,2,13:20:51,14:15:22,00:54:31,54.52
5447,1409,12/28/2021,BT01,BT02,1,13:20:52,14:14:24,00:53:32,53.53
5448,1358,12/28/2021,BT01,BT02,1,13:31:25,14:20:01,00:48:36,48.6
5449,1143,12/28/2021,BT01,BT02,1,13:41:06,14:31:39,00:50:33,50.55
5450,279,12/28/2021,BT02,BT01,2,13:47:01,14:43:08,00:56:07,56.12
5451,116,12/28/2021,BT02,BT01,2,13:59:16,14:48:40,00:49:24,49.4
5452,262,12/28/2021,BT01,BT02,1,14:00:01,14:47:00,00:46:59,46.98
5453,294,12/28/2021,BT02,BT01,2,14:19:28,15:09:30,00:50:02,50.03
5454,1408,12/28/2021,BT01,BT02,1,14:21:48,15:15:35,00:53:47,53.78
5455,117,12/28/2021,BT01,BT02,1,14:31:28,15:21:39,00:50:11,50.18
5456,505,12/28/2021,BT01,BT02,1,14:40:28,15:32:54,00:52:26,52.43
5457,274,12/28/2021,BT01,BT02,1,14:52:28,15:44:33,00:52:05,52.08
5458,128,12/28/2021,BT02,BT01,2,15:01:16,15:55:28,00:54:12,54.2
5459,1409,12/28/2021,BT02,BT01,2,15:09:31,16:04:26,00:54:55,54.92
5460,279,12/28/2021,BT01,BT02,1,15:20:55,16:02:41,00:41:46,41.77
5461,1358,12/28/2021,BT02,BT01,2,15:21:01,16:08:50,00:47:49,47.82
5462,1143,12/28/2021,BT02,BT01,2,15:29:28,16:29:07,00:59:39,59.65
5463,116,12/28/2021,BT01,BT02,1,15:30:14,16:25:44,00:55:30,55.5
5464,123,12/28/2021,BT02,BT01,2,15:50:54,16:46:11,00:55:17,55.28
5465,294,12/28/2021,BT01,BT02,1,15:51:50,16:49:03,00:57:13,57.22
5466,262,12/28/2021,BT02,BT01,2,15:59:20,16:46:41,00:47:21,47.35
5467,1408,12/28/2021,BT02,BT01,2,16:20:34,17:14:34,00:54:00,54
5468,128,12/28/2021,BT01,BT02,1,16:20:47,17:11:52,00:51:05,51.08
5469,117,12/28/2021,BT02,BT01,2,16:31:04,17:25:37,00:54:33,54.55
5470,1409,12/28/2021,BT01,BT02,1,16:31:25,17:25:48,00:54:23,54.38
5471,505,12/28/2021,BT02,BT01,2,16:41:00,17:34:31,00:53:31,53.52
5472,1358,12/28/2021,BT01,BT02,1,16:41:50,17:36:55,00:55:05,55.08
5473,274,12/28/2021,BT02,BT01,2,16:50:25,17:39:52,00:49:27,49.45
5474,1143,12/28/2021,BT01,BT02,1,16:51:57,17:48:34,00:56:37,56.62
5475,123,12/28/2021,BT01,BT02,1,17:11:25,18:03:32,00:52:07,52.12
5476,116,12/28/2021,BT02,BT01,2,17:21:08,18:20:16,00:59:08,59.13
5477,262,12/28/2021,BT01,BT02,1,17:21:25,18:15:23,00:53:58,53.97
5478,294,12/28/2021,BT02,BT01,2,17:40:40,18:33:37,00:52:57,52.95
5479,1408,12/28/2021,BT01,BT02,1,17:42:14,18:31:43,00:49:29,49.48
5480,505,12/28/2021,BT01,BT02,1,17:52:02,18:39:20,00:47:18,47.3
5481,274,12/28/2021,BT01,BT02,1,18:02:51,18:50:43,00:47:52,47.87
5482,128,12/28/2021,BT02,BT01,2,18:13:33,19:07:00,00:53:27,53.45
5483,116,12/28/2021,BT01,BT02,1,19:06:09,19:49:47,00:43:38,43.63
5484,294,12/28/2021,BT01,BT02,1,19:30:19,20:14:32,00:44:13,44.22
5485,128,12/28/2021,BT01,BT02,1,20:23:57,21:01:35,00:37:38,37.63
5486,505,12/29/2021,BT02,BT01,2,05:31:17,06:07:22,00:36:05,36.08
5487,274,12/29/2021,BT02,BT01,2,05:41:29,06:26:18,00:44:49,44.82
5488,117,12/29/2021,BT01,BT02,1,06:30:56,07:21:18,00:50:22,50.37
5489,1410,12/29/2021,BT01,BT02,1,06:39:49,07:32:08,00:52:19,52.32
5490,116,12/29/2021,BT02,BT01,2,06:40:08,07:25:21,00:45:13,45.22
5491,262,12/29/2021,BT01,BT02,1,06:52:04,07:40:03,00:47:59,47.98
5492,505,12/29/2021,BT01,BT02,1,07:01:23,07:42:08,00:40:45,40.75
5493,264,12/29/2021,BT02,BT01,2,07:08:58,07:51:48,00:42:50,42.83
5494,274,12/29/2021,BT01,BT02,1,07:09:43,08:05:44,00:56:01,56.02
5495,123,12/29/2021,BT02,BT01,2,07:40:12,08:29:13,00:49:01,49.02
5496,116,12/29/2021,BT01,BT02,1,07:40:36,08:34:22,00:53:46,53.77
5497,128,12/29/2021,BT02,BT01,2,07:51:18,08:45:39,00:54:21,54.35
5498,1358,12/29/2021,BT02,BT01,2,08:10:31,09:05:20,00:54:49,54.82
5499,264,12/29/2021,BT01,BT02,1,08:11:16,09:01:01,00:49:45,49.75
5500,1143,12/29/2021,BT02,BT01,2,08:16:06,09:10:32,00:54:26,54.43
5501,279,12/29/2021,BT02,BT01,2,08:40:29,09:36:41,00:56:12,56.2
5502,123,12/29/2021,BT01,BT02,1,08:51:31,09:49:48,00:58:17,58.28
5503,128,12/29/2021,BT01,BT02,1,09:01:23,09:58:44,00:57:21,57.35
5504,117,12/29/2021,BT02,BT01,2,09:10:39,10:05:50,00:55:11,55.18
5505,1410,12/29/2021,BT02,BT01,2,09:20:53,10:19:16,00:58:23,58.38
5506,1358,12/29/2021,BT01,BT02,1,09:20:54,10:25:00,01:04:06,64.1
5507,262,12/29/2021,BT02,BT01,2,09:29:24,10:26:32,00:57:08,57.13
5508,1143,12/29/2021,BT01,BT02,1,09:31:37,10:30:57,00:59:20,59.33
5509,505,12/29/2021,BT02,BT01,2,09:39:40,10:37:28,00:57:48,57.8
5510,274,12/29/2021,BT02,BT01,2,09:50:45,10:46:24,00:55:39,55.65
5511,279,12/29/2021,BT01,BT02,1,09:51:23,10:54:50,01:03:27,63.45
5512,116,12/29/2021,BT02,BT01,2,10:18:08,11:12:59,00:54:51,54.85
5513,117,12/29/2021,BT01,BT02,1,10:22:00,11:17:37,00:55:37,55.62
5514,1410,12/29/2021,BT01,BT02,1,10:31:11,11:21:59,00:50:48,50.8
5515,262,12/29/2021,BT01,BT02,1,10:40:31,11:32:02,00:51:31,51.52
5516,264,12/29/2021,BT02,BT01,2,10:48:34,11:43:47,00:55:13,55.22
5517,505,12/29/2021,BT01,BT02,1,10:50:55,11:50:22,00:59:27,59.45
5518,274,12/29/2021,BT01,BT02,1,11:00:33,11:56:28,00:55:55,55.92
5519,123,12/29/2021,BT02,BT01,2,11:10:46,12:02:36,00:51:50,51.83
5520,128,12/29/2021,BT02,BT01,2,11:21:03,12:18:57,00:57:54,57.9
5521,116,12/29/2021,BT01,BT02,1,11:31:29,12:26:51,00:55:22,55.37
5522,1358,12/29/2021,BT02,BT01,2,11:40:34,12:34:42,00:54:08,54.13
5523,1143,12/29/2021,BT02,BT01,2,11:50:15,12:53:02,01:02:47,62.78
5524,264,12/29/2021,BT01,BT02,1,12:01:20,13:02:09,01:00:49,60.82
5525,279,12/29/2021,BT02,BT01,2,12:10:34,13:15:21,01:04:47,64.78
5526,123,12/29/2021,BT01,BT02,1,12:21:18,13:19:34,00:58:16,58.27
5527,128,12/29/2021,BT01,BT02,1,12:35:44,13:32:27,00:56:43,56.72
5528,117,12/29/2021,BT02,BT01,2,12:40:42,13:40:20,00:59:38,59.63
5529,1410,12/29/2021,BT02,BT01,2,12:50:52,13:47:17,00:56:25,56.42
5530,262,12/29/2021,BT02,BT01,2,13:00:58,13:49:42,00:48:44,48.73
5531,1358,12/29/2021,BT01,BT02,1,13:01:20,13:54:05,00:52:45,52.75
5532,505,12/29/2021,BT02,BT01,2,13:11:16,14:01:04,00:49:48,49.8
5533,1143,12/29/2021,BT01,BT02,1,13:11:40,14:01:49,00:50:09,50.15
5534,274,12/29/2021,BT02,BT01,2,13:20:23,14:19:10,00:58:47,58.78
5535,116,12/29/2021,BT02,BT01,2,13:50:40,14:48:49,00:58:09,58.15
5536,117,12/29/2021,BT01,BT02,1,14:00:46,14:54:32,00:53:46,53.77
5537,1410,12/29/2021,BT01,BT02,1,14:11:06,15:03:02,00:51:56,51.93
5538,262,12/29/2021,BT01,BT02,1,14:19:35,15:13:31,00:53:56,53.93
5539,264,12/29/2021,BT02,BT01,2,14:20:44,15:13:36,00:52:52,52.87
5540,505,12/29/2021,BT01,BT02,1,14:31:06,15:17:25,00:46:19,46.32
5541,274,12/29/2021,BT01,BT02,1,14:39:55,15:29:29,00:49:34,49.57
5542,123,12/29/2021,BT02,BT01,2,14:46:02,15:49:22,01:03:20,63.33
5543,1358,12/29/2021,BT02,BT01,2,15:00:05,15:53:08,00:53:03,53.05
5544,1143,12/29/2021,BT02,BT01,2,15:09:47,16:04:14,00:54:27,54.45
5545,116,12/29/2021,BT01,BT02,1,15:11:59,16:00:10,00:48:11,48.18
5546,279,12/29/2021,BT02,BT01,2,15:31:10,16:31:47,01:00:37,60.62
5547,264,12/29/2021,BT01,BT02,1,15:40:46,16:38:58,00:58:12,58.2
5548,117,12/29/2021,BT02,BT01,2,15:59:27,16:56:36,00:57:09,57.15
5549,1410,12/29/2021,BT02,BT01,2,16:10:44,17:05:00,00:54:16,54.27
5550,123,12/29/2021,BT01,BT02,1,16:11:27,17:13:07,01:01:40,61.67
5551,262,12/29/2021,BT02,BT01,2,16:20:15,17:15:53,00:55:38,55.63
5552,1358,12/29/2021,BT01,BT02,1,16:20:31,17:16:25,00:55:54,55.9
5553,128,12/29/2021,BT02,BT01,2,16:30:49,17:26:07,00:55:18,55.3
5554,1143,12/29/2021,BT01,BT02,1,16:31:24,17:34:45,01:03:21,63.35
5555,505,12/29/2021,BT02,BT01,2,16:40:16,17:37:53,00:57:37,57.62
5556,274,12/29/2021,BT02,BT01,2,16:48:56,17:45:14,00:56:18,56.3
5557,279,12/29/2021,BT01,BT02,1,16:51:04,17:53:43,01:02:39,62.65
5558,116,12/29/2021,BT02,BT01,2,17:10:37,18:05:35,00:54:58,54.97
5559,1410,12/29/2021,BT01,BT02,1,17:41:47,18:35:50,00:54:03,54.05
5560,264,12/29/2021,BT02,BT01,2,17:49:54,18:49:20,00:59:26,59.43
5561,262,12/29/2021,BT01,BT02,1,17:52:21,18:41:47,00:49:26,49.43
5562,128,12/29/2021,BT01,BT02,1,18:05:29,18:56:55,00:51:26,51.43
5563,505,12/29/2021,BT01,BT02,1,18:28:17,19:12:53,00:44:36,44.6
5564,274,12/29/2021,BT01,BT02,1,19:12:58,19:58:11,00:45:13,45.22
5565,116,12/29/2021,BT01,BT02,1,19:49:22,20:28:36,00:39:14,39.23
5566,264,12/29/2021,BT01,BT02,1,20:29:43,21:05:23,00:35:40,35.67
5567,505,12/30/2021,BT02,BT01,2,05:30:55,06:03:24,00:32:29,32.48
5568,274,12/30/2021,BT02,BT01,2,05:50:15,06:30:33,00:40:18,40.3
5569,279,12/30/2021,BT02,BT01,2,06:09:40,06:54:28,00:44:48,44.8
5570,117,12/30/2021,BT01,BT02,1,06:21:31,07:11:49,00:50:18,50.3
5571,1410,12/30/2021,BT01,BT02,1,06:29:35,07:20:10,00:50:35,50.58
5572,505,12/30/2021,BT01,BT02,1,06:50:28,07:39:19,00:48:51,48.85
5573,294,12/30/2021,BT02,BT01,2,07:00:44,07:46:52,00:46:08,46.13
5574,274,12/30/2021,BT01,BT02,1,07:01:21,07:46:47,00:45:26,45.43
5575,279,12/30/2021,BT01,BT02,1,07:20:45,08:15:39,00:54:54,54.9
5576,264,12/30/2021,BT02,BT01,2,07:29:40,08:14:46,00:45:06,45.1
5577,128,12/30/2021,BT02,BT01,2,07:50:40,08:39:53,00:49:13,49.22
5578,294,12/30/2021,BT01,BT02,1,07:59:40,08:47:52,00:48:12,48.2
5579,1409,12/30/2021,BT02,BT01,2,08:09:46,09:05:14,00:55:28,55.47
5580,1143,12/30/2021,BT02,BT01,2,08:20:07,09:15:03,00:54:56,54.93
5581,264,12/30/2021,BT01,BT02,1,08:29:14,09:20:17,00:51:03,51.05
5582,123,12/30/2021,BT02,BT01,2,09:00:11,09:54:40,00:54:29,54.48
5583,128,12/30/2021,BT01,BT02,1,09:00:59,09:51:37,00:50:38,50.63
5584,117,12/30/2021,BT02,BT01,2,09:20:31,10:17:20,00:56:49,56.82
5585,1409,12/30/2021,BT01,BT02,1,09:21:02,10:15:53,00:54:51,54.85
5586,1143,12/30/2021,BT01,BT02,1,09:30:47,10:22:54,00:52:07,52.12
5587,1410,12/30/2021,BT02,BT01,2,09:31:41,10:28:37,00:56:56,56.93
5588,505,12/30/2021,BT02,BT01,2,09:40:01,10:35:12,00:55:11,55.18
5589,274,12/30/2021,BT02,BT01,2,09:50:58,10:41:21,00:50:23,50.38
5590,279,12/30/2021,BT02,BT01,2,10:11:23,11:06:45,00:55:22,55.37
5591,123,12/30/2021,BT01,BT02,1,10:11:29,11:05:36,00:54:07,54.12
5592,117,12/30/2021,BT01,BT02,1,10:31:42,11:25:53,00:54:11,54.18
5593,1410,12/30/2021,BT01,BT02,1,10:40:16,11:40:49,01:00:33,60.55
5594,505,12/30/2021,BT01,BT02,1,10:50:45,11:44:50,00:54:05,54.08
5595,294,12/30/2021,BT02,BT01,2,10:51:11,11:46:48,00:55:37,55.62
5596,274,12/30/2021,BT01,BT02,1,11:00:10,11:56:09,00:55:59,55.98
5597,264,12/30/2021,BT02,BT01,2,11:10:30,12:05:13,00:54:43,54.72
5598,279,12/30/2021,BT01,BT02,1,11:21:26,12:18:35,00:57:09,57.15
5599,1409,12/30/2021,BT02,BT01,2,11:40:20,12:36:53,00:56:33,56.55
5600,1143,12/30/2021,BT02,BT01,2,11:50:46,12:47:16,00:56:30,56.5
5601,294,12/30/2021,BT01,BT02,1,12:01:23,12:55:07,00:53:44,53.73
5602,264,12/30/2021,BT01,BT02,1,12:21:21,13:15:04,00:53:43,53.72
5603,123,12/30/2021,BT02,BT01,2,12:30:01,13:23:54,00:53:53,53.88
5604,128,12/30/2021,BT02,BT01,2,12:40:42,13:32:37,00:51:55,51.92
5605,1409,12/30/2021,BT01,BT02,1,12:50:28,13:45:00,00:54:32,54.53
5606,1143,12/30/2021,BT01,BT02,1,13:00:46,13:52:42,00:51:56,51.93
5607,117,12/30/2021,BT02,BT01,2,13:01:03,13:57:53,00:56:50,56.83
5608,1410,12/30/2021,BT02,BT01,2,13:10:59,14:02:09,00:51:10,51.17
5609,505,12/30/2021,BT02,BT01,2,13:20:57,14:16:10,00:55:13,55.22
5610,274,12/30/2021,BT02,BT01,2,13:30:43,14:26:03,00:55:20,55.33
5611,123,12/30/2021,BT01,BT02,1,13:40:41,14:35:30,00:54:49,54.82
5612,279,12/30/2021,BT02,BT01,2,13:50:40,14:48:16,00:57:36,57.6
5613,128,12/30/2021,BT01,BT02,1,13:51:07,14:41:17,00:50:10,50.17
5614,117,12/30/2021,BT01,BT02,1,14:11:06,15:02:54,00:51:48,51.8
5615,1410,12/30/2021,BT01,BT02,1,14:20:22,15:05:33,00:45:11,45.18
5616,294,12/30/2021,BT02,BT01,2,14:29:47,15:23:25,00:53:38,53.63
5617,505,12/30/2021,BT01,BT02,1,14:30:56,15:22:44,00:51:48,51.8
5618,274,12/30/2021,BT01,BT02,1,14:41:11,15:34:15,00:53:04,53.07
5619,264,12/30/2021,BT02,BT01,2,14:49:21,15:38:50,00:49:29,49.48
5620,128,12/30/2021,BT02,BT01,2,15:00:29,15:53:48,00:53:19,53.32
5621,279,12/30/2021,BT01,BT02,1,15:01:03,15:51:07,00:50:04,50.07
5622,1409,12/30/2021,BT02,BT01,2,15:09:51,16:06:53,00:57:02,57.03
5623,1143,12/30/2021,BT02,BT01,2,15:22:05,16:22:14,01:00:09,60.15
5624,294,12/30/2021,BT01,BT02,1,15:40:57,16:35:25,00:54:28,54.47
5625,264,12/30/2021,BT01,BT02,1,16:00:06,16:57:08,00:57:02,57.03
5626,123,12/30/2021,BT02,BT01,2,16:00:23,16:52:57,00:52:34,52.57
5627,128,12/30/2021,BT01,BT02,1,16:11:27,17:06:42,00:55:15,55.25
5628,1409,12/30/2021,BT01,BT02,1,16:20:29,17:17:48,00:57:19,57.32
5629,117,12/30/2021,BT02,BT01,2,16:20:41,17:16:17,00:55:36,55.6
5630,1410,12/30/2021,BT02,BT01,2,16:30:46,17:20:00,00:49:14,49.23
5631,1143,12/30/2021,BT01,BT02,1,16:40:25,17:40:06,00:59:41,59.68
5632,505,12/30/2021,BT02,BT01,2,16:40:34,17:33:24,00:52:50,52.83
5633,274,12/30/2021,BT02,BT01,2,16:50:45,17:43:54,00:53:09,53.15
5634,279,12/30/2021,BT02,BT01,2,17:11:56,18:07:56,00:56:00,56
5635,123,12/30/2021,BT01,BT02,1,17:37:47,18:24:33,00:46:46,46.77
5636,294,12/30/2021,BT02,BT01,2,17:50:33,18:44:41,00:54:08,54.13
5637,1410,12/30/2021,BT01,BT02,1,18:08:27,18:54:21,00:45:54,45.9
5638,128,12/30/2021,BT02,BT01,2,18:21:54,19:14:41,00:52:47,52.78
5639,505,12/30/2021,BT01,BT02,1,18:25:48,19:09:38,00:43:50,43.83
5640,274,12/30/2021,BT01,BT02,1,18:51:18,19:34:39,00:43:21,43.35
5641,279,12/30/2021,BT01,BT02,1,19:25:18,20:04:29,00:39:11,39.18
5642,128,12/30/2021,BT01,BT02,1,21:23:59,21:56:22,00:32:23,32.38
5643,1410,12/31/2021,BT01,BT02,1,06:20:00,07:02:37,00:42:37,42.62
5644,1358,12/31/2021,BT02,BT01,2,06:21:26,07:07:12,00:45:46,45.77
5645,279,12/31/2021,BT02,BT01,2,06:41:07,07:20:37,00:39:30,39.5
5646,1358,12/31/2021,BT01,BT02,1,07:20:02,08:08:13,00:48:11,48.18
5647,279,12/31/2021,BT01,BT02,1,07:41:40,08:33:29,00:51:49,51.82
5648,121,12/31/2021,BT02,BT01,2,08:00:55,08:48:52,00:47:57,47.95
5649,1410,12/31/2021,BT02,BT01,2,08:21:02,09:13:28,00:52:26,52.43
5650,121,12/31/2021,BT01,BT02,1,09:11:47,10:02:16,00:50:29,50.48
5651,1358,12/31/2021,BT02,BT01,2,09:20:43,10:14:40,00:53:57,53.95
5652,1410,12/31/2021,BT01,BT02,1,09:30:42,10:21:22,00:50:40,50.67
5653,279,12/31/2021,BT02,BT01,2,09:40:42,10:33:09,00:52:27,52.45
5654,1358,12/31/2021,BT01,BT02,1,10:40:23,11:37:10,00:56:47,56.78
5655,121,12/31/2021,BT02,BT01,2,10:51:04,11:45:39,00:54:35,54.58
5656,1410,12/31/2021,BT02,BT01,2,10:59:48,11:50:45,00:50:57,50.95
5657,279,12/31/2021,BT01,BT02,1,11:00:37,11:55:33,00:54:56,54.93
5658,1358,12/31/2021,BT02,BT01,2,12:20:33,13:15:18,00:54:45,54.75
5659,121,12/31/2021,BT01,BT02,1,12:23:25,13:18:53,00:55:28,55.47
5660,1410,12/31/2021,BT01,BT02,1,12:31:48,13:24:37,00:52:49,52.82
5661,279,12/31/2021,BT02,BT01,2,12:40:43,13:32:31,00:51:48,51.8
5662,1358,12/31/2021,BT01,BT02,1,13:51:26,14:43:52,00:52:26,52.43
5663,121,12/31/2021,BT02,BT01,2,14:00:45,14:53:30,00:52:45,52.75
5664,1410,12/31/2021,BT02,BT01,2,14:10:44,15:03:51,00:53:07,53.12
5665,279,12/31/2021,BT01,BT02,1,14:11:19,15:06:49,00:55:30,55.5
5666,121,12/31/2021,BT01,BT02,1,15:30:53,16:28:44,00:57:51,57.85
5667,1410,12/31/2021,BT01,BT02,1,15:41:21,16:32:58,00:51:37,51.62
5668,1358,12/31/2021,BT02,BT01,2,15:50:25,16:46:42,00:56:17,56.28
5669,279,12/31/2021,BT02,BT01,2,16:10:54,17:03:23,00:52:29,52.48
5670,121,12/31/2021,BT02,BT01,2,16:58:25,17:57:49,00:59:24,59.4
5671,1410,12/31/2021,BT02,BT01,2,17:11:58,18:09:29,00:57:31,57.52
5672,1358,12/31/2021,BT01,BT02,1,17:17:46,18:08:34,00:50:48,50.8
5673,279,12/31/2021,BT01,BT02,1,17:34:14,18:24:02,00:49:48,49.8
5674,121,12/31/2021,BT01,BT02,1,18:46:12,19:36:22,00:50:10,50.17
5675,505,01-01-2022,BT02,BT01,2,05:30:50,06:02:17,00:31:27,31.45
5676,274,01-01-2022,BT02,BT01,2,05:40:50,06:15:58,00:35:08,35.13
5677,116,01-01-2022,BT02,BT01,2,06:01:09,06:44:54,00:43:45,43.75
5678,262,01-01-2022,BT01,BT02,1,06:31:51,07:21:18,00:49:27,49.45
5679,505,01-01-2022,BT01,BT02,1,06:41:33,07:31:52,00:50:19,50.32
5680,1358,01-01-2022,BT02,BT01,2,06:50:05,07:32:25,00:42:20,42.33
5681,274,01-01-2022,BT01,BT02,1,06:50:28,07:44:30,00:54:02,54.03
5682,116,01-01-2022,BT01,BT02,1,07:01:12,07:49:35,00:48:23,48.38
5683,279,01-01-2022,BT02,BT01,2,07:10:23,07:50:24,00:40:01,40.02
5684,121,01-01-2022,BT02,BT01,2,07:28:18,08:12:40,00:44:22,44.37
5685,1358,01-01-2022,BT01,BT02,1,07:49:27,08:42:23,00:52:56,52.93
5686,1143,01-01-2022,BT02,BT01,2,08:00:51,08:46:48,00:45:57,45.95
5687,279,01-01-2022,BT01,BT02,1,08:08:33,08:55:04,00:46:31,46.52
5688,123,01-01-2022,BT02,BT01,2,08:20:54,09:12:02,00:51:08,51.13
5689,1409,01-01-2022,BT02,BT01,2,08:50:41,09:41:49,00:51:08,51.13
5690,128,01-01-2022,BT02,BT01,2,09:04:15,09:51:54,00:47:39,47.65
5691,1143,01-01-2022,BT01,BT02,1,09:15:43,09:59:59,00:44:16,44.27
5692,123,01-01-2022,BT01,BT02,1,09:41:09,10:34:28,00:53:19,53.32
5693,294,01-01-2022,BT02,BT01,2,09:50:14,10:39:24,00:49:10,49.17
5694,264,01-01-2022,BT02,BT01,2,10:10:30,11:04:05,00:53:35,53.58
5695,1409,01-01-2022,BT01,BT02,1,10:20:46,11:13:03,00:52:17,52.28
5696,262,01-01-2022,BT02,BT01,2,10:40:20,11:34:27,00:54:07,54.12
5697,128,01-01-2022,BT01,BT02,1,10:41:48,11:28:10,00:46:22,46.37
5698,1408,01-01-2022,BT02,BT01,2,10:52:57,11:47:36,00:54:39,54.65
5699,264,01-01-2022,BT01,BT02,1,11:21:14,12:17:25,00:56:11,56.18
5700,1358,01-01-2022,BT02,BT01,2,11:21:20,12:14:12,00:52:52,52.87
5701,262,01-01-2022,BT01,BT02,1,11:50:58,12:51:09,01:00:11,60.18
5702,1408,01-01-2022,BT01,BT02,1,12:01:57,12:59:34,00:57:37,57.62
5703,1358,01-01-2022,BT01,BT02,1,12:31:48,13:31:05,00:59:17,59.28
5704,116,01-01-2022,BT02,BT01,2,12:47:58,13:49:31,01:01:33,61.55
5705,262,01-01-2022,BT02,BT01,2,13:56:50,14:51:15,00:54:25,54.42
5706,116,01-01-2022,BT01,BT02,1,14:05:28,14:54:23,00:48:55,48.92
5707,1408,01-01-2022,BT02,BT01,2,14:15:02,15:11:55,00:56:53,56.88
5708,505,01-01-2022,BT02,BT01,2,14:45:43,15:37:08,00:51:25,51.42
5709,262,01-01-2022,BT01,BT02,1,14:59:37,15:47:35,00:47:58,47.97
5710,1408,01-01-2022,BT01,BT02,1,15:19:43,16:13:55,00:54:12,54.2
5711,505,01-01-2022,BT01,BT02,1,15:46:03,16:27:59,00:41:56,41.93
5712,116,01-01-2022,BT02,BT01,2,16:19:02,17:16:30,00:57:28,57.47
5713,262,01-01-2022,BT02,BT01,2,16:48:10,17:39:32,00:51:22,51.37
5714,505,01-01-2022,BT02,BT01,2,17:16:37,18:12:00,00:55:23,55.38
5715,116,01-01-2022,BT01,BT02,1,17:30:26,18:15:48,00:45:22,45.37
5716,505,01-01-2022,BT01,BT02,1,18:22:56,19:11:07,00:48:11,48.18
5717,1408,01-02-2022,BT02,BT01,2,05:24:33,05:58:52,00:34:19,34.32
5718,116,01-02-2022,BT02,BT01,2,06:00:06,06:44:10,00:44:04,44.07
5719,1410,01-02-2022,BT01,BT02,1,06:21:15,07:07:11,00:45:56,45.93
5720,294,01-02-2022,BT02,BT01,2,06:21:22,07:06:29,00:45:07,45.12
5721,1408,01-02-2022,BT01,BT02,1,06:42:12,07:35:20,00:53:08,53.13
5722,116,01-02-2022,BT01,BT02,1,06:59:51,07:57:32,00:57:41,57.68
5723,123,01-02-2022,BT02,BT01,2,07:01:12,07:55:18,00:54:06,54.1
5724,294,01-02-2022,BT01,BT02,1,07:21:22,08:13:50,00:52:28,52.47
5725,123,01-02-2022,BT01,BT02,1,08:09:30,08:58:52,00:49:22,49.37
5726,1409,01-02-2022,BT02,BT01,2,08:10:22,09:00:48,00:50:26,50.43
5727,121,01-02-2022,BT02,BT01,2,08:20:55,09:07:54,00:46:59,46.98
5728,1143,01-02-2022,BT02,BT01,2,08:30:30,09:22:37,00:52:07,52.12
5729,1410,01-02-2022,BT02,BT01,2,08:40:47,09:34:13,00:53:26,53.43
5730,1408,01-02-2022,BT02,BT01,2,08:59:50,10:01:51,01:02:01,62.02
5731,116,01-02-2022,BT02,BT01,2,09:10:10,10:01:36,00:51:26,51.43
5732,1409,01-02-2022,BT01,BT02,1,09:21:13,10:17:57,00:56:44,56.73
5733,294,01-02-2022,BT02,BT01,2,09:29:26,10:27:02,00:57:36,57.6
5734,121,01-02-2022,BT01,BT02,1,09:31:51,10:32:26,01:00:35,60.58
5735,1143,01-02-2022,BT01,BT02,1,09:41:14,10:41:46,01:00:32,60.53
5736,1410,01-02-2022,BT01,BT02,1,09:51:19,10:50:58,00:59:39,59.65
5737,123,01-02-2022,BT02,BT01,2,10:21:05,11:19:39,00:58:34,58.57
5738,116,01-02-2022,BT01,BT02,1,10:21:52,11:17:10,00:55:18,55.3
5739,1408,01-02-2022,BT01,BT02,1,10:31:24,11:25:58,00:54:34,54.57
5740,294,01-02-2022,BT01,BT02,1,10:49:16,11:44:59,00:55:43,55.72
5741,1409,01-02-2022,BT02,BT01,2,11:20:28,12:19:55,00:59:27,59.45
5742,121,01-02-2022,BT02,BT01,2,11:30:54,12:23:48,00:52:54,52.9
5743,1143,01-02-2022,BT02,BT01,2,11:40:36,12:43:24,01:02:48,62.8
5744,123,01-02-2022,BT01,BT02,1,11:53:48,12:50:33,00:56:45,56.75
5745,116,01-02-2022,BT02,BT01,2,11:59:48,12:56:31,00:56:43,56.72
5746,1408,01-02-2022,BT02,BT01,2,12:21:09,13:21:04,00:59:55,59.92
5747,294,01-02-2022,BT02,BT01,2,12:39:49,13:35:30,00:55:41,55.68
5748,1409,01-02-2022,BT01,BT02,1,12:41:18,13:34:06,00:52:48,52.8
5749,121,01-02-2022,BT01,BT02,1,12:51:21,13:41:37,00:50:16,50.27
5750,1143,01-02-2022,BT01,BT02,1,13:00:29,13:48:45,00:48:16,48.27
5751,116,01-02-2022,BT01,BT02,1,13:21:51,14:11:00,00:49:09,49.15
5752,123,01-02-2022,BT02,BT01,2,13:41:05,14:27:47,00:46:42,46.7
5753,1408,01-02-2022,BT01,BT02,1,13:42:03,14:34:42,00:52:39,52.65
5754,294,01-02-2022,BT01,BT02,1,14:01:34,14:51:19,00:49:45,49.75
5755,1409,01-02-2022,BT02,BT01,2,14:30:22,15:20:23,00:50:01,50.02
5756,121,01-02-2022,BT02,BT01,2,14:40:46,15:33:19,00:52:33,52.55
5757,1143,01-02-2022,BT02,BT01,2,14:50:40,15:41:36,00:50:56,50.93
5758,123,01-02-2022,BT01,BT02,1,15:02:41,15:55:23,00:52:42,52.7
5759,116,01-02-2022,BT02,BT01,2,15:10:58,16:07:38,00:56:40,56.67
5760,1408,01-02-2022,BT02,BT01,2,15:29:27,16:25:58,00:56:31,56.52
5761,294,01-02-2022,BT02,BT01,2,15:49:16,16:35:40,00:46:24,46.4
5762,1409,01-02-2022,BT01,BT02,1,15:51:36,16:46:10,00:54:34,54.57
5763,121,01-02-2022,BT01,BT02,1,16:06:34,16:55:44,00:49:10,49.17
5764,1143,01-02-2022,BT01,BT02,1,16:16:43,17:15:04,00:58:21,58.35
5765,123,01-02-2022,BT02,BT01,2,16:45:27,17:43:06,00:57:39,57.65
5766,116,01-02-2022,BT01,BT02,1,16:47:33,17:40:26,00:52:53,52.88
5767,1408,01-02-2022,BT01,BT02,1,17:09:20,18:05:59,00:56:39,56.65
5768,294,01-02-2022,BT01,BT02,1,17:27:13,18:17:10,00:49:57,49.95
5769,123,01-02-2022,BT01,BT02,1,18:35:07,19:24:13,00:49:06,49.1
5770,1408,01-03-2022,BT02,BT01,2,05:14:48,05:49:33,00:34:45,34.75
5771,505,01-03-2022,BT02,BT01,2,05:31:32,06:06:18,00:34:46,34.77
5772,274,01-03-2022,BT02,BT01,2,05:40:51,06:21:50,00:40:59,40.98
5773,294,01-03-2022,BT02,BT01,2,06:10:08,07:02:57,00:52:49,52.82
5774,1410,01-03-2022,BT01,BT02,1,06:10:14,06:53:23,00:43:09,43.15
5775,262,01-03-2022,BT01,BT02,1,06:21:18,07:18:09,00:56:51,56.85
5776,1408,01-03-2022,BT01,BT02,1,06:31:49,07:33:22,01:01:33,61.55
5777,117,01-03-2022,BT01,BT02,1,06:40:06,07:42:58,01:02:52,62.87
5778,123,01-03-2022,BT02,BT01,2,06:41:02,07:39:23,00:58:21,58.35
5779,128,01-03-2022,BT02,BT01,2,06:49:17,07:40:31,00:51:14,51.23
5780,505,01-03-2022,BT01,BT02,1,06:50:45,07:48:53,00:58:08,58.13
5781,274,01-03-2022,BT01,BT02,1,06:59:57,08:00:12,01:00:15,60.25
5782,1409,01-03-2022,BT02,BT01,2,07:00:02,07:52:40,00:52:38,52.63
5783,1358,01-03-2022,BT02,BT01,2,07:08:42,07:53:05,00:44:23,44.38
5784,294,01-03-2022,BT01,BT02,1,07:18:50,08:10:31,00:51:41,51.68
5785,1143,01-03-2022,BT02,BT01,2,07:30:44,08:12:32,00:41:48,41.8
5786,123,01-03-2022,BT01,BT02,1,08:00:33,08:52:29,00:51:56,51.93
5787,128,01-03-2022,BT01,BT02,1,08:11:02,08:56:06,00:45:04,45.07
5788,1409,01-03-2022,BT01,BT02,1,08:21:10,09:11:13,00:50:03,50.05
5789,121,01-03-2022,BT02,BT01,2,08:28:54,09:21:41,00:52:47,52.78
5790,1358,01-03-2022,BT01,BT02,1,08:29:50,09:19:46,00:49:56,49.93
5791,279,01-03-2022,BT02,BT01,2,08:40:42,09:33:53,00:53:11,53.18
5792,1143,01-03-2022,BT01,BT02,1,08:40:45,09:32:04,00:51:19,51.32
5793,116,01-03-2022,BT02,BT01,2,08:50:26,09:41:02,00:50:36,50.6
5794,262,01-03-2022,BT02,BT01,2,09:00:07,09:54:33,00:54:26,54.43
5795,1408,01-03-2022,BT02,BT01,2,09:10:41,10:03:51,00:53:10,53.17
5796,117,01-03-2022,BT02,BT01,2,09:19:55,10:18:42,00:58:47,58.78
5797,505,01-03-2022,BT02,BT01,2,09:30:50,10:22:23,00:51:33,51.55
5798,121,01-03-2022,BT01,BT02,1,09:40:29,10:36:39,00:56:10,56.17
5799,274,01-03-2022,BT02,BT01,2,09:41:11,10:31:48,00:50:37,50.62
5800,279,01-03-2022,BT01,BT02,1,09:50:20,10:43:38,00:53:18,53.3
5801,294,01-03-2022,BT02,BT01,2,09:59:39,10:54:18,00:54:39,54.65
5802,116,01-03-2022,BT01,BT02,1,10:01:02,10:52:13,00:51:11,51.18
5803,262,01-03-2022,BT01,BT02,1,10:11:27,11:05:11,00:53:44,53.73
5804,1408,01-03-2022,BT01,BT02,1,10:20:21,11:16:23,00:56:02,56.03
5805,117,01-03-2022,BT01,BT02,1,10:31:05,11:26:20,00:55:15,55.25
5806,505,01-03-2022,BT01,BT02,1,10:40:47,11:32:39,00:51:52,51.87
5807,123,01-03-2022,BT02,BT01,2,10:40:51,11:36:25,00:55:34,55.57
5808,128,01-03-2022,BT02,BT01,2,10:49:33,11:46:30,00:56:57,56.95
5809,274,01-03-2022,BT01,BT02,1,10:50:40,11:42:51,00:52:11,52.18
5810,1358,01-03-2022,BT02,BT01,2,10:59:43,11:47:45,00:48:02,48.03
5811,294,01-03-2022,BT01,BT02,1,11:09:52,12:04:44,00:54:52,54.87
5812,1143,01-03-2022,BT02,BT01,2,11:11:03,12:00:22,00:49:19,49.32
5813,123,01-03-2022,BT01,BT02,1,11:51:58,12:47:12,00:55:14,55.23
5814,128,01-03-2022,BT01,BT02,1,12:01:30,12:58:30,00:57:00,57
5815,1358,01-03-2022,BT01,BT02,1,12:11:49,13:06:15,00:54:26,54.43
5816,279,01-03-2022,BT02,BT01,2,12:20:26,13:11:04,00:50:38,50.63
5817,1143,01-03-2022,BT01,BT02,1,12:22:29,13:20:26,00:57:57,57.95
5818,116,01-03-2022,BT02,BT01,2,12:30:48,13:27:17,00:56:29,56.48
5819,262,01-03-2022,BT02,BT01,2,12:41:25,13:42:26,01:01:01,61.02
5820,1408,01-03-2022,BT02,BT01,2,12:50:02,13:51:59,01:01:57,61.95
5821,117,01-03-2022,BT02,BT01,2,13:00:50,14:02:10,01:01:20,61.33
5822,505,01-03-2022,BT02,BT01,2,13:10:26,14:09:42,00:59:16,59.27
5823,274,01-03-2022,BT02,BT01,2,13:20:05,14:18:00,00:57:55,57.92
5824,279,01-03-2022,BT01,BT02,1,13:30:53,14:31:03,01:00:10,60.17
5825,294,01-03-2022,BT02,BT01,2,13:37:42,14:31:49,00:54:07,54.12
5826,116,01-03-2022,BT01,BT02,1,13:42:02,14:38:28,00:56:26,56.43
5827,262,01-03-2022,BT01,BT02,1,13:59:41,14:51:21,00:51:40,51.67
5828,1408,01-03-2022,BT01,BT02,1,14:11:10,15:05:10,00:54:00,54
5829,123,01-03-2022,BT02,BT01,2,14:19:10,15:09:31,00:50:21,50.35
5830,117,01-03-2022,BT01,BT02,1,14:21:36,15:07:44,00:46:08,46.13
5831,128,01-03-2022,BT02,BT01,2,14:30:49,15:25:32,00:54:43,54.72
5832,505,01-03-2022,BT01,BT02,1,14:32:02,15:14:08,00:42:06,42.1
5833,1358,01-03-2022,BT02,BT01,2,14:40:56,15:36:03,00:55:07,55.12
5834,274,01-03-2022,BT01,BT02,1,14:41:12,15:35:16,00:54:04,54.07
5835,1143,01-03-2022,BT02,BT01,2,14:50:27,15:44:18,00:53:51,53.85
5836,294,01-03-2022,BT01,BT02,1,15:01:16,15:53:49,00:52:33,52.55
5837,279,01-03-2022,BT02,BT01,2,15:40:42,16:33:39,00:52:57,52.95
5838,123,01-03-2022,BT01,BT02,1,15:40:52,16:36:02,00:55:10,55.17
5839,116,01-03-2022,BT02,BT01,2,15:49:21,16:40:39,00:51:18,51.3
5840,128,01-03-2022,BT01,BT02,1,15:51:19,16:41:18,00:49:59,49.98
5841,262,01-03-2022,BT02,BT01,2,15:58:39,16:46:08,00:47:29,47.48
5842,1358,01-03-2022,BT01,BT02,1,16:00:40,16:54:29,00:53:49,53.82
5843,1408,01-03-2022,BT02,BT01,2,16:10:37,17:00:35,00:49:58,49.97
5844,1143,01-03-2022,BT01,BT02,1,16:11:27,17:11:18,00:59:51,59.85
5845,117,01-03-2022,BT02,BT01,2,16:20:54,17:10:13,00:49:19,49.32
5846,505,01-03-2022,BT02,BT01,2,16:29:36,17:21:22,00:51:46,51.77
5847,274,01-03-2022,BT02,BT01,2,16:39:41,17:29:44,00:50:03,50.05
5848,294,01-03-2022,BT02,BT01,2,16:59:00,17:54:28,00:55:28,55.47
5849,123,01-03-2022,BT02,BT01,2,17:09:27,18:12:56,01:03:29,63.48
5850,116,01-03-2022,BT01,BT02,1,17:21:29,18:14:19,00:52:50,52.83
5851,262,01-03-2022,BT01,BT02,1,17:30:48,18:16:12,00:45:24,45.4
5852,1408,01-03-2022,BT01,BT02,1,17:41:27,18:31:34,00:50:07,50.12
5853,128,01-03-2022,BT02,BT01,2,17:45:16,18:42:09,00:56:53,56.88
5854,279,01-03-2022,BT01,BT02,1,17:51:49,18:37:11,00:45:22,45.37
5855,505,01-03-2022,BT01,BT02,1,17:59:09,18:44:26,00:45:17,45.28
5856,274,01-03-2022,BT01,BT02,1,18:04:40,18:49:23,00:44:43,44.72
5857,294,01-03-2022,BT01,BT02,1,18:42:20,19:27:47,00:45:27,45.45
5858,123,01-03-2022,BT01,BT02,1,20:42:29,21:16:28,00:33:59,33.98
5859,128,01-03-2022,BT01,BT02,1,21:26:02,21:57:20,00:31:18,31.3
5860,505,01-04-2022,BT02,BT01,2,05:30:37,06:04:03,00:33:26,33.43
5861,274,01-04-2022,BT02,BT01,2,05:41:03,06:23:43,00:42:40,42.67
5862,262,01-04-2022,BT01,BT02,1,06:11:02,07:09:48,00:58:46,58.77
5863,264,01-04-2022,BT02,BT01,2,06:11:18,06:55:14,00:43:56,43.93
5864,123,01-04-2022,BT02,BT01,2,06:22:25,07:18:10,00:55:45,55.75
5865,117,01-04-2022,BT01,BT02,1,06:30:48,07:29:07,00:58:19,58.32
5866,128,01-04-2022,BT02,BT01,2,06:39:12,07:35:26,00:56:14,56.23
5867,505,01-04-2022,BT01,BT02,1,06:50:58,07:47:20,00:56:22,56.37
5868,274,01-04-2022,BT01,BT02,1,06:58:10,07:56:24,00:58:14,58.23
5869,1358,01-04-2022,BT02,BT01,2,07:00:51,07:49:16,00:48:25,48.42
5870,1143,01-04-2022,BT02,BT01,2,07:09:05,07:55:33,00:46:28,46.47
5871,264,01-04-2022,BT01,BT02,1,07:20:28,08:11:31,00:51:03,51.05
5872,123,01-04-2022,BT01,BT02,1,07:30:43,08:21:38,00:50:55,50.92
5873,128,01-04-2022,BT01,BT02,1,07:50:50,08:36:30,00:45:40,45.67
5874,513,01-04-2022,BT02,BT01,2,08:00:24,08:46:37,00:46:13,46.22
5875,1358,01-04-2022,BT01,BT02,1,08:08:31,08:56:55,00:48:24,48.4
5876,121,01-04-2022,BT02,BT01,2,08:10:48,09:00:23,00:49:35,49.58
5877,1143,01-04-2022,BT01,BT02,1,08:20:23,09:09:25,00:49:02,49.03
5878,279,01-04-2022,BT02,BT01,2,08:20:47,09:11:09,00:50:22,50.37
5879,116,01-04-2022,BT02,BT01,2,08:30:20,09:20:00,00:49:40,49.67
5880,262,01-04-2022,BT02,BT01,2,08:39:44,09:34:18,00:54:34,54.57
5881,117,01-04-2022,BT02,BT01,2,08:58:41,09:50:20,00:51:39,51.65
5882,513,01-04-2022,BT01,BT02,1,09:01:12,09:52:30,00:51:18,51.3
5883,121,01-04-2022,BT01,BT02,1,09:10:24,10:04:46,00:54:22,54.37
5884,505,01-04-2022,BT02,BT01,2,09:20:34,10:13:57,00:53:23,53.38
5885,279,01-04-2022,BT01,BT02,1,09:29:37,10:19:03,00:49:26,49.43
5886,274,01-04-2022,BT02,BT01,2,09:30:09,10:21:11,00:51:02,51.03
5887,116,01-04-2022,BT01,BT02,1,09:41:05,10:37:28,00:56:23,56.38
5888,264,01-04-2022,BT02,BT01,2,09:50:12,10:41:41,00:51:29,51.48
5889,262,01-04-2022,BT01,BT02,1,09:50:30,10:39:06,00:48:36,48.6
5890,123,01-04-2022,BT02,BT01,2,10:01:10,10:52:47,00:51:37,51.62
5891,117,01-04-2022,BT01,BT02,1,10:10:19,11:02:35,00:52:16,52.27
5892,128,01-04-2022,BT02,BT01,2,10:19:30,11:19:13,00:59:43,59.72
5893,505,01-04-2022,BT01,BT02,1,10:31:26,11:17:52,00:46:26,46.43
5894,274,01-04-2022,BT01,BT02,1,10:38:31,11:31:38,00:53:07,53.12
5895,1358,01-04-2022,BT02,BT01,2,10:40:28,11:34:54,00:54:26,54.43
5896,1143,01-04-2022,BT02,BT01,2,10:51:25,11:43:36,00:52:11,52.18
5897,264,01-04-2022,BT01,BT02,1,11:01:24,11:51:57,00:50:33,50.55
5898,123,01-04-2022,BT01,BT02,1,11:12:19,12:08:01,00:55:42,55.7
5899,128,01-04-2022,BT01,BT02,1,11:30:16,12:28:39,00:58:23,58.38
5900,121,01-04-2022,BT02,BT01,2,11:30:33,12:23:13,00:52:40,52.67
5901,279,01-04-2022,BT02,BT01,2,11:40:53,12:34:45,00:53:52,53.87
5902,116,01-04-2022,BT02,BT01,2,11:50:07,12:46:58,00:56:51,56.85
5903,1358,01-04-2022,BT01,BT02,1,11:51:00,12:46:07,00:55:07,55.12
5904,262,01-04-2022,BT02,BT01,2,11:59:46,12:52:39,00:52:53,52.88
5905,1143,01-04-2022,BT01,BT02,1,12:01:28,12:59:33,00:58:05,58.08
5906,117,01-04-2022,BT02,BT01,2,12:20:17,13:20:19,01:00:02,60.03
5907,505,01-04-2022,BT02,BT01,2,12:40:41,13:36:06,00:55:25,55.42
5908,121,01-04-2022,BT01,BT02,1,12:40:45,13:39:05,00:58:20,58.33
5909,274,01-04-2022,BT02,BT01,2,12:48:44,13:46:41,00:57:57,57.95
5910,279,01-04-2022,BT01,BT02,1,12:51:16,13:54:25,01:03:09,63.15
5911,116,01-04-2022,BT01,BT02,1,13:00:28,13:58:04,00:57:36,57.6
5912,264,01-04-2022,BT02,BT01,2,13:11:30,14:15:41,01:04:11,64.18
5913,262,01-04-2022,BT01,BT02,1,13:13:15,14:09:37,00:56:22,56.37
5914,123,01-04-2022,BT02,BT01,2,13:21:22,14:26:18,01:04:56,64.93
5915,117,01-04-2022,BT01,BT02,1,13:31:07,14:32:42,01:01:35,61.58
5916,128,01-04-2022,BT02,BT01,2,13:40:14,14:34:17,00:54:03,54.05
5917,505,01-04-2022,BT01,BT02,1,13:51:17,14:45:08,00:53:51,53.85
5918,1358,01-04-2022,BT02,BT01,2,13:59:32,14:45:43,00:46:11,46.18
5919,274,01-04-2022,BT01,BT02,1,14:00:40,14:53:19,00:52:39,52.65
5920,1143,01-04-2022,BT02,BT01,2,14:09:18,15:05:02,00:55:44,55.73
5921,264,01-04-2022,BT01,BT02,1,14:29:36,15:23:26,00:53:50,53.83
5922,121,01-04-2022,BT02,BT01,2,14:41:03,15:29:03,00:48:00,48
5923,123,01-04-2022,BT01,BT02,1,14:41:22,15:35:53,00:54:31,54.52
5924,279,01-04-2022,BT02,BT01,2,15:01:13,15:52:56,00:51:43,51.72
5925,128,01-04-2022,BT01,BT02,1,15:01:15,15:57:28,00:56:13,56.22
5926,116,01-04-2022,BT02,BT01,2,15:09:39,15:57:02,00:47:23,47.38
5927,262,01-04-2022,BT02,BT01,2,15:20:57,16:08:45,00:47:48,47.8
5928,1358,01-04-2022,BT01,BT02,1,15:21:09,16:09:02,00:47:53,47.88
5929,117,01-04-2022,BT02,BT01,2,15:30:00,16:19:35,00:49:35,49.58
5930,1143,01-04-2022,BT01,BT02,1,15:30:37,16:28:16,00:57:39,57.65
5931,505,01-04-2022,BT02,BT01,2,15:50:24,16:42:26,00:52:02,52.03
5932,121,01-04-2022,BT01,BT02,1,15:59:20,16:51:57,00:52:37,52.62
5933,274,01-04-2022,BT02,BT01,2,16:00:29,16:49:11,00:48:42,48.7
5934,279,01-04-2022,BT01,BT02,1,16:20:02,17:13:22,00:53:20,53.33
5935,264,01-04-2022,BT02,BT01,2,16:20:12,17:15:23,00:55:11,55.18
5936,123,01-04-2022,BT02,BT01,2,16:29:39,17:22:51,00:53:12,53.2
5937,116,01-04-2022,BT01,BT02,1,16:31:08,17:27:23,00:56:15,56.25
5938,128,01-04-2022,BT02,BT01,2,16:50:45,17:43:49,00:53:04,53.07
5939,505,01-04-2022,BT01,BT02,1,17:00:30,17:49:20,00:48:50,48.83
5940,274,01-04-2022,BT01,BT02,1,17:10:39,18:03:17,00:52:38,52.63
5941,1358,01-04-2022,BT02,BT01,2,17:15:56,18:17:30,01:01:34,61.57
5942,123,01-04-2022,BT01,BT02,1,17:48:50,18:33:45,00:44:55,44.92
5943,279,01-04-2022,BT02,BT01,2,17:57:35,18:47:13,00:49:38,49.63
5944,128,01-04-2022,BT01,BT02,1,18:13:57,18:58:31,00:44:34,44.57
5945,1358,01-04-2022,BT01,BT02,1,19:08:01,19:46:31,00:38:30,38.5
5946,505,01-05-2022,BT02,BT01,2,05:30:36,06:05:06,00:34:30,34.5
5947,274,01-05-2022,BT02,BT01,2,05:41:48,06:24:21,00:42:33,42.55
5948,264,01-05-2022,BT02,BT01,2,06:01:28,06:47:58,00:46:30,46.5
5949,123,01-05-2022,BT02,BT01,2,06:19:47,07:15:24,00:55:37,55.62
5950,1408,01-05-2022,BT01,BT02,1,06:21:00,07:18:10,00:57:10,57.17
5951,128,01-05-2022,BT02,BT01,2,06:30:11,07:31:24,01:01:13,61.22
5952,117,01-05-2022,BT01,BT02,1,06:37:43,07:35:25,00:57:42,57.7
5953,1410,01-05-2022,BT01,BT02,1,06:51:37,07:44:58,00:53:21,53.35
5954,505,01-05-2022,BT01,BT02,1,07:00:58,08:01:44,01:00:46,60.77
5955,274,01-05-2022,BT01,BT02,1,07:10:08,08:09:31,00:59:23,59.38
5956,264,01-05-2022,BT01,BT02,1,07:20:54,08:13:48,00:52:54,52.9
5957,123,01-05-2022,BT01,BT02,1,07:38:56,08:21:39,00:42:43,42.72
5958,279,01-05-2022,BT02,BT01,2,07:40:48,08:31:24,00:50:36,50.6
5959,128,01-05-2022,BT01,BT02,1,07:51:05,08:37:28,00:46:23,46.38
5960,1377,01-05-2022,BT02,BT01,2,08:15:54,09:10:42,00:54:48,54.8
5961,294,01-05-2022,BT02,BT01,2,08:30:23,09:19:29,00:49:06,49.1
5962,1408,01-05-2022,BT02,BT01,2,08:51:13,09:42:43,00:51:30,51.5
5963,1143,01-05-2022,BT02,BT01,2,09:00:43,09:55:46,00:55:03,55.05
5964,279,01-05-2022,BT01,BT02,1,09:00:44,09:48:23,00:47:39,47.65
5965,117,01-05-2022,BT02,BT01,2,09:20:36,10:20:09,00:59:33,59.55
5966,1410,01-05-2022,BT02,BT01,2,09:30:11,10:24:47,00:54:36,54.6
5967,505,01-05-2022,BT02,BT01,2,09:40:20,10:31:59,00:51:39,51.65
5968,1377,01-05-2022,BT01,BT02,1,09:41:52,10:36:09,00:54:17,54.28
5969,274,01-05-2022,BT02,BT01,2,09:45:42,10:39:50,00:54:08,54.13
5970,294,01-05-2022,BT01,BT02,1,09:50:45,10:49:14,00:58:29,58.48
5971,264,01-05-2022,BT02,BT01,2,10:00:44,10:49:57,00:49:13,49.22
5972,1408,01-05-2022,BT01,BT02,1,10:11:04,11:02:06,00:51:02,51.03
5973,123,01-05-2022,BT02,BT01,2,10:21:08,11:15:26,00:54:18,54.3
5974,1143,01-05-2022,BT01,BT02,1,10:21:27,11:13:46,00:52:19,52.32
5975,128,01-05-2022,BT02,BT01,2,10:31:20,11:18:56,00:47:36,47.6
5976,117,01-05-2022,BT01,BT02,1,10:40:17,11:32:36,00:52:19,52.32
5977,1410,01-05-2022,BT01,BT02,1,10:50:20,11:43:08,00:52:48,52.8
5978,505,01-05-2022,BT01,BT02,1,11:01:15,11:50:34,00:49:19,49.32
5979,274,01-05-2022,BT01,BT02,1,11:10:01,12:09:19,00:59:18,59.3
5980,264,01-05-2022,BT01,BT02,1,11:20:46,12:17:56,00:57:10,57.17
5981,279,01-05-2022,BT02,BT01,2,11:30:50,12:25:06,00:54:16,54.27
5982,123,01-05-2022,BT01,BT02,1,11:40:36,12:34:45,00:54:09,54.15
5983,128,01-05-2022,BT01,BT02,1,11:51:33,12:47:21,00:55:48,55.8
5984,1377,01-05-2022,BT02,BT01,2,12:09:21,13:08:37,00:59:16,59.27
5985,294,01-05-2022,BT02,BT01,2,12:17:03,13:08:27,00:51:24,51.4
5986,1408,01-05-2022,BT02,BT01,2,12:40:54,13:35:02,00:54:08,54.13
5987,279,01-05-2022,BT01,BT02,1,12:49:48,13:51:45,01:01:57,61.95
5988,1143,01-05-2022,BT02,BT01,2,12:50:48,13:50:13,00:59:25,59.42
5989,117,01-05-2022,BT02,BT01,2,13:10:39,14:15:38,01:04:59,64.98
5990,1410,01-05-2022,BT02,BT01,2,13:20:55,14:20:21,00:59:26,59.43
5991,1377,01-05-2022,BT01,BT02,1,13:31:04,14:33:32,01:02:28,62.47
5992,505,01-05-2022,BT02,BT01,2,13:40:22,14:33:30,00:53:08,53.13
5993,294,01-05-2022,BT01,BT02,1,13:42:03,14:43:28,01:01:25,61.42
5994,274,01-05-2022,BT02,BT01,2,13:50:15,14:46:47,00:56:32,56.53
5995,1408,01-05-2022,BT01,BT02,1,13:59:59,14:52:19,00:52:20,52.33
5996,264,01-05-2022,BT02,BT01,2,14:00:47,14:50:41,00:49:54,49.9
5997,1143,01-05-2022,BT01,BT02,1,14:11:45,14:59:17,00:47:32,47.53
5998,117,01-05-2022,BT01,BT02,1,14:30:10,15:20:19,00:50:09,50.15
5999,128,01-05-2022,BT02,BT01,2,14:30:28,15:21:42,00:51:14,51.23
6000,1410,01-05-2022,BT01,BT02,1,14:41:08,15:23:36,00:42:28,42.47
6001,505,01-05-2022,BT01,BT02,1,15:00:48,15:47:21,00:46:33,46.55
6002,274,01-05-2022,BT01,BT02,1,15:11:24,16:04:20,00:52:56,52.93
6003,264,01-05-2022,BT01,BT02,1,15:21:02,16:15:05,00:54:03,54.05
6004,279,01-05-2022,BT02,BT01,2,15:30:39,16:24:51,00:54:12,54.2
6005,128,01-05-2022,BT01,BT02,1,15:41:45,16:35:26,00:53:41,53.68
6006,123,01-05-2022,BT01,BT02,1,16:11:21,17:10:05,00:58:44,58.73
6007,1377,01-05-2022,BT02,BT01,2,16:12:04,17:10:15,00:58:11,58.18
6008,294,01-05-2022,BT02,BT01,2,16:18:10,17:16:03,00:57:53,57.88
6009,1408,01-05-2022,BT02,BT01,2,16:41:34,17:34:17,00:52:43,52.72
6010,1143,01-05-2022,BT02,BT01,2,16:51:06,17:52:55,01:01:49,61.82
6011,279,01-05-2022,BT01,BT02,1,17:00:56,17:50:17,00:49:21,49.35
6012,117,01-05-2022,BT02,BT01,2,17:10:55,18:04:00,00:53:05,53.08
6013,1410,01-05-2022,BT02,BT01,2,17:20:47,18:23:02,01:02:15,62.25
6014,274,01-05-2022,BT02,BT01,2,17:29:01,18:24:22,00:55:21,55.35
6015,264,01-05-2022,BT02,BT01,2,17:40:43,18:36:45,00:56:02,56.03
6016,1377,01-05-2022,BT01,BT02,1,17:41:28,18:33:39,00:52:11,52.18
6017,294,01-05-2022,BT01,BT02,1,17:52:21,18:43:48,00:51:27,51.45
6018,128,01-05-2022,BT02,BT01,2,17:59:43,18:51:59,00:52:16,52.27
6019,1408,01-05-2022,BT01,BT02,1,18:20:52,19:11:40,00:50:48,50.8
6020,1143,01-05-2022,BT01,BT02,1,18:47:27,19:30:06,00:42:39,42.65
6021,128,01-05-2022,BT01,BT02,1,19:19:56,20:06:56,00:47:00,47
6022,274,01-05-2022,BT01,BT02,1,19:32:26,20:18:02,00:45:36,45.6
6023,264,01-05-2022,BT01,BT02,1,20:01:57,20:39:33,00:37:36,37.6
6024,1408,01-06-2022,BT02,BT01,2,05:13:56,05:48:22,00:34:26,34.43
6025,505,01-06-2022,BT02,BT01,2,05:30:15,06:02:04,00:31:49,31.82
6026,264,01-06-2022,BT02,BT01,2,05:39:29,06:13:20,00:33:51,33.85
6027,1408,01-06-2022,BT01,BT02,1,06:08:18,07:06:01,00:57:43,57.72
6028,128,01-06-2022,BT02,BT01,2,06:19:37,07:13:16,00:53:39,53.65
6029,117,01-06-2022,BT01,BT02,1,06:31:03,07:26:26,00:55:23,55.38
6030,1410,01-06-2022,BT01,BT02,1,06:41:09,07:33:42,00:52:33,52.55
6031,1358,01-06-2022,BT02,BT01,2,06:41:29,07:30:05,00:48:36,48.6
6032,262,01-06-2022,BT01,BT02,1,06:51:40,07:47:59,00:56:19,56.32
6033,505,01-06-2022,BT01,BT02,1,07:01:00,08:07:52,01:06:52,66.87
6034,264,01-06-2022,BT01,BT02,1,07:10:28,08:12:15,01:01:47,61.78
6035,128,01-06-2022,BT01,BT02,1,07:38:17,08:24:41,00:46:24,46.4
6036,121,01-06-2022,BT02,BT01,2,07:50:30,08:42:31,00:52:01,52.02
6037,116,01-06-2022,BT02,BT01,2,08:00:02,08:48:19,00:48:17,48.28
6038,1358,01-06-2022,BT01,BT02,1,08:00:04,08:45:56,00:45:52,45.87
6039,1377,01-06-2022,BT02,BT01,2,08:29:54,09:22:28,00:52:34,52.57
6040,294,01-06-2022,BT02,BT01,2,08:40:27,09:34:30,00:54:03,54.05
6041,1408,01-06-2022,BT02,BT01,2,08:50:27,09:42:39,00:52:12,52.2
6042,121,01-06-2022,BT01,BT02,1,09:01:16,09:57:43,00:56:27,56.45
6043,117,01-06-2022,BT02,BT01,2,09:10:25,10:07:37,00:57:12,57.2
6044,116,01-06-2022,BT01,BT02,1,09:11:49,10:05:09,00:53:20,53.33
6045,1410,01-06-2022,BT02,BT01,2,09:20:06,10:19:51,00:59:45,59.75
6046,262,01-06-2022,BT02,BT01,2,09:30:54,10:25:35,00:54:41,54.68
6047,505,01-06-2022,BT02,BT01,2,09:41:06,10:30:42,00:49:36,49.6
6048,1377,01-06-2022,BT01,BT02,1,09:41:22,10:33:56,00:52:34,52.57
6049,294,01-06-2022,BT01,BT02,1,09:50:16,10:43:53,00:53:37,53.62
6050,1408,01-06-2022,BT01,BT02,1,10:00:36,10:55:39,00:55:03,55.05
6051,128,01-06-2022,BT02,BT01,2,10:11:28,11:03:01,00:51:33,51.55
6052,1358,01-06-2022,BT02,BT01,2,10:30:58,11:25:49,00:54:51,54.85
6053,1410,01-06-2022,BT01,BT02,1,10:31:06,11:23:10,00:52:04,52.07
6054,262,01-06-2022,BT01,BT02,1,10:40:38,11:35:30,00:54:52,54.87
6055,505,01-06-2022,BT01,BT02,1,10:51:37,11:47:52,00:56:15,56.25
6056,128,01-06-2022,BT01,BT02,1,11:21:05,12:13:01,00:51:56,51.93
6057,121,01-06-2022,BT02,BT01,2,11:31:05,12:20:40,00:49:35,49.58
6058,116,01-06-2022,BT02,BT01,2,11:40:58,12:31:35,00:50:37,50.62
6059,1358,01-06-2022,BT01,BT02,1,11:41:41,12:34:20,00:52:39,52.65
6060,1377,01-06-2022,BT02,BT01,2,12:11:14,13:05:46,00:54:32,54.53
6061,294,01-06-2022,BT02,BT01,2,12:18:41,13:13:08,00:54:27,54.45
6062,1408,01-06-2022,BT02,BT01,2,12:30:37,13:24:20,00:53:43,53.72
6063,121,01-06-2022,BT01,BT02,1,12:40:56,13:37:28,00:56:32,56.53
6064,117,01-06-2022,BT02,BT01,2,12:50:38,13:52:35,01:01:57,61.95
6065,116,01-06-2022,BT01,BT02,1,12:52:00,13:51:32,00:59:32,59.53
6066,1410,01-06-2022,BT02,BT01,2,13:00:10,14:00:49,01:00:39,60.65
6067,262,01-06-2022,BT02,BT01,2,13:10:59,14:07:09,00:56:10,56.17
6068,505,01-06-2022,BT02,BT01,2,13:19:32,14:15:05,00:55:33,55.55
6069,1377,01-06-2022,BT01,BT02,1,13:31:31,14:34:24,01:02:53,62.88
6070,294,01-06-2022,BT01,BT02,1,13:41:46,14:44:36,01:02:50,62.83
6071,128,01-06-2022,BT02,BT01,2,13:50:55,14:40:11,00:49:16,49.27
6072,1408,01-06-2022,BT01,BT02,1,13:51:32,14:52:00,01:00:28,60.47
6073,1358,01-06-2022,BT02,BT01,2,14:08:25,14:59:38,00:51:13,51.22
6074,117,01-06-2022,BT01,BT02,1,14:10:57,15:02:46,00:51:49,51.82
6075,1410,01-06-2022,BT01,BT02,1,14:21:14,15:09:17,00:48:03,48.05
6076,262,01-06-2022,BT01,BT02,1,14:30:50,15:27:13,00:56:23,56.38
6077,505,01-06-2022,BT01,BT02,1,14:41:25,15:31:56,00:50:31,50.52
6078,121,01-06-2022,BT02,BT01,2,15:09:27,15:57:33,00:48:06,48.1
6079,128,01-06-2022,BT01,BT02,1,15:11:33,16:01:36,00:50:03,50.05
6080,116,01-06-2022,BT02,BT01,2,15:20:40,16:14:00,00:53:20,53.33
6081,1358,01-06-2022,BT01,BT02,1,15:31:06,16:15:38,00:44:32,44.53
6082,1377,01-06-2022,BT02,BT01,2,15:50:53,16:47:25,00:56:32,56.53
6083,294,01-06-2022,BT02,BT01,2,15:58:56,16:48:17,00:49:21,49.35
6084,1408,01-06-2022,BT02,BT01,2,16:09:51,16:59:39,00:49:48,49.8
6085,117,01-06-2022,BT02,BT01,2,16:30:51,17:26:27,00:55:36,55.6
6086,121,01-06-2022,BT01,BT02,1,16:31:41,17:28:26,00:56:45,56.75
6087,116,01-06-2022,BT01,BT02,1,16:40:18,17:32:26,00:52:08,52.13
6088,1410,01-06-2022,BT02,BT01,2,16:41:10,17:33:17,00:52:07,52.12
6089,262,01-06-2022,BT02,BT01,2,16:50:46,17:43:09,00:52:23,52.38
6090,505,01-06-2022,BT02,BT01,2,17:00:40,17:50:32,00:49:52,49.87
6091,264,01-06-2022,BT02,BT01,2,17:10:37,18:04:53,00:54:16,54.27
6092,1377,01-06-2022,BT01,BT02,1,17:10:40,18:00:23,00:49:43,49.72
6093,294,01-06-2022,BT01,BT02,1,17:20:14,18:12:04,00:51:50,51.83
6094,1408,01-06-2022,BT01,BT02,1,17:28:16,18:20:23,00:52:07,52.12
6095,128,01-06-2022,BT02,BT01,2,17:40:03,18:31:48,00:51:45,51.75
6096,1410,01-06-2022,BT01,BT02,1,17:52:11,18:39:19,00:47:08,47.13
6097,262,01-06-2022,BT01,BT02,1,18:01:32,18:50:31,00:48:59,48.98
6098,505,01-06-2022,BT01,BT02,1,18:08:51,18:56:51,00:48:00,48
6099,264,01-06-2022,BT01,BT02,1,18:20:49,19:08:37,00:47:48,47.8
6100,128,01-06-2022,BT01,BT02,1,19:09:01,19:50:59,00:41:58,41.97
6101,123,01-06-2022,BT01,BT02,1,20:27:19,21:08:39,00:41:20,41.33
6102,1408,01-07-2022,BT02,BT01,2,05:17:33,05:55:03,00:37:30,37.5
6103,274,01-07-2022,BT02,BT01,2,05:30:26,06:02:51,00:32:25,32.42
6104,264,01-07-2022,BT02,BT01,2,05:47:58,06:22:55,00:34:57,34.95
6105,123,01-07-2022,BT02,BT01,2,06:10:56,06:59:33,00:48:37,48.62
6106,1410,01-07-2022,BT01,BT02,1,06:21:30,07:27:48,01:06:18,66.3
6107,1409,01-07-2022,BT02,BT01,2,06:30:54,07:27:38,00:56:44,56.73
6108,262,01-07-2022,BT01,BT02,1,06:38:59,07:37:22,00:58:23,58.38
6109,1358,01-07-2022,BT02,BT01,2,06:40:45,07:32:35,00:51:50,51.83
6110,1143,01-07-2022,BT02,BT01,2,06:49:39,07:34:56,00:45:17,45.28
6111,1408,01-07-2022,BT01,BT02,1,06:49:52,07:47:18,00:57:26,57.43
6112,274,01-07-2022,BT01,BT02,1,06:57:39,07:51:42,00:54:03,54.05
6113,209,01-07-2022,BT02,BT01,2,07:00:38,07:48:05,00:47:27,47.45
6114,264,01-07-2022,BT01,BT02,1,07:20:54,08:12:43,00:51:49,51.82
6115,121,01-07-2022,BT02,BT01,2,07:38:28,08:30:39,00:52:11,52.18
6116,116,01-07-2022,BT02,BT01,2,07:59:46,08:47:29,00:47:43,47.72
6117,1409,01-07-2022,BT01,BT02,1,07:59:48,08:55:03,00:55:15,55.25
6118,1358,01-07-2022,BT01,BT02,1,08:11:10,08:56:36,00:45:26,45.43
6119,1143,01-07-2022,BT01,BT02,1,08:21:30,09:11:35,00:50:05,50.08
6120,1377,01-07-2022,BT02,BT01,2,08:30:18,09:21:28,00:51:10,51.17
6121,294,01-07-2022,BT02,BT01,2,08:38:55,09:27:00,00:48:05,48.08
6122,121,01-07-2022,BT01,BT02,1,09:00:54,09:54:25,00:53:31,53.52
6123,116,01-07-2022,BT01,BT02,1,09:11:59,10:06:50,00:54:51,54.85
6124,1410,01-07-2022,BT02,BT01,2,09:20:44,10:11:29,00:50:45,50.75
6125,262,01-07-2022,BT02,BT01,2,09:40:12,10:31:02,00:50:50,50.83
6126,1719,01-07-2022,BT01,BT02,1,09:41:55,10:36:48,00:54:53,54.88
6127,1408,01-07-2022,BT02,BT01,2,09:50:26,10:42:42,00:52:16,52.27
6128,1377,01-07-2022,BT01,BT02,1,09:51:10,10:42:24,00:51:14,51.23
6129,274,01-07-2022,BT02,BT01,2,09:59:58,10:56:19,00:56:21,56.35
6130,294,01-07-2022,BT01,BT02,1,10:01:30,10:53:32,00:52:02,52.03
6131,264,01-07-2022,BT02,BT01,2,10:20:33,11:15:26,00:54:53,54.88
6132,1410,01-07-2022,BT01,BT02,1,10:31:26,11:22:51,00:51:25,51.42
6133,123,01-07-2022,BT02,BT01,2,10:40:31,11:34:44,00:54:13,54.22
6134,1718,01-07-2022,BT01,BT02,1,10:40:35,11:33:43,00:53:08,53.13
6135,1409,01-07-2022,BT02,BT01,2,10:59:17,11:56:18,00:57:01,57.02
6136,262,01-07-2022,BT01,BT02,1,10:59:28,11:55:26,00:55:58,55.97
6137,1408,01-07-2022,BT01,BT02,1,11:10:42,12:07:38,00:56:56,56.93
6138,1358,01-07-2022,BT02,BT01,2,11:11:01,12:00:13,00:49:12,49.2
6139,274,01-07-2022,BT01,BT02,1,11:19:34,12:20:24,01:00:50,60.83
6140,1143,01-07-2022,BT02,BT01,2,11:20:19,12:18:28,00:58:09,58.15
6141,264,01-07-2022,BT01,BT02,1,11:41:10,12:32:18,00:51:08,51.13
6142,121,01-07-2022,BT02,BT01,2,12:00:13,12:52:18,00:52:05,52.08
6143,123,01-07-2022,BT01,BT02,1,12:01:15,13:08:23,01:07:08,67.13
6144,116,01-07-2022,BT02,BT01,2,12:10:55,13:06:18,00:55:23,55.38
6145,1719,01-07-2022,BT02,BT01,2,12:20:51,13:18:04,00:57:13,57.22
6146,1409,01-07-2022,BT01,BT02,1,12:20:54,13:16:16,00:55:22,55.37
6147,1358,01-07-2022,BT01,BT02,1,12:31:19,13:21:18,00:49:59,49.98
6148,1377,01-07-2022,BT02,BT01,2,12:40:21,13:44:48,01:04:27,64.45
6149,1143,01-07-2022,BT01,BT02,1,12:41:38,13:45:27,01:03:49,63.82
6150,294,01-07-2022,BT02,BT01,2,12:49:51,13:52:10,01:02:19,62.32
6151,1410,01-07-2022,BT02,BT01,2,13:20:27,14:14:16,00:53:49,53.82
6152,116,01-07-2022,BT01,BT02,1,13:31:21,14:31:37,01:00:16,60.27
6153,262,01-07-2022,BT02,BT01,2,13:40:20,14:37:30,00:57:10,57.17
6154,1719,01-07-2022,BT01,BT02,1,13:41:16,14:37:08,00:55:52,55.87
6155,1408,01-07-2022,BT02,BT01,2,13:50:11,14:45:30,00:55:19,55.32
6156,274,01-07-2022,BT02,BT01,2,14:00:06,14:50:06,00:50:00,50
6157,1377,01-07-2022,BT01,BT02,1,14:01:16,14:49:38,00:48:22,48.37
6158,294,01-07-2022,BT01,BT02,1,14:09:04,14:57:03,00:47:59,47.98
6159,264,01-07-2022,BT02,BT01,2,14:21:12,15:14:25,00:53:13,53.22
6160,1410,01-07-2022,BT01,BT02,1,14:41:17,15:35:58,00:54:41,54.68
6161,1409,01-07-2022,BT02,BT01,2,14:50:32,15:42:43,00:52:11,52.18
6162,1358,01-07-2022,BT02,BT01,2,15:00:32,15:53:42,00:53:10,53.17
6163,1143,01-07-2022,BT02,BT01,2,15:10:33,15:57:57,00:47:24,47.4
6164,1408,01-07-2022,BT01,BT02,1,15:11:19,16:05:58,00:54:39,54.65
6165,274,01-07-2022,BT01,BT02,1,15:18:35,16:08:31,00:49:56,49.93
6166,264,01-07-2022,BT01,BT02,1,15:41:54,16:32:29,00:50:35,50.58
6167,121,01-07-2022,BT02,BT01,2,15:49:10,16:42:01,00:52:51,52.85
6168,1719,01-07-2022,BT02,BT01,2,16:01:15,16:43:02,00:41:47,41.78
6169,1409,01-07-2022,BT01,BT02,1,16:11:24,17:03:27,00:52:03,52.05
6170,1358,01-07-2022,BT01,BT02,1,16:20:14,17:10:21,00:50:07,50.12
6171,1377,01-07-2022,BT02,BT01,2,16:20:15,17:16:42,00:56:27,56.45
6172,294,01-07-2022,BT02,BT01,2,16:30:01,17:22:07,00:52:06,52.1
6173,1143,01-07-2022,BT01,BT02,1,16:31:13,17:26:52,00:55:39,55.65
6174,123,01-07-2022,BT02,BT01,2,16:50:48,17:44:55,00:54:07,54.12
6175,116,01-07-2022,BT02,BT01,2,16:59:37,17:52:08,00:52:31,52.52
6176,121,01-07-2022,BT01,BT02,1,17:21:04,18:10:49,00:49:45,49.75
6177,1410,01-07-2022,BT02,BT01,2,17:21:14,18:16:55,00:55:41,55.68
6178,1719,01-07-2022,BT01,BT02,1,17:30:28,18:18:22,00:47:54,47.9
6179,262,01-07-2022,BT02,BT01,2,17:40:16,18:36:36,00:56:20,56.33
6180,1408,01-07-2022,BT02,BT01,2,17:49:53,18:50:17,01:00:24,60.4
6181,1377,01-07-2022,BT01,BT02,1,17:55:27,18:43:12,00:47:45,47.75
6182,294,01-07-2022,BT01,BT02,1,18:09:33,18:59:40,00:50:07,50.12
6183,123,01-07-2022,BT01,BT02,1,18:48:05,19:39:25,00:51:20,51.33
6184,116,01-07-2022,BT01,BT02,1,19:06:11,19:53:31,00:47:20,47.33
6185,1408,01-07-2022,BT01,BT02,1,19:54:01,20:39:03,00:45:02,45.03
6186,1408,01-08-2022,BT02,BT01,2,05:19:18,05:53:38,00:34:20,34.33
6187,505,01-08-2022,BT02,BT01,2,05:31:24,06:02:53,00:31:29,31.48
6188,274,01-08-2022,BT02,BT01,2,05:40:11,06:20:34,00:40:23,40.38
6189,123,01-08-2022,BT02,BT01,2,05:59:09,06:41:10,00:42:01,42.02
6190,117,01-08-2022,BT01,BT02,1,06:09:26,07:10:41,01:01:15,61.25
6191,128,01-08-2022,BT02,BT01,2,06:10:22,06:52:16,00:41:54,41.9
6192,1409,01-08-2022,BT02,BT01,2,06:22:20,07:09:24,00:47:04,47.07
6193,1358,01-08-2022,BT02,BT01,2,06:31:05,07:13:36,00:42:31,42.52
6194,1408,01-08-2022,BT01,BT02,1,06:31:52,07:25:48,00:53:56,53.93
6195,505,01-08-2022,BT01,BT02,1,06:40:58,07:25:25,00:44:27,44.45
6196,1718,01-08-2022,BT02,BT01,2,06:49:22,07:33:17,00:43:55,43.92
6197,274,01-08-2022,BT01,BT02,1,06:49:24,07:37:53,00:48:29,48.48
6198,123,01-08-2022,BT01,BT02,1,07:10:48,07:58:00,00:47:12,47.2
6199,128,01-08-2022,BT01,BT02,1,07:19:59,08:08:26,00:48:27,48.45
6200,1409,01-08-2022,BT01,BT02,1,07:30:57,08:21:51,00:50:54,50.9
6201,1358,01-08-2022,BT01,BT02,1,07:40:22,08:29:53,00:49:31,49.52
6202,121,01-08-2022,BT02,BT01,2,07:50:45,08:42:06,00:51:21,51.35
6203,279,01-08-2022,BT02,BT01,2,07:58:32,08:50:51,00:52:19,52.32
6204,1718,01-08-2022,BT01,BT02,1,07:59:15,08:56:04,00:56:49,56.82
6205,116,01-08-2022,BT02,BT01,2,08:10:39,08:59:51,00:49:12,49.2
6206,294,01-08-2022,BT02,BT01,2,08:29:49,09:23:38,00:53:49,53.82
6207,1143,01-08-2022,BT02,BT01,2,08:49:22,09:44:26,00:55:04,55.07
6208,117,01-08-2022,BT02,BT01,2,08:59:49,09:50:28,00:50:39,50.65
6209,121,01-08-2022,BT01,BT02,1,09:01:21,09:54:32,00:53:11,53.18
6210,279,01-08-2022,BT01,BT02,1,09:10:09,10:04:33,00:54:24,54.4
6211,1408,01-08-2022,BT02,BT01,2,09:20:43,10:14:09,00:53:26,53.43
6212,116,01-08-2022,BT01,BT02,1,09:21:21,10:15:49,00:54:28,54.47
6213,505,01-08-2022,BT02,BT01,2,09:29:47,10:18:45,00:48:58,48.97
6214,294,01-08-2022,BT01,BT02,1,09:41:09,10:38:25,00:57:16,57.27
6215,274,01-08-2022,BT02,BT01,2,09:41:13,10:34:25,00:53:12,53.2
6216,123,01-08-2022,BT02,BT01,2,09:58:58,10:54:36,00:55:38,55.63
6217,1143,01-08-2022,BT01,BT02,1,10:02:01,11:01:30,00:59:29,59.48
6218,128,01-08-2022,BT02,BT01,2,10:10:43,11:04:54,00:54:11,54.18
6219,117,01-08-2022,BT01,BT02,1,10:10:59,11:09:39,00:58:40,58.67
6220,1409,01-08-2022,BT02,BT01,2,10:20:42,11:18:32,00:57:50,57.83
6221,1358,01-08-2022,BT02,BT01,2,10:30:11,11:20:30,00:50:19,50.32
6222,1408,01-08-2022,BT01,BT02,1,10:30:58,11:24:43,00:53:45,53.75
6223,505,01-08-2022,BT01,BT02,1,10:41:58,11:36:08,00:54:10,54.17
6224,1718,01-08-2022,BT02,BT01,2,10:47:08,11:41:23,00:54:15,54.25
6225,274,01-08-2022,BT01,BT02,1,10:54:16,11:57:01,01:02:45,62.75
6226,123,01-08-2022,BT01,BT02,1,11:21:56,12:27:50,01:05:54,65.9
6227,121,01-08-2022,BT02,BT01,2,11:30:31,12:23:10,00:52:39,52.65
6228,128,01-08-2022,BT01,BT02,1,11:31:59,12:31:19,00:59:20,59.33
6229,279,01-08-2022,BT02,BT01,2,11:41:00,12:36:45,00:55:45,55.75
6230,1409,01-08-2022,BT01,BT02,1,11:41:31,12:38:00,00:56:29,56.48
6231,116,01-08-2022,BT02,BT01,2,11:50:36,12:48:06,00:57:30,57.5
6232,1358,01-08-2022,BT01,BT02,1,11:51:41,12:48:52,00:57:11,57.18
6233,294,01-08-2022,BT02,BT01,2,12:10:16,13:05:39,00:55:23,55.38
6234,1718,01-08-2022,BT01,BT02,1,12:10:28,13:06:30,00:56:02,56.03
6235,1143,01-08-2022,BT02,BT01,2,12:31:55,13:30:42,00:58:47,58.78
6236,117,01-08-2022,BT02,BT01,2,12:40:49,13:38:19,00:57:30,57.5
6237,121,01-08-2022,BT01,BT02,1,12:52:56,13:43:41,00:50:45,50.75
6238,1408,01-08-2022,BT02,BT01,2,13:00:26,13:54:03,00:53:37,53.62
6239,279,01-08-2022,BT01,BT02,1,13:03:57,13:51:53,00:47:56,47.93
6240,505,01-08-2022,BT02,BT01,2,13:10:43,14:00:37,00:49:54,49.9
6241,116,01-08-2022,BT01,BT02,1,13:13:36,14:10:22,00:56:46,56.77
6242,274,01-08-2022,BT02,BT01,2,13:20:07,14:16:57,00:56:50,56.83
6243,294,01-08-2022,BT01,BT02,1,13:29:48,14:19:42,00:49:54,49.9
6244,123,01-08-2022,BT02,BT01,2,13:41:09,14:33:26,00:52:17,52.28
6245,128,01-08-2022,BT02,BT01,2,13:50:57,14:44:52,00:53:55,53.92
6246,1143,01-08-2022,BT01,BT02,1,13:51:04,14:47:06,00:56:02,56.03
6247,1409,01-08-2022,BT02,BT01,2,14:00:52,14:55:34,00:54:42,54.7
6248,117,01-08-2022,BT01,BT02,1,14:01:40,14:54:30,00:52:50,52.83
6249,1358,01-08-2022,BT02,BT01,2,14:10:43,15:01:32,00:50:49,50.82
6250,1718,01-08-2022,BT02,BT01,2,14:30:22,15:24:15,00:53:53,53.88
6251,505,01-08-2022,BT01,BT02,1,14:30:41,15:15:55,00:45:14,45.23
6252,274,01-08-2022,BT01,BT02,1,14:39:34,15:38:37,00:59:03,59.05
6253,123,01-08-2022,BT01,BT02,1,15:01:21,15:55:01,00:53:40,53.67
6254,121,01-08-2022,BT02,BT01,2,15:10:26,16:03:21,00:52:55,52.92
6255,128,01-08-2022,BT01,BT02,1,15:11:45,16:02:40,00:50:55,50.92
6256,279,01-08-2022,BT02,BT01,2,15:20:50,16:13:52,00:53:02,53.03
6257,1409,01-08-2022,BT01,BT02,1,15:21:16,16:13:57,00:52:41,52.68
6258,116,01-08-2022,BT02,BT01,2,15:29:42,16:17:04,00:47:22,47.37
6259,1358,01-08-2022,BT01,BT02,1,15:30:38,16:20:14,00:49:36,49.6
6260,294,01-08-2022,BT02,BT01,2,15:40:17,16:33:53,00:53:36,53.6
6261,1718,01-08-2022,BT01,BT02,1,15:51:46,16:47:23,00:55:37,55.62
6262,1143,01-08-2022,BT02,BT01,2,15:58:04,16:50:56,00:52:52,52.87
6263,117,01-08-2022,BT02,BT01,2,16:21:11,17:14:13,00:53:02,53.03
6264,121,01-08-2022,BT01,BT02,1,16:31:30,17:25:24,00:53:54,53.9
6265,279,01-08-2022,BT01,BT02,1,16:40:36,17:34:53,00:54:17,54.28
6266,1408,01-08-2022,BT02,BT01,2,16:41:36,17:37:41,00:56:05,56.08
6267,116,01-08-2022,BT01,BT02,1,16:51:15,17:43:23,00:52:08,52.13
6268,505,01-08-2022,BT02,BT01,2,16:52:02,17:44:45,00:52:43,52.72
6269,294,01-08-2022,BT01,BT02,1,17:00:35,17:45:23,00:44:48,44.8
6270,274,01-08-2022,BT02,BT01,2,17:10:02,18:02:00,00:51:58,51.97
6271,1143,01-08-2022,BT01,BT02,1,17:20:33,18:10:29,00:49:56,49.93
6272,123,01-08-2022,BT02,BT01,2,17:31:03,18:22:49,00:51:46,51.77
6273,128,01-08-2022,BT02,BT01,2,17:40:39,18:32:32,00:51:53,51.88
6274,1408,01-08-2022,BT01,BT02,1,17:50:22,18:42:09,00:51:47,51.78
6275,1718,01-08-2022,BT02,BT01,2,18:00:16,18:54:58,00:54:42,54.7
6276,505,01-08-2022,BT01,BT02,1,18:01:23,18:48:52,00:47:29,47.48
6277,274,01-08-2022,BT01,BT02,1,18:37:47,19:28:47,00:51:00,51
6278,123,01-08-2022,BT01,BT02,1,19:21:02,20:08:41,00:47:39,47.65
6279,128,01-08-2022,BT01,BT02,1,19:54:56,20:38:35,00:43:39,43.65
6280,1718,01-08-2022,BT01,BT02,1,21:03:05,21:36:37,00:33:32,33.53
6281,505,01-09-2022,BT02,BT01,2,05:31:23,06:04:58,00:33:35,33.58
6282,274,01-09-2022,BT02,BT01,2,05:40:04,06:16:54,00:36:50,36.83
6283,1410,01-09-2022,BT01,BT02,1,06:11:30,06:58:03,00:46:33,46.55
6284,1358,01-09-2022,BT02,BT01,2,06:20:55,07:06:01,00:45:06,45.1
6285,117,01-09-2022,BT01,BT02,1,06:40:35,07:32:55,00:52:20,52.33
6286,505,01-09-2022,BT01,BT02,1,06:50:43,07:43:24,00:52:41,52.68
6287,274,01-09-2022,BT01,BT02,1,06:58:09,07:47:27,00:49:18,49.3
6288,279,01-09-2022,BT02,BT01,2,06:59:24,07:48:10,00:48:46,48.77
6289,116,01-09-2022,BT02,BT01,2,07:09:35,07:57:37,00:48:02,48.03
6290,1358,01-09-2022,BT01,BT02,1,07:19:58,08:04:10,00:44:12,44.2
6291,1377,01-09-2022,BT02,BT01,2,07:31:10,08:25:21,00:54:11,54.18
6292,121,01-09-2022,BT02,BT01,2,07:59:19,08:45:44,00:46:25,46.42
6293,264,01-09-2022,BT02,BT01,2,08:09:19,09:03:12,00:53:53,53.88
6294,279,01-09-2022,BT01,BT02,1,08:20:58,09:12:13,00:51:15,51.25
6295,116,01-09-2022,BT01,BT02,1,08:32:52,09:20:50,00:47:58,47.97
6296,123,01-09-2022,BT02,BT01,2,08:42:05,09:34:44,00:52:39,52.65
6297,1377,01-09-2022,BT01,BT02,1,08:50:13,09:45:03,00:54:50,54.83
6298,128,01-09-2022,BT02,BT01,2,08:50:55,09:37:52,00:46:57,46.95
6299,1143,01-09-2022,BT02,BT01,2,08:59:01,09:53:37,00:54:36,54.6
6300,1718,01-09-2022,BT02,BT01,2,09:10:42,09:59:27,00:48:45,48.75
6301,1410,01-09-2022,BT02,BT01,2,09:19:19,10:12:45,00:53:26,53.43
6302,121,01-09-2022,BT01,BT02,1,09:21:15,10:15:52,00:54:37,54.62
6303,264,01-09-2022,BT01,BT02,1,09:30:30,10:32:53,01:02:23,62.38
6304,117,01-09-2022,BT02,BT01,2,09:50:31,10:42:06,00:51:35,51.58
6305,123,01-09-2022,BT01,BT02,1,10:01:04,10:59:15,00:58:11,58.18
6306,505,01-09-2022,BT02,BT01,2,10:01:07,10:51:11,00:50:04,50.07
6307,274,01-09-2022,BT02,BT01,2,10:09:56,11:04:24,00:54:28,54.47
6308,128,01-09-2022,BT01,BT02,1,10:11:19,11:07:28,00:56:09,56.15
6309,1143,01-09-2022,BT01,BT02,1,10:21:50,11:18:21,00:56:31,56.52
6310,1358,01-09-2022,BT02,BT01,2,10:30:49,11:23:59,00:53:10,53.17
6311,1718,01-09-2022,BT01,BT02,1,10:31:09,11:25:00,00:53:51,53.85
6312,1410,01-09-2022,BT01,BT02,1,10:38:47,11:32:05,00:53:18,53.3
6313,279,01-09-2022,BT02,BT01,2,11:00:46,11:50:27,00:49:41,49.68
6314,117,01-09-2022,BT01,BT02,1,11:09:31,12:04:42,00:55:11,55.18
6315,116,01-09-2022,BT02,BT01,2,11:10:25,12:03:44,00:53:19,53.32
6316,505,01-09-2022,BT01,BT02,1,11:21:14,12:10:14,00:49:00,49
6317,274,01-09-2022,BT01,BT02,1,11:30:33,12:30:33,01:00:00,60
6318,1377,01-09-2022,BT02,BT01,2,11:30:46,12:24:33,00:53:47,53.78
6319,1358,01-09-2022,BT01,BT02,1,11:50:48,12:49:50,00:59:02,59.03
6320,121,01-09-2022,BT02,BT01,2,11:59:50,12:48:50,00:49:00,49
6321,279,01-09-2022,BT01,BT02,1,12:20:59,13:13:26,00:52:27,52.45
6322,123,01-09-2022,BT02,BT01,2,12:29:33,13:23:26,00:53:53,53.88
6323,116,01-09-2022,BT01,BT02,1,12:33:30,13:26:20,00:52:50,52.83
6324,128,01-09-2022,BT02,BT01,2,12:40:38,13:38:31,00:57:53,57.88
6325,1143,01-09-2022,BT02,BT01,2,12:51:02,13:45:35,00:54:33,54.55
6326,1377,01-09-2022,BT01,BT02,1,12:51:18,13:43:48,00:52:30,52.5
6327,1718,01-09-2022,BT02,BT01,2,13:00:28,13:48:45,00:48:17,48.28
6328,1410,01-09-2022,BT02,BT01,2,13:10:55,14:07:43,00:56:48,56.8
6329,121,01-09-2022,BT01,BT02,1,13:20:00,14:08:19,00:48:19,48.32
6330,117,01-09-2022,BT02,BT01,2,13:40:51,14:33:26,00:52:35,52.58
6331,505,01-09-2022,BT02,BT01,2,13:50:33,14:43:19,00:52:46,52.77
6332,123,01-09-2022,BT01,BT02,1,13:51:38,14:41:16,00:49:38,49.63
6333,274,01-09-2022,BT02,BT01,2,14:00:18,14:50:47,00:50:29,50.48
6334,128,01-09-2022,BT01,BT02,1,14:01:28,14:47:05,00:45:37,45.62
6335,1143,01-09-2022,BT01,BT02,1,14:11:05,15:04:16,00:53:11,53.18
6336,1358,01-09-2022,BT02,BT01,2,14:20:56,15:13:12,00:52:16,52.27
6337,1718,01-09-2022,BT01,BT02,1,14:21:21,15:17:09,00:55:48,55.8
6338,1410,01-09-2022,BT01,BT02,1,14:32:09,15:23:12,00:51:03,51.05
6339,279,01-09-2022,BT02,BT01,2,14:51:10,15:45:02,00:53:52,53.87
6340,117,01-09-2022,BT01,BT02,1,15:00:49,15:49:49,00:49:00,49
6341,116,01-09-2022,BT02,BT01,2,15:01:20,15:51:51,00:50:31,50.52
6342,505,01-09-2022,BT01,BT02,1,15:11:33,15:51:19,00:39:46,39.77
6343,1377,01-09-2022,BT02,BT01,2,15:20:34,16:08:56,00:48:22,48.37
6344,274,01-09-2022,BT01,BT02,1,15:20:57,16:18:33,00:57:36,57.6
6345,1358,01-09-2022,BT01,BT02,1,15:40:36,16:28:37,00:48:01,48.02
6346,121,01-09-2022,BT02,BT01,2,15:51:03,16:51:50,01:00:47,60.78
6347,279,01-09-2022,BT01,BT02,1,16:11:03,17:04:43,00:53:40,53.67
6348,116,01-09-2022,BT01,BT02,1,16:20:52,17:09:14,00:48:22,48.37
6349,123,01-09-2022,BT02,BT01,2,16:21:24,17:19:22,00:57:58,57.97
6350,128,01-09-2022,BT02,BT01,2,16:30:34,17:23:40,00:53:06,53.1
6351,1143,01-09-2022,BT02,BT01,2,16:40:39,17:35:54,00:55:15,55.25
6352,1377,01-09-2022,BT01,BT02,1,16:40:52,17:30:00,00:49:08,49.13
6353,1718,01-09-2022,BT02,BT01,2,16:49:52,17:44:55,00:55:03,55.05
6354,1410,01-09-2022,BT02,BT01,2,17:00:42,17:52:37,00:51:55,51.92
6355,121,01-09-2022,BT01,BT02,1,17:14:26,17:58:10,00:43:44,43.73
6356,117,01-09-2022,BT02,BT01,2,17:31:39,18:28:16,00:56:37,56.62
6357,123,01-09-2022,BT01,BT02,1,17:41:37,18:30:31,00:48:54,48.9
6358,128,01-09-2022,BT01,BT02,1,17:51:51,18:35:33,00:43:42,43.7
6359,1143,01-09-2022,BT01,BT02,1,18:00:56,18:44:35,00:43:39,43.65
6360,1718,01-09-2022,BT01,BT02,1,18:27:58,19:14:06,00:46:08,46.13
6361,1410,01-09-2022,BT01,BT02,1,18:49:31,19:29:44,00:40:13,40.22
6362,505,01-10-2022,BT02,BT01,2,05:30:24,06:03:58,00:33:34,33.57
6363,274,01-10-2022,BT02,BT01,2,05:40:34,06:22:23,00:41:49,41.82
6364,128,01-10-2022,BT02,BT01,2,05:50:00,06:41:19,00:51:19,51.32
6365,1409,01-10-2022,BT02,BT01,2,06:09:11,07:23:42,01:14:31,74.52
6366,1410,01-10-2022,BT01,BT02,1,06:10:57,07:09:23,00:58:26,58.43
6367,117,01-10-2022,BT01,BT02,1,06:39:44,07:45:31,01:05:47,65.78
6368,505,01-10-2022,BT01,BT02,1,06:48:21,07:58:27,01:10:06,70.1
6369,274,01-10-2022,BT01,BT02,1,06:59:34,08:16:04,01:16:30,76.5
6370,123,01-10-2022,BT02,BT01,2,07:05:28,08:17:31,01:12:03,72.05
6371,1719,01-10-2022,BT02,BT01,2,07:09:45,08:19:34,01:09:49,69.82
6372,128,01-10-2022,BT01,BT02,1,07:11:36,08:24:48,01:13:12,73.2
6373,1409,01-10-2022,BT01,BT02,1,07:28:50,08:45:11,01:16:21,76.35
6374,1377,01-10-2022,BT02,BT01,2,07:40:02,08:48:56,01:08:54,68.9
6375,294,01-10-2022,BT02,BT01,2,07:49:30,08:54:08,01:04:38,64.63
6376,250,01-10-2022,BT02,BT01,2,08:11:29,09:06:07,00:54:38,54.63
6377,264,01-10-2022,BT02,BT01,2,08:20:36,09:15:32,00:54:56,54.93
6378,279,01-10-2022,BT02,BT01,2,08:39:40,09:34:20,00:54:40,54.67
6379,123,01-10-2022,BT01,BT02,1,08:49:39,09:40:50,00:51:11,51.18
6380,1410,01-10-2022,BT02,BT01,2,08:50:29,09:42:56,00:52:27,52.45
6381,1719,01-10-2022,BT01,BT02,1,09:00:53,09:47:51,00:46:58,46.97
6382,117,01-10-2022,BT02,BT01,2,09:20:00,10:12:15,00:52:15,52.25
6383,1377,01-10-2022,BT01,BT02,1,09:20:58,10:14:53,00:53:55,53.92
6384,294,01-10-2022,BT01,BT02,1,09:30:05,10:23:16,00:53:11,53.18
6385,1408,01-10-2022,BT02,BT01,2,09:30:54,10:25:05,00:54:11,54.18
6386,505,01-10-2022,BT02,BT01,2,09:40:36,10:36:35,00:55:59,55.98
6387,274,01-10-2022,BT02,BT01,2,09:50:13,10:48:24,00:58:11,58.18
6388,250,01-10-2022,BT01,BT02,1,09:51:08,10:45:58,00:54:50,54.83
6389,264,01-10-2022,BT01,BT02,1,10:01:34,10:56:59,00:55:25,55.42
6390,128,01-10-2022,BT02,BT01,2,10:01:36,10:52:18,00:50:42,50.7
6391,279,01-10-2022,BT01,BT02,1,10:19:54,11:13:16,00:53:22,53.37
6392,1143,01-10-2022,BT02,BT01,2,10:20:29,11:19:47,00:59:18,59.3
6393,1410,01-10-2022,BT01,BT02,1,10:31:00,11:25:41,00:54:41,54.68
6394,123,01-10-2022,BT02,BT01,2,11:10:52,12:04:02,00:53:10,53.17
6395,1408,01-10-2022,BT01,BT02,1,11:12:14,12:07:35,00:55:21,55.35
6396,1719,01-10-2022,BT02,BT01,2,11:21:18,12:18:52,00:57:34,57.57
6397,505,01-10-2022,BT01,BT02,1,11:21:20,12:08:24,00:47:04,47.07
6398,274,01-10-2022,BT01,BT02,1,11:30:04,12:31:12,01:01:08,61.13
6399,1377,01-10-2022,BT02,BT01,2,11:41:20,12:36:42,00:55:22,55.37
6400,128,01-10-2022,BT01,BT02,1,11:41:40,12:37:54,00:56:14,56.23
6401,294,01-10-2022,BT02,BT01,2,11:50:37,12:47:37,00:57:00,57
6402,1143,01-10-2022,BT01,BT02,1,12:01:06,13:00:41,00:59:35,59.58
6403,250,01-10-2022,BT02,BT01,2,12:10:42,13:07:58,00:57:16,57.27
6404,264,01-10-2022,BT02,BT01,2,12:20:25,13:20:25,01:00:00,60
6405,279,01-10-2022,BT02,BT01,2,12:40:47,13:45:13,01:04:26,64.43
6406,1410,01-10-2022,BT02,BT01,2,12:50:37,13:59:02,01:08:25,68.42
6407,123,01-10-2022,BT01,BT02,1,12:51:23,13:58:31,01:07:08,67.13
6408,1719,01-10-2022,BT01,BT02,1,13:01:57,13:58:12,00:56:15,56.25
6409,1377,01-10-2022,BT01,BT02,1,13:21:34,14:24:11,01:02:37,62.62
6410,505,01-10-2022,BT02,BT01,2,13:40:52,14:57:47,01:16:55,76.92
6411,274,01-10-2022,BT02,BT01,2,13:50:17,15:01:44,01:11:27,71.45
6412,128,01-10-2022,BT02,BT01,2,13:59:04,15:03:34,01:04:30,64.5
6413,264,01-10-2022,BT01,BT02,1,14:02:50,15:12:17,01:09:27,69.45
6414,279,01-10-2022,BT01,BT02,1,14:19:34,15:28:46,01:09:12,69.2
6415,1410,01-10-2022,BT01,BT02,1,14:31:36,15:36:15,01:04:39,64.65
6416,123,01-10-2022,BT02,BT01,2,15:00:35,15:51:47,00:51:12,51.2
6417,117,01-10-2022,BT01,BT02,1,15:02:10,15:56:24,00:54:14,54.23
6418,1719,01-10-2022,BT02,BT01,2,15:11:29,16:01:00,00:49:31,49.52
6419,1408,01-10-2022,BT01,BT02,1,15:11:35,16:04:32,00:52:57,52.95
6420,505,01-10-2022,BT01,BT02,1,15:20:58,16:11:58,00:51:00,51
6421,1377,01-10-2022,BT02,BT01,2,15:29:44,16:27:49,00:58:05,58.08
6422,274,01-10-2022,BT01,BT02,1,15:30:55,16:24:24,00:53:29,53.48
6423,294,01-10-2022,BT02,BT01,2,15:40:19,16:34:06,00:53:47,53.78
6424,128,01-10-2022,BT01,BT02,1,15:41:51,16:33:40,00:51:49,51.82
6425,250,01-10-2022,BT02,BT01,2,16:00:55,16:47:28,00:46:33,46.55
6426,264,01-10-2022,BT02,BT01,2,16:10:39,16:59:11,00:48:32,48.53
6427,279,01-10-2022,BT02,BT01,2,16:30:04,17:20:37,00:50:33,50.55
6428,1143,01-10-2022,BT02,BT01,2,16:40:14,17:30:17,00:50:03,50.05
6429,123,01-10-2022,BT01,BT02,1,16:42:00,17:41:15,00:59:15,59.25
6430,1719,01-10-2022,BT01,BT02,1,16:50:26,17:41:38,00:51:12,51.2
6431,1410,01-10-2022,BT02,BT01,2,16:50:51,17:44:33,00:53:42,53.7
6432,1377,01-10-2022,BT01,BT02,1,17:12:10,18:05:03,00:52:53,52.88
6433,294,01-10-2022,BT01,BT02,1,17:20:48,18:13:47,00:52:59,52.98
6434,117,01-10-2022,BT02,BT01,2,17:21:09,18:14:57,00:53:48,53.8
6435,1408,01-10-2022,BT02,BT01,2,17:30:53,18:18:44,00:47:51,47.85
6436,505,01-10-2022,BT02,BT01,2,17:40:55,18:32:50,00:51:55,51.92
6437,250,01-10-2022,BT01,BT02,1,17:41:29,18:29:59,00:48:30,48.5
6438,264,01-10-2022,BT01,BT02,1,17:51:24,18:40:30,00:49:06,49.1
6439,274,01-10-2022,BT02,BT01,2,17:54:06,18:45:49,00:51:43,51.72
6440,279,01-10-2022,BT01,BT02,1,18:09:23,18:54:01,00:44:38,44.63
6441,1143,01-10-2022,BT01,BT02,1,18:22:17,19:09:07,00:46:50,46.83
6442,1410,01-10-2022,BT01,BT02,1,18:31:01,19:13:31,00:42:30,42.5
6443,1408,01-10-2022,BT01,BT02,1,19:15:08,19:59:52,00:44:44,44.73
6444,505,01-10-2022,BT01,BT02,1,19:34:15,20:12:56,00:38:41,38.68
6445,274,01-10-2022,BT01,BT02,1,20:18:12,20:58:23,00:40:11,40.18
6446,1408,01-11-2022,BT02,BT01,2,05:10:33,05:53:16,00:42:43,42.72
6447,505,01-11-2022,BT02,BT01,2,05:26:45,06:03:50,00:37:05,37.08
6448,264,01-11-2022,BT02,BT01,2,05:40:38,06:22:55,00:42:17,42.28
6449,1358,01-11-2022,BT02,BT01,2,06:10:31,07:19:49,01:09:18,69.3
6450,262,01-11-2022,BT01,BT02,1,06:10:59,07:12:05,01:01:06,61.1
6451,1408,01-11-2022,BT01,BT02,1,06:20:35,07:21:12,01:00:37,60.62
6452,117,01-11-2022,BT01,BT02,1,06:40:20,07:50:04,01:09:44,69.73
6453,264,01-11-2022,BT01,BT02,1,07:00:40,08:18:04,01:17:24,77.4
6454,121,01-11-2022,BT02,BT01,2,07:10:38,08:10:48,01:00:10,60.17
6455,1358,01-11-2022,BT01,BT02,1,07:24:19,08:26:24,01:02:05,62.08
6456,116,01-11-2022,BT02,BT01,2,07:28:59,08:18:59,00:50:00,50
6457,1719,01-11-2022,BT02,BT01,2,07:41:10,08:36:35,00:55:25,55.42
6458,1718,01-11-2022,BT01,BT02,1,07:54:56,08:46:26,00:51:30,51.5
6459,1377,01-11-2022,BT02,BT01,2,08:00:43,08:50:49,00:50:06,50.1
6460,294,01-11-2022,BT02,BT01,2,08:09:15,08:56:01,00:46:46,46.77
6461,250,01-11-2022,BT02,BT01,2,08:20:36,09:09:06,00:48:30,48.5
6462,128,01-11-2022,BT02,BT01,2,08:50:38,09:42:09,00:51:31,51.52
6463,121,01-11-2022,BT01,BT02,1,08:50:48,09:35:08,00:44:20,44.33
6464,262,01-11-2022,BT02,BT01,2,09:00:49,09:52:31,00:51:42,51.7
6465,116,01-11-2022,BT01,BT02,1,09:00:57,09:56:41,00:55:44,55.73
6466,1408,01-11-2022,BT02,BT01,2,09:11:16,10:06:10,00:54:54,54.9
6467,1719,01-11-2022,BT01,BT02,1,09:11:34,10:01:02,00:49:28,49.47
6468,117,01-11-2022,BT02,BT01,2,09:29:59,10:22:20,00:52:21,52.35
6469,1377,01-11-2022,BT01,BT02,1,09:30:58,10:16:33,00:45:35,45.58
6470,505,01-11-2022,BT02,BT01,2,09:41:23,10:27:51,00:46:28,46.47
6471,294,01-11-2022,BT01,BT02,1,09:41:30,10:36:38,00:55:08,55.13
6472,264,01-11-2022,BT02,BT01,2,09:50:58,10:43:24,00:52:26,52.43
6473,250,01-11-2022,BT01,BT02,1,09:51:10,10:45:28,00:54:18,54.3
6474,1358,01-11-2022,BT02,BT01,2,10:09:39,11:00:53,00:51:14,51.23
6475,128,01-11-2022,BT01,BT02,1,10:21:05,11:09:15,00:48:10,48.17
6476,1718,01-11-2022,BT02,BT01,2,10:21:44,11:16:50,00:55:06,55.1
6477,262,01-11-2022,BT01,BT02,1,10:30:25,11:27:45,00:57:20,57.33
6478,1408,01-11-2022,BT01,BT02,1,10:40:58,11:36:28,00:55:30,55.5
6479,121,01-11-2022,BT02,BT01,2,10:59:51,11:49:24,00:49:33,49.55
6480,117,01-11-2022,BT01,BT02,1,11:01:02,11:56:11,00:55:09,55.15
6481,116,01-11-2022,BT02,BT01,2,11:10:41,11:59:06,00:48:25,48.42
6482,505,01-11-2022,BT01,BT02,1,11:11:31,12:02:14,00:50:43,50.72
6483,264,01-11-2022,BT01,BT02,1,11:21:05,12:21:18,01:00:13,60.22
6484,1719,01-11-2022,BT02,BT01,2,11:21:06,12:14:59,00:53:53,53.88
6485,1358,01-11-2022,BT01,BT02,1,11:40:54,12:31:37,00:50:43,50.72
6486,1377,01-11-2022,BT02,BT01,2,11:41:15,12:37:12,00:55:57,55.95
6487,1718,01-11-2022,BT01,BT02,1,11:51:19,12:48:05,00:56:46,56.77
6488,294,01-11-2022,BT02,BT01,2,11:51:35,12:48:55,00:57:20,57.33
6489,250,01-11-2022,BT02,BT01,2,12:00:37,12:51:12,00:50:35,50.58
6490,128,01-11-2022,BT02,BT01,2,12:21:17,13:16:16,00:54:59,54.98
6491,121,01-11-2022,BT01,BT02,1,12:31:18,13:32:00,01:00:42,60.7
6492,262,01-11-2022,BT02,BT01,2,12:31:36,13:29:54,00:58:18,58.3
6493,1408,01-11-2022,BT02,BT01,2,12:40:27,13:45:00,01:04:33,64.55
6494,116,01-11-2022,BT01,BT02,1,12:41:43,13:43:13,01:01:30,61.5
6495,1719,01-11-2022,BT01,BT02,1,12:51:25,13:53:43,01:02:18,62.3
6496,117,01-11-2022,BT02,BT01,2,13:01:14,14:04:54,01:03:40,63.67
6497,505,01-11-2022,BT02,BT01,2,13:10:34,14:14:53,01:04:19,64.32
6498,1377,01-11-2022,BT01,BT02,1,13:11:18,14:15:24,01:04:06,64.1
6499,294,01-11-2022,BT01,BT02,1,13:20:24,14:29:43,01:09:19,69.32
6500,1358,01-11-2022,BT02,BT01,2,13:29:36,14:40:03,01:10:27,70.45
6501,250,01-11-2022,BT01,BT02,1,13:32:14,14:44:02,01:11:48,71.8
6502,1409,01-11-2022,BT02,BT01,2,13:40:59,14:47:14,01:06:15,66.25
6503,1718,01-11-2022,BT02,BT01,2,13:50:19,14:53:01,01:02:42,62.7
6504,128,01-11-2022,BT01,BT02,1,13:50:37,14:58:07,01:07:30,67.5
6505,262,01-11-2022,BT01,BT02,1,14:01:15,15:04:44,01:03:29,63.48
6506,1408,01-11-2022,BT01,BT02,1,14:11:40,15:17:49,01:06:09,66.15
6507,116,01-11-2022,BT02,BT01,2,14:30:42,15:17:10,00:46:28,46.47
6508,1719,01-11-2022,BT02,BT01,2,14:41:19,15:34:19,00:53:00,53
6509,505,01-11-2022,BT01,BT02,1,14:46:06,15:36:43,00:50:37,50.62
6510,1377,01-11-2022,BT02,BT01,2,15:00:30,15:47:52,00:47:22,47.37
6511,294,01-11-2022,BT02,BT01,2,15:10:37,15:59:24,00:48:47,48.78
6512,1409,01-11-2022,BT01,BT02,1,15:11:17,16:06:47,00:55:30,55.5
6513,1718,01-11-2022,BT01,BT02,1,15:20:09,16:16:16,00:56:07,56.12
6514,128,01-11-2022,BT02,BT01,2,15:41:03,16:32:26,00:51:23,51.38
6515,121,01-11-2022,BT02,BT01,2,15:49:50,16:42:20,00:52:30,52.5
6516,262,01-11-2022,BT02,BT01,2,15:59:18,16:45:05,00:45:47,45.78
6517,116,01-11-2022,BT01,BT02,1,16:01:32,16:56:07,00:54:35,54.58
6518,1408,01-11-2022,BT02,BT01,2,16:10:40,17:00:39,00:49:59,49.98
6519,1719,01-11-2022,BT01,BT02,1,16:11:01,17:03:18,00:52:17,52.28
6520,1377,01-11-2022,BT01,BT02,1,16:31:52,17:26:59,00:55:07,55.12
6521,505,01-11-2022,BT02,BT01,2,16:40:29,17:34:05,00:53:36,53.6
6522,294,01-11-2022,BT01,BT02,1,16:41:16,17:34:35,00:53:19,53.32
6523,264,01-11-2022,BT02,BT01,2,16:51:20,17:45:10,00:53:50,53.83
6524,128,01-11-2022,BT01,BT02,1,16:59:41,17:50:17,00:50:36,50.6
6525,121,01-11-2022,BT01,BT02,1,17:10:37,18:03:37,00:53:00,53
6526,1358,01-11-2022,BT02,BT01,2,17:11:02,18:01:43,00:50:41,50.68
6527,1718,01-11-2022,BT02,BT01,2,17:20:41,18:19:16,00:58:35,58.58
6528,262,01-11-2022,BT01,BT02,1,17:21:04,18:16:46,00:55:42,55.7
6529,1408,01-11-2022,BT01,BT02,1,17:30:06,18:19:37,00:49:31,49.52
6530,250,01-11-2022,BT02,BT01,2,17:45:57,18:39:53,00:53:56,53.93
6531,505,01-11-2022,BT01,BT02,1,17:49:55,18:38:13,00:48:18,48.3
6532,264,01-11-2022,BT01,BT02,1,18:03:40,18:51:58,00:48:18,48.3
6533,1377,01-11-2022,BT02,BT01,2,18:10:53,19:04:39,00:53:46,53.77
6534,1358,01-11-2022,BT01,BT02,1,18:27:03,19:10:24,00:43:21,43.35
6535,1718,01-11-2022,BT01,BT02,1,18:55:05,19:41:49,00:46:44,46.73
6536,250,01-11-2022,BT01,BT02,1,19:29:27,20:07:04,00:37:37,37.62
6537,1377,01-11-2022,BT01,BT02,1,20:03:16,20:37:35,00:34:19,34.32
6538,1408,01-12-2022,BT02,BT01,2,05:14:15,05:50:21,00:36:06,36.1
6539,274,01-12-2022,BT02,BT01,2,05:25:40,06:06:46,00:41:06,41.1
6540,1409,01-12-2022,BT02,BT01,2,05:50:19,06:52:20,01:02:01,62.02
6541,1358,01-12-2022,BT02,BT01,2,06:00:40,07:17:06,01:16:26,76.43
6542,1408,01-12-2022,BT01,BT02,1,06:21:03,07:24:10,01:03:07,63.12
6543,121,01-12-2022,BT02,BT01,2,07:00:04,08:04:22,01:04:18,64.3
6544,279,01-12-2022,BT02,BT01,2,07:14:44,08:10:11,00:55:27,55.45
6545,1358,01-12-2022,BT01,BT02,1,07:23:14,08:26:06,01:02:52,62.87
6546,116,01-12-2022,BT02,BT01,2,07:26:24,08:26:55,01:00:31,60.52
6547,1719,01-12-2022,BT02,BT01,2,07:40:42,08:35:18,00:54:36,54.6
6548,1143,01-12-2022,BT01,BT02,1,07:52:18,08:50:11,00:57:53,57.88
6549,1377,01-12-2022,BT02,BT01,2,08:00:01,08:52:37,00:52:36,52.6
6550,1718,01-12-2022,BT01,BT02,1,08:01:46,08:58:15,00:56:29,56.48
6551,294,01-12-2022,BT02,BT01,2,08:10:54,09:01:41,00:50:47,50.78
6552,264,01-12-2022,BT02,BT01,2,08:29:23,09:21:31,00:52:08,52.13
6553,121,01-12-2022,BT01,BT02,1,08:40:15,09:27:28,00:47:13,47.22
6554,279,01-12-2022,BT01,BT02,1,08:49:33,09:37:44,00:48:11,48.18
6555,123,01-12-2022,BT02,BT01,2,08:51:14,09:43:12,00:51:58,51.97
6556,116,01-12-2022,BT01,BT02,1,08:59:38,09:51:41,00:52:03,52.05
6557,1719,01-12-2022,BT01,BT02,1,09:11:38,10:01:54,00:50:16,50.27
6558,1408,01-12-2022,BT02,BT01,2,09:20:17,10:16:13,00:55:56,55.93
6559,1377,01-12-2022,BT01,BT02,1,09:31:22,10:24:40,00:53:18,53.3
6560,294,01-12-2022,BT01,BT02,1,09:40:30,10:36:31,00:56:01,56.02
6561,1409,01-12-2022,BT02,BT01,2,09:50:19,10:41:05,00:50:46,50.77
6562,1358,01-12-2022,BT02,BT01,2,09:59:26,10:49:25,00:49:59,49.98
6563,264,01-12-2022,BT01,BT02,1,10:01:03,10:54:34,00:53:31,53.52
6564,1143,01-12-2022,BT02,BT01,2,10:20:52,11:20:23,00:59:31,59.52
6565,123,01-12-2022,BT01,BT02,1,10:21:10,11:24:07,01:02:57,62.95
6566,1718,01-12-2022,BT02,BT01,2,10:31:11,11:27:58,00:56:47,56.78
6567,1408,01-12-2022,BT01,BT02,1,10:50:14,11:43:16,00:53:02,53.03
6568,121,01-12-2022,BT02,BT01,2,10:58:38,11:48:29,00:49:51,49.85
6569,279,01-12-2022,BT02,BT01,2,11:11:07,12:06:48,00:55:41,55.68
6570,116,01-12-2022,BT02,BT01,2,11:21:21,12:11:19,00:49:58,49.97
6571,1409,01-12-2022,BT01,BT02,1,11:21:22,12:20:06,00:58:44,58.73
6572,1719,01-12-2022,BT02,BT01,2,11:29:42,12:22:49,00:53:07,53.12
6573,1358,01-12-2022,BT01,BT02,1,11:31:00,12:31:04,01:00:04,60.07
6574,1143,01-12-2022,BT01,BT02,1,11:51:06,12:49:58,00:58:52,58.87
6575,1377,01-12-2022,BT02,BT01,2,11:59:58,12:48:08,00:48:10,48.17
6576,1718,01-12-2022,BT01,BT02,1,12:01:00,13:00:55,00:59:55,59.92
6577,264,01-12-2022,BT02,BT01,2,12:30:00,13:29:49,00:59:49,59.82
6578,121,01-12-2022,BT01,BT02,1,12:31:23,13:28:29,00:57:06,57.1
6579,279,01-12-2022,BT01,BT02,1,12:41:14,13:48:04,01:06:50,66.83
6580,116,01-12-2022,BT01,BT02,1,12:51:11,13:55:42,01:04:31,64.52
6581,1719,01-12-2022,BT01,BT02,1,12:59:43,14:02:27,01:02:44,62.73
6582,1408,01-12-2022,BT02,BT01,2,13:20:45,14:37:11,01:16:26,76.43
6583,1377,01-12-2022,BT01,BT02,1,13:30:46,14:40:40,01:09:54,69.9
6584,1409,01-12-2022,BT02,BT01,2,13:50:27,14:51:40,01:01:13,61.22
6585,1358,01-12-2022,BT02,BT01,2,14:00:46,14:55:45,00:54:59,54.98
6586,264,01-12-2022,BT01,BT02,1,14:00:59,15:04:59,01:04:00,64
6587,1143,01-12-2022,BT02,BT01,2,14:21:22,15:14:57,00:53:35,53.58
6588,1718,01-12-2022,BT02,BT01,2,14:30:41,15:23:55,00:53:14,53.23
6589,1408,01-12-2022,BT01,BT02,1,14:51:01,15:42:23,00:51:22,51.37
6590,279,01-12-2022,BT02,BT01,2,15:00:41,15:52:27,00:51:46,51.77
6591,116,01-12-2022,BT02,BT01,2,15:10:33,15:48:55,00:38:22,38.37
6592,1719,01-12-2022,BT02,BT01,2,15:21:02,16:12:40,00:51:38,51.63
6593,1409,01-12-2022,BT01,BT02,1,15:21:34,16:11:50,00:50:16,50.27
6594,1358,01-12-2022,BT01,BT02,1,15:30:16,16:15:04,00:44:48,44.8
6595,1377,01-12-2022,BT02,BT01,2,15:50:28,16:40:54,00:50:26,50.43
6596,1143,01-12-2022,BT01,BT02,1,15:51:11,16:48:23,00:57:12,57.2
6597,1718,01-12-2022,BT01,BT02,1,16:01:16,16:56:22,00:55:06,55.1
6598,264,01-12-2022,BT02,BT01,2,16:20:03,17:07:55,00:47:52,47.87
6599,123,01-12-2022,BT02,BT01,2,16:39:36,17:31:48,00:52:12,52.2
6600,116,01-12-2022,BT01,BT02,1,16:42:58,17:33:29,00:50:31,50.52
6601,279,01-12-2022,BT01,BT02,1,16:50:04,17:40:19,00:50:15,50.25
6602,1719,01-12-2022,BT01,BT02,1,17:00:32,17:52:11,00:51:39,51.65
6603,121,01-12-2022,BT02,BT01,2,17:00:58,17:58:17,00:57:19,57.32
6604,1408,01-12-2022,BT02,BT01,2,17:20:23,18:20:42,01:00:19,60.32
6605,1377,01-12-2022,BT01,BT02,1,17:29:22,18:21:29,00:52:07,52.12
6606,1409,01-12-2022,BT02,BT01,2,17:45:35,18:43:04,00:57:29,57.48
6607,264,01-12-2022,BT01,BT02,1,18:01:47,18:48:46,00:46:59,46.98
6608,123,01-12-2022,BT01,BT02,1,18:32:16,19:18:35,00:46:19,46.32
6609,121,01-12-2022,BT01,BT02,1,19:08:48,19:50:40,00:41:52,41.87
6610,1408,01-12-2022,BT01,BT02,1,19:42:27,20:22:12,00:39:45,39.75
6611,1409,01-12-2022,BT01,BT02,1,20:50:18,21:27:24,00:37:06,37.1
6612,123,1/13/2022,BT02,BT01,2,05:12:45,05:49:24,00:36:39,36.65
6613,1408,1/13/2022,BT02,BT01,2,05:16:51,05:55:49,00:38:58,38.97
6614,505,1/13/2022,BT02,BT01,2,05:31:02,06:03:27,00:32:25,32.42
6615,274,1/13/2022,BT02,BT01,2,05:40:07,06:18:40,00:38:33,38.55
6616,1358,1/13/2022,BT02,BT01,2,05:50:58,06:35:49,00:44:51,44.85
6617,1408,1/13/2022,BT01,BT02,1,06:10:02,07:03:01,00:52:59,52.98
6618,1718,1/13/2022,BT02,BT01,2,06:10:10,07:14:24,01:04:14,64.23
6619,262,1/13/2022,BT01,BT02,1,06:30:50,07:32:24,01:01:34,61.57
6620,121,1/13/2022,BT02,BT01,2,06:49:24,07:41:16,00:51:52,51.87
6621,123,1/13/2022,BT01,BT02,1,06:51:10,08:01:55,01:10:45,70.75
6622,279,1/13/2022,BT02,BT01,2,06:58:30,07:46:03,00:47:33,47.55
6623,505,1/13/2022,BT01,BT02,1,07:00:53,08:02:33,01:01:40,61.67
6624,274,1/13/2022,BT01,BT02,1,07:09:44,08:13:05,01:03:21,63.35
6625,116,1/13/2022,BT02,BT01,2,07:10:44,07:53:09,00:42:25,42.42
6626,1358,1/13/2022,BT01,BT02,1,07:22:54,08:19:04,00:56:10,56.17
6627,1718,1/13/2022,BT01,BT02,1,07:38:08,08:28:28,00:50:20,50.33
6628,250,1/13/2022,BT02,BT01,2,08:01:01,08:47:29,00:46:28,46.47
6629,121,1/13/2022,BT01,BT02,1,08:21:01,09:11:06,00:50:05,50.08
6630,128,1/13/2022,BT02,BT01,2,08:30:11,09:21:57,00:51:46,51.77
6631,279,1/13/2022,BT01,BT02,1,08:30:40,09:17:31,00:46:51,46.85
6632,1409,1/13/2022,BT02,BT01,2,08:40:14,09:35:39,00:55:25,55.42
6633,116,1/13/2022,BT01,BT02,1,08:41:23,09:35:58,00:54:35,54.58
6634,1408,1/13/2022,BT02,BT01,2,08:50:53,09:40:52,00:49:59,49.98
6635,262,1/13/2022,BT02,BT01,2,09:09:15,09:59:20,00:50:05,50.08
6636,250,1/13/2022,BT01,BT02,1,09:21:40,10:14:56,00:53:16,53.27
6637,123,1/13/2022,BT02,BT01,2,09:28:30,10:24:38,00:56:08,56.13
6638,505,1/13/2022,BT02,BT01,2,09:40:42,10:32:50,00:52:08,52.13
6639,274,1/13/2022,BT02,BT01,2,09:50:06,10:42:12,00:52:06,52.1
6640,128,1/13/2022,BT01,BT02,1,09:51:18,10:48:55,00:57:37,57.62
6641,1358,1/13/2022,BT02,BT01,2,10:00:04,10:44:41,00:44:37,44.62
6642,1409,1/13/2022,BT01,BT02,1,10:01:36,10:55:32,00:53:56,53.93
6643,1718,1/13/2022,BT02,BT01,2,10:10:17,11:16:36,01:06:19,66.32
6644,1408,1/13/2022,BT01,BT02,1,10:11:07,11:04:29,00:53:22,53.37
6645,117,1/13/2022,BT01,BT02,1,10:19:47,11:23:57,01:04:10,64.17
6646,262,1/13/2022,BT01,BT02,1,10:31:09,11:33:08,01:01:59,61.98
6647,121,1/13/2022,BT02,BT01,2,10:50:32,11:45:01,00:54:29,54.48
6648,123,1/13/2022,BT01,BT02,1,10:51:40,11:53:43,01:02:03,62.05
6649,279,1/13/2022,BT02,BT01,2,11:00:04,11:51:50,00:51:46,51.77
6650,505,1/13/2022,BT01,BT02,1,11:01:22,12:01:19,00:59:57,59.95
6651,274,1/13/2022,BT01,BT02,1,11:10:15,12:06:59,00:56:44,56.73
6652,116,1/13/2022,BT02,BT01,2,11:10:18,11:59:57,00:49:39,49.65
6653,1358,1/13/2022,BT01,BT02,1,11:21:34,12:17:36,00:56:02,56.03
6654,1718,1/13/2022,BT01,BT02,1,11:31:39,12:27:16,00:55:37,55.62
6655,250,1/13/2022,BT02,BT01,2,11:51:04,12:53:46,01:02:42,62.7
6656,121,1/13/2022,BT01,BT02,1,12:00:46,13:03:30,01:02:44,62.73
6657,279,1/13/2022,BT01,BT02,1,12:10:57,13:12:26,01:01:29,61.48
6658,128,1/13/2022,BT02,BT01,2,12:20:56,13:19:56,00:59:00,59
6659,116,1/13/2022,BT01,BT02,1,12:21:48,13:14:41,00:52:53,52.88
6660,1409,1/13/2022,BT02,BT01,2,12:30:11,13:27:19,00:57:08,57.13
6661,1408,1/13/2022,BT02,BT01,2,12:50:52,13:54:06,01:03:14,63.23
6662,117,1/13/2022,BT02,BT01,2,13:00:53,14:15:25,01:14:32,74.53
6663,262,1/13/2022,BT02,BT01,2,13:10:39,14:21:52,01:11:13,71.22
6664,250,1/13/2022,BT01,BT02,1,13:12:02,14:05:52,00:53:50,53.83
6665,123,1/13/2022,BT02,BT01,2,13:30:58,14:42:50,01:11:52,71.87
6666,505,1/13/2022,BT02,BT01,2,13:40:47,14:49:06,01:08:19,68.32
6667,128,1/13/2022,BT01,BT02,1,13:43:00,14:45:44,01:02:44,62.73
6668,274,1/13/2022,BT02,BT01,2,13:49:48,14:55:09,01:05:21,65.35
6669,1409,1/13/2022,BT01,BT02,1,13:51:48,14:52:01,01:00:13,60.22
6670,1358,1/13/2022,BT02,BT01,2,14:00:05,14:58:14,00:58:09,58.15
6671,1408,1/13/2022,BT01,BT02,1,14:10:36,15:05:29,00:54:53,54.88
6672,1718,1/13/2022,BT02,BT01,2,14:10:38,15:05:15,00:54:37,54.62
6673,117,1/13/2022,BT01,BT02,1,14:29:45,15:29:07,00:59:22,59.37
6674,279,1/13/2022,BT02,BT01,2,14:40:35,15:35:44,00:55:09,55.15
6675,262,1/13/2022,BT01,BT02,1,14:41:00,15:34:01,00:53:01,53.02
6676,116,1/13/2022,BT02,BT01,2,14:51:15,15:44:43,00:53:28,53.47
6677,123,1/13/2022,BT01,BT02,1,15:01:51,16:01:01,00:59:10,59.17
6678,294,1/13/2022,BT02,BT01,2,15:09:56,16:08:15,00:58:19,58.32
6679,505,1/13/2022,BT01,BT02,1,15:11:09,15:54:42,00:43:33,43.55
6680,274,1/13/2022,BT01,BT02,1,15:20:27,16:11:15,00:50:48,50.8
6681,250,1/13/2022,BT02,BT01,2,15:29:25,16:21:37,00:52:12,52.2
6682,1358,1/13/2022,BT01,BT02,1,15:31:00,16:17:00,00:46:00,46
6683,1718,1/13/2022,BT01,BT02,1,15:41:34,16:42:42,01:01:08,61.13
6684,128,1/13/2022,BT02,BT01,2,15:59:21,16:53:24,00:54:03,54.05
6685,279,1/13/2022,BT01,BT02,1,16:10:35,17:06:20,00:55:45,55.75
6686,1409,1/13/2022,BT02,BT01,2,16:10:35,17:07:01,00:56:26,56.43
6687,121,1/13/2022,BT02,BT01,2,16:31:00,17:29:46,00:58:46,58.77
6688,294,1/13/2022,BT01,BT02,1,16:40:14,17:15:13,00:34:59,34.98
6689,116,1/13/2022,BT01,BT02,1,16:49:10,17:37:01,00:47:51,47.85
6690,1408,1/13/2022,BT02,BT01,2,16:50:42,17:47:17,00:56:35,56.58
6691,250,1/13/2022,BT01,BT02,1,17:00:49,17:51:53,00:51:04,51.07
6692,262,1/13/2022,BT02,BT01,2,17:10:46,18:04:45,00:53:59,53.98
6693,128,1/13/2022,BT01,BT02,1,17:30:10,18:20:53,00:50:43,50.72
6694,505,1/13/2022,BT02,BT01,2,17:30:54,18:21:53,00:50:59,50.98
6695,123,1/13/2022,BT02,BT01,2,17:39:44,18:30:28,00:50:44,50.73
6696,1409,1/13/2022,BT01,BT02,1,17:41:02,18:29:52,00:48:50,48.83
6697,121,1/13/2022,BT01,BT02,1,18:00:39,18:51:42,00:51:03,51.05
6698,279,1/13/2022,BT02,BT01,2,18:03:28,18:48:21,00:44:53,44.88
6699,1408,1/13/2022,BT01,BT02,1,18:21:41,19:10:35,00:48:54,48.9
6700,262,1/13/2022,BT01,BT02,1,18:33:30,19:17:47,00:44:17,44.28
6701,505,1/13/2022,BT01,BT02,1,19:18:03,20:00:22,00:42:19,42.32
6702,123,1/13/2022,BT01,BT02,1,19:44:40,20:31:41,00:47:01,47.02
6703,279,1/13/2022,BT01,BT02,1,21:05:53,21:35:34,00:29:41,29.68
6704,123,1/14/2022,BT02,BT01,2,05:13:05,05:53:09,00:40:04,40.07
6705,279,1/14/2022,BT02,BT01,2,05:39:41,06:14:55,00:35:14,35.23
6706,1718,1/14/2022,BT02,BT01,2,06:00:27,06:43:41,00:43:14,43.23
6707,1410,1/14/2022,BT01,BT02,1,06:21:11,07:12:04,00:50:53,50.88
6708,262,1/14/2022,BT01,BT02,1,06:31:28,07:13:00,00:41:32,41.53
6709,121,1/14/2022,BT02,BT01,2,06:39:58,07:27:14,00:47:16,47.27
6710,116,1/14/2022,BT02,BT01,2,06:51:13,07:36:03,00:44:50,44.83
6711,123,1/14/2022,BT01,BT02,1,06:53:55,07:45:23,00:51:28,51.47
6712,274,1/14/2022,BT02,BT01,2,07:00:58,07:50:04,00:49:06,49.1
6713,279,1/14/2022,BT01,BT02,1,07:09:17,08:02:12,00:52:55,52.92
6714,1377,1/14/2022,BT02,BT01,2,07:10:52,07:56:26,00:45:34,45.57
6715,1718,1/14/2022,BT01,BT02,1,07:21:20,08:10:50,00:49:30,49.5
6716,121,1/14/2022,BT01,BT02,1,07:49:43,08:41:38,00:51:55,51.92
6717,1143,1/14/2022,BT02,BT01,2,08:00:40,08:50:32,00:49:52,49.87
6718,116,1/14/2022,BT01,BT02,1,08:01:34,08:52:58,00:51:24,51.4
6719,274,1/14/2022,BT01,BT02,1,08:09:39,08:59:23,00:49:44,49.73
6720,1358,1/14/2022,BT02,BT01,2,08:10:46,08:57:30,00:46:44,46.73
6721,505,1/14/2022,BT02,BT01,2,08:21:00,09:11:47,00:50:47,50.78
6722,1377,1/14/2022,BT01,BT02,1,08:21:34,09:14:38,00:53:04,53.07
6723,1410,1/14/2022,BT02,BT01,2,08:40:42,09:27:15,00:46:33,46.55
6724,262,1/14/2022,BT02,BT01,2,08:49:32,09:50:00,01:00:28,60.47
6725,123,1/14/2022,BT02,BT01,2,09:10:25,10:07:50,00:57:25,57.42
6726,279,1/14/2022,BT02,BT01,2,09:19:26,10:23:39,01:04:13,64.22
6727,1143,1/14/2022,BT01,BT02,1,09:21:00,10:10:02,00:49:02,49.03
6728,1718,1/14/2022,BT02,BT01,2,09:29:28,10:28:11,00:58:43,58.72
6729,1358,1/14/2022,BT01,BT02,1,09:31:25,10:26:19,00:54:54,54.9
6730,505,1/14/2022,BT01,BT02,1,09:40:57,10:34:31,00:53:34,53.57
6731,250,1/14/2022,BT01,BT02,1,09:51:00,10:46:00,00:55:00,55
6732,121,1/14/2022,BT02,BT01,2,09:59:00,10:53:02,00:54:02,54.03
6733,1410,1/14/2022,BT01,BT02,1,10:00:35,10:56:54,00:56:19,56.32
6734,274,1/14/2022,BT02,BT01,2,10:09:14,11:04:44,00:55:30,55.5
6735,262,1/14/2022,BT01,BT02,1,10:10:44,11:10:20,00:59:36,59.6
6736,1377,1/14/2022,BT02,BT01,2,10:20:33,11:21:32,01:00:59,60.98
6737,123,1/14/2022,BT01,BT02,1,10:30:37,11:31:54,01:01:17,61.28
6738,279,1/14/2022,BT01,BT02,1,10:40:23,11:34:19,00:53:56,53.93
6739,1718,1/14/2022,BT01,BT02,1,10:52:15,11:48:15,00:56:00,56
6740,1143,1/14/2022,BT02,BT01,2,11:20:35,12:16:30,00:55:55,55.92
6741,121,1/14/2022,BT01,BT02,1,11:21:01,12:18:34,00:57:33,57.55
6742,505,1/14/2022,BT02,BT01,2,11:31:21,12:26:03,00:54:42,54.7
6743,274,1/14/2022,BT01,BT02,1,11:31:46,12:29:11,00:57:25,57.42
6744,250,1/14/2022,BT02,BT01,2,11:41:04,12:36:48,00:55:44,55.73
6745,1377,1/14/2022,BT01,BT02,1,11:41:11,12:38:16,00:57:05,57.08
6746,1410,1/14/2022,BT02,BT01,2,11:50:50,12:51:34,01:00:44,60.73
6747,262,1/14/2022,BT02,BT01,2,11:59:47,12:53:50,00:54:03,54.05
6748,279,1/14/2022,BT02,BT01,2,12:29:18,13:25:11,00:55:53,55.88
6749,1718,1/14/2022,BT02,BT01,2,12:40:42,13:36:54,00:56:12,56.2
6750,1143,1/14/2022,BT01,BT02,1,12:42:04,13:37:22,00:55:18,55.3
6751,505,1/14/2022,BT01,BT02,1,12:51:15,13:46:18,00:55:03,55.05
6752,121,1/14/2022,BT02,BT01,2,13:01:16,13:53:57,00:52:41,52.68
6753,1410,1/14/2022,BT01,BT02,1,13:11:21,14:04:24,00:53:03,53.05
6754,274,1/14/2022,BT02,BT01,2,13:16:04,14:00:23,00:44:19,44.32
6755,262,1/14/2022,BT01,BT02,1,13:19:47,14:10:43,00:50:56,50.93
6756,1377,1/14/2022,BT02,BT01,2,13:30:55,14:29:59,00:59:04,59.07
6757,279,1/14/2022,BT01,BT02,1,13:52:09,14:42:29,00:50:20,50.33
6758,1718,1/14/2022,BT01,BT02,1,14:01:24,14:48:02,00:46:38,46.63
6759,121,1/14/2022,BT01,BT02,1,14:29:57,15:22:52,00:52:55,52.92
6760,1143,1/14/2022,BT02,BT01,2,14:43:39,15:45:04,01:01:25,61.42
6761,274,1/14/2022,BT01,BT02,1,14:47:18,15:33:02,00:45:44,45.73
6762,505,1/14/2022,BT02,BT01,2,15:00:42,15:52:20,00:51:38,51.63
6763,1377,1/14/2022,BT01,BT02,1,15:05:51,16:03:13,00:57:22,57.37
6764,1410,1/14/2022,BT02,BT01,2,15:15:02,16:07:20,00:52:18,52.3
6765,262,1/14/2022,BT02,BT01,2,15:24:55,16:17:50,00:52:55,52.92
6766,279,1/14/2022,BT02,BT01,2,16:15:41,17:03:48,00:48:07,48.12
6767,1718,1/14/2022,BT02,BT01,2,16:27:17,17:27:47,01:00:30,60.5
6768,1143,1/14/2022,BT01,BT02,1,17:00:11,17:56:16,00:56:05,56.08
6769,1377,1/14/2022,BT02,BT01,2,17:02:15,18:00:44,00:58:29,58.48
6770,505,1/14/2022,BT01,BT02,1,17:16:41,18:01:35,00:44:54,44.9
6771,279,1/14/2022,BT01,BT02,1,17:55:22,18:37:45,00:42:23,42.38
6772,1718,1/14/2022,BT01,BT02,1,18:10:27,18:58:04,00:47:37,47.62
6773,1143,1/14/2022,BT02,BT01,2,18:10:37,19:00:54,00:50:17,50.28
6774,1377,1/14/2022,BT01,BT02,1,19:02:56,19:49:36,00:46:40,46.67
6775,1143,1/14/2022,BT01,BT02,1,20:00:34,20:40:32,00:39:58,39.97
6776,505,1/15/2022,BT02,BT01,2,05:30:44,06:02:03,00:31:19,31.32
6777,274,1/15/2022,BT02,BT01,2,05:41:26,06:19:56,00:38:30,38.5
6778,1410,1/15/2022,BT01,BT02,1,06:12:18,07:01:05,00:48:47,48.78
6779,505,1/15/2022,BT01,BT02,1,06:41:04,07:30:12,00:49:08,49.13
6780,279,1/15/2022,BT02,BT01,2,06:41:05,07:24:23,00:43:18,43.3
6781,1719,1/15/2022,BT02,BT01,2,06:49:35,07:32:46,00:43:11,43.18
6782,274,1/15/2022,BT01,BT02,1,06:51:09,07:33:47,00:42:38,42.63
6783,1377,1/15/2022,BT02,BT01,2,07:09:50,07:57:21,00:47:31,47.52
6784,250,1/15/2022,BT02,BT01,2,07:40:18,08:26:52,00:46:34,46.57
6785,279,1/15/2022,BT01,BT02,1,07:40:57,08:31:53,00:50:56,50.93
6786,1719,1/15/2022,BT01,BT02,1,07:50:56,08:42:31,00:51:35,51.58
6787,123,1/15/2022,BT02,BT01,2,08:00:02,08:47:07,00:47:05,47.08
6788,1377,1/15/2022,BT01,BT02,1,08:11:06,09:01:28,00:50:22,50.37
6789,1410,1/15/2022,BT02,BT01,2,08:20:40,09:13:37,00:52:57,52.95
6790,250,1/15/2022,BT01,BT02,1,08:41:33,09:36:42,00:55:09,55.15
6791,505,1/15/2022,BT02,BT01,2,08:50:28,09:38:47,00:48:19,48.32
6792,274,1/15/2022,BT02,BT01,2,08:59:22,09:50:58,00:51:36,51.6
6793,1143,1/15/2022,BT02,BT01,2,09:10:34,09:58:53,00:48:19,48.32
6794,123,1/15/2022,BT01,BT02,1,09:32:29,10:23:53,00:51:24,51.4
6795,279,1/15/2022,BT02,BT01,2,09:40:34,10:33:54,00:53:20,53.33
6796,1410,1/15/2022,BT01,BT02,1,09:41:33,10:36:10,00:54:37,54.62
6797,1719,1/15/2022,BT02,BT01,2,09:50:57,10:48:25,00:57:28,57.47
6798,1377,1/15/2022,BT02,BT01,2,10:11:05,11:05:10,00:54:05,54.08
6799,505,1/15/2022,BT01,BT02,1,10:11:16,11:07:25,00:56:09,56.15
6800,274,1/15/2022,BT01,BT02,1,10:21:11,11:15:58,00:54:47,54.78
6801,1143,1/15/2022,BT01,BT02,1,10:30:59,11:25:15,00:54:16,54.27
6802,250,1/15/2022,BT02,BT01,2,10:31:05,11:37:07,01:06:02,66.03
6803,123,1/15/2022,BT02,BT01,2,10:50:52,11:56:00,01:05:08,65.13
6804,279,1/15/2022,BT01,BT02,1,11:01:31,12:05:36,01:04:05,64.08
6805,1410,1/15/2022,BT02,BT01,2,11:10:43,12:24:10,01:13:27,73.45
6806,1719,1/15/2022,BT01,BT02,1,11:12:11,12:12:43,01:00:32,60.53
6807,1377,1/15/2022,BT01,BT02,1,11:32:21,12:40:44,01:08:23,68.38
6808,505,1/15/2022,BT02,BT01,2,11:40:33,12:55:47,01:15:14,75.23
6809,274,1/15/2022,BT02,BT01,2,11:51:22,13:07:41,01:16:19,76.32
6810,1143,1/15/2022,BT02,BT01,2,12:00:35,13:12:19,01:11:44,71.73
6811,250,1/15/2022,BT01,BT02,1,12:01:53,13:15:33,01:13:40,73.67
6812,123,1/15/2022,BT01,BT02,1,12:21:44,13:35:10,01:13:26,73.43
6813,279,1/15/2022,BT02,BT01,2,12:41:16,13:47:24,01:06:08,66.13
6814,1410,1/15/2022,BT01,BT02,1,12:41:40,13:32:40,00:51:00,51
6815,1719,1/15/2022,BT02,BT01,2,12:50:49,13:58:33,01:07:44,67.73
6816,1377,1/15/2022,BT02,BT01,2,13:11:12,14:09:09,00:57:57,57.95
6817,505,1/15/2022,BT01,BT02,1,13:19:45,14:06:59,00:47:14,47.23
6818,274,1/15/2022,BT01,BT02,1,13:32:45,14:29:33,00:56:48,56.8
6819,250,1/15/2022,BT02,BT01,2,13:41:42,14:40:07,00:58:25,58.42
6820,1143,1/15/2022,BT01,BT02,1,13:43:04,14:32:27,00:49:23,49.38
6821,1410,1/15/2022,BT02,BT01,2,14:09:53,15:04:44,00:54:51,54.85
6822,123,1/15/2022,BT02,BT01,2,14:21:01,15:14:48,00:53:47,53.78
6823,279,1/15/2022,BT01,BT02,1,14:22:14,15:13:49,00:51:35,51.58
6824,1719,1/15/2022,BT01,BT02,1,14:31:40,15:22:41,00:51:01,51.02
6825,505,1/15/2022,BT02,BT01,2,14:50:34,15:41:46,00:51:12,51.2
6826,1377,1/15/2022,BT01,BT02,1,14:51:17,15:43:41,00:52:24,52.4
6827,274,1/15/2022,BT02,BT01,2,14:58:54,15:49:56,00:51:02,51.03
6828,294,1/15/2022,BT01,BT02,1,15:02:33,16:17:41,01:15:08,75.13
6829,1143,1/15/2022,BT02,BT01,2,15:11:48,15:55:54,00:44:06,44.1
6830,1410,1/15/2022,BT01,BT02,1,15:40:37,16:31:04,00:50:27,50.45
6831,279,1/15/2022,BT02,BT01,2,15:49:12,16:43:52,00:54:40,54.67
6832,123,1/15/2022,BT01,BT02,1,15:52:16,16:56:09,01:03:53,63.88
6833,1719,1/15/2022,BT02,BT01,2,15:59:48,16:50:08,00:50:20,50.33
6834,505,1/15/2022,BT01,BT02,1,16:19:38,17:09:39,00:50:01,50.02
6835,1377,1/15/2022,BT02,BT01,2,16:19:43,17:11:38,00:51:55,51.92
6836,274,1/15/2022,BT01,BT02,1,16:31:58,17:22:53,00:50:55,50.92
6837,1143,1/15/2022,BT01,BT02,1,16:43:04,17:37:49,00:54:45,54.75
6838,294,1/15/2022,BT02,BT01,2,16:57:26,17:31:38,00:34:12,34.2
6839,1410,1/15/2022,BT02,BT01,2,16:58:23,17:54:24,00:56:01,56.02
6840,279,1/15/2022,BT01,BT02,1,17:11:26,18:00:15,00:48:49,48.82
6841,123,1/15/2022,BT02,BT01,2,17:12:38,18:04:47,00:52:09,52.15
6842,1719,1/15/2022,BT01,BT02,1,17:20:34,18:04:50,00:44:16,44.27
6843,505,1/15/2022,BT02,BT01,2,17:45:39,18:36:57,00:51:18,51.3
6844,1377,1/15/2022,BT01,BT02,1,17:53:17,18:49:46,00:56:29,56.48
6845,1410,1/15/2022,BT01,BT02,1,18:25:16,19:07:53,00:42:37,42.62
6846,123,1/15/2022,BT01,BT02,1,18:51:41,19:42:27,00:50:46,50.77
6847,505,1/15/2022,BT01,BT02,1,19:46:57,20:27:36,00:40:39,40.65
6848,505,1/16/2022,BT02,BT01,2,05:30:22,06:00:52,00:30:30,30.5
6849,1410,1/16/2022,BT01,BT02,1,06:11:02,06:59:39,00:48:37,48.62
6850,121,1/16/2022,BT02,BT01,2,06:30:40,07:17:05,00:46:25,46.42
6851,116,1/16/2022,BT02,BT01,2,06:40:47,07:25:32,00:44:45,44.75
6852,262,1/16/2022,BT01,BT02,1,06:40:52,07:27:27,00:46:35,46.58
6853,505,1/16/2022,BT01,BT02,1,06:50:26,07:33:30,00:43:04,43.07
6854,1377,1/16/2022,BT02,BT01,2,07:00:00,07:49:10,00:49:10,49.17
6855,121,1/16/2022,BT01,BT02,1,07:28:43,08:11:55,00:43:12,43.2
6856,116,1/16/2022,BT01,BT02,1,07:41:02,08:34:16,00:53:14,53.23
6857,1377,1/16/2022,BT01,BT02,1,08:07:55,09:06:29,00:58:34,58.57
6858,1409,1/16/2022,BT02,BT01,2,08:10:59,09:02:52,00:51:53,51.88
6859,1358,1/16/2022,BT02,BT01,2,08:21:48,09:20:19,00:58:31,58.52
6860,1410,1/16/2022,BT02,BT01,2,08:29:28,09:22:21,00:52:53,52.88
6861,262,1/16/2022,BT02,BT01,2,09:00:14,09:52:12,00:51:58,51.97
6862,1408,1/16/2022,BT02,BT01,2,09:10:46,10:12:11,01:01:25,61.42
6863,505,1/16/2022,BT02,BT01,2,09:20:30,10:23:37,01:03:07,63.12
6864,1409,1/16/2022,BT01,BT02,1,09:21:11,10:18:04,00:56:53,56.88
6865,1718,1/16/2022,BT02,BT01,2,09:26:47,10:29:15,01:02:28,62.47
6866,1358,1/16/2022,BT01,BT02,1,09:30:08,10:35:27,01:05:19,65.32
6867,1410,1/16/2022,BT01,BT02,1,09:41:01,10:51:42,01:10:41,70.68
6868,262,1/16/2022,BT01,BT02,1,10:10:43,11:21:54,01:11:11,71.18
6869,121,1/16/2022,BT02,BT01,2,10:10:51,11:15:31,01:04:40,64.67
6870,116,1/16/2022,BT02,BT01,2,10:17:13,11:26:44,01:09:31,69.52
6871,1408,1/16/2022,BT01,BT02,1,10:31:11,11:40:19,01:09:08,69.13
6872,505,1/16/2022,BT01,BT02,1,10:40:19,11:47:05,01:06:46,66.77
6873,1377,1/16/2022,BT02,BT01,2,10:40:59,11:48:26,01:07:27,67.45
6874,1718,1/16/2022,BT01,BT02,1,10:51:09,11:56:21,01:05:12,65.2
6875,121,1/16/2022,BT01,BT02,1,11:32:35,12:48:19,01:15:44,75.73
6876,116,1/16/2022,BT01,BT02,1,11:43:44,12:57:21,01:13:37,73.62
6877,1409,1/16/2022,BT02,BT01,2,11:51:00,13:05:51,01:14:51,74.85
6878,1358,1/16/2022,BT02,BT01,2,11:58:54,13:07:14,01:08:20,68.33
6879,1377,1/16/2022,BT01,BT02,1,12:07:56,13:23:00,01:15:04,75.07
6880,262,1/16/2022,BT02,BT01,2,12:40:53,13:47:32,01:06:39,66.65
6881,1408,1/16/2022,BT02,BT01,2,12:50:23,13:54:40,01:04:17,64.28
6882,505,1/16/2022,BT02,BT01,2,13:00:14,13:59:40,00:59:26,59.43
6883,1718,1/16/2022,BT02,BT01,2,13:11:45,14:05:39,00:53:54,53.9
6884,1409,1/16/2022,BT01,BT02,1,13:20:36,14:22:17,01:01:41,61.68
6885,1358,1/16/2022,BT01,BT02,1,13:31:05,14:30:48,00:59:43,59.72
6886,1410,1/16/2022,BT01,BT02,1,13:41:34,14:34:12,00:52:38,52.63
6887,121,1/16/2022,BT02,BT01,2,13:50:54,14:44:03,00:53:09,53.15
6888,116,1/16/2022,BT02,BT01,2,13:58:13,14:50:15,00:52:02,52.03
6889,262,1/16/2022,BT01,BT02,1,14:11:15,14:59:07,00:47:52,47.87
6890,1377,1/16/2022,BT02,BT01,2,14:20:52,15:17:18,00:56:26,56.43
6891,1408,1/16/2022,BT01,BT02,1,14:21:31,15:16:21,00:54:50,54.83
6892,505,1/16/2022,BT01,BT02,1,14:31:02,15:22:41,00:51:39,51.65
6893,1718,1/16/2022,BT01,BT02,1,14:41:11,15:40:41,00:59:30,59.5
6894,121,1/16/2022,BT01,BT02,1,15:22:11,16:19:07,00:56:56,56.93
6895,1409,1/16/2022,BT02,BT01,2,15:30:33,16:24:56,00:54:23,54.38
6896,116,1/16/2022,BT01,BT02,1,15:31:18,16:21:01,00:49:43,49.72
6897,1358,1/16/2022,BT02,BT01,2,15:40:53,16:33:04,00:52:11,52.18
6898,1377,1/16/2022,BT01,BT02,1,15:49:57,16:46:30,00:56:33,56.55
6899,1410,1/16/2022,BT02,BT01,2,15:50:46,16:46:55,00:56:09,56.15
6900,262,1/16/2022,BT02,BT01,2,16:20:51,17:20:50,00:59:59,59.98
6901,1408,1/16/2022,BT02,BT01,2,16:30:24,17:26:53,00:56:29,56.48
6902,505,1/16/2022,BT02,BT01,2,16:41:43,17:39:07,00:57:24,57.4
6903,1718,1/16/2022,BT02,BT01,2,16:47:10,17:44:51,00:57:41,57.68
6904,294,1/16/2022,BT01,BT02,1,17:05:14,17:56:59,00:51:45,51.75
6905,1409,1/16/2022,BT01,BT02,1,17:23:51,18:14:33,00:50:42,50.7
6906,121,1/16/2022,BT02,BT01,2,17:29:43,18:29:53,01:00:10,60.17
6907,1358,1/16/2022,BT01,BT02,1,17:35:32,18:20:51,00:45:19,45.32
6908,116,1/16/2022,BT02,BT01,2,17:40:57,18:37:05,00:56:08,56.13
6909,1408,1/16/2022,BT01,BT02,1,18:04:09,18:54:44,00:50:35,50.58
6910,1377,1/16/2022,BT02,BT01,2,18:05:18,19:05:00,00:59:42,59.7
6911,505,1/16/2022,BT01,BT02,1,18:10:25,19:00:14,00:49:49,49.82
6912,1718,1/16/2022,BT01,BT02,1,18:26:06,19:18:35,00:52:29,52.48
6913,121,1/16/2022,BT01,BT02,1,19:47:32,20:31:37,00:44:05,44.08
6914,116,1/16/2022,BT01,BT02,1,20:09:14,20:53:38,00:44:24,44.4
6915,279,1/17/2022,BT02,BT01,2,06:03:37,06:45:53,00:42:16,42.27
6916,1410,1/17/2022,BT01,BT02,1,06:08:46,06:50:52,00:42:06,42.1
6917,116,1/17/2022,BT02,BT01,2,06:19:36,06:51:30,00:31:54,31.9
6918,1377,1/17/2022,BT02,BT01,2,06:41:46,07:28:41,00:46:55,46.92
6919,279,1/17/2022,BT01,BT02,1,06:59:16,07:57:46,00:58:30,58.5
6920,116,1/17/2022,BT01,BT02,1,07:18:10,08:09:22,00:51:12,51.2
6921,1358,1/17/2022,BT02,BT01,2,07:30:39,08:17:17,00:46:38,46.63
6922,1409,1/17/2022,BT02,BT01,2,07:40:50,08:28:57,00:48:07,48.12
6923,1377,1/17/2022,BT01,BT02,1,07:41:56,08:36:58,00:55:02,55.03
6924,1410,1/17/2022,BT02,BT01,2,07:50:11,08:42:16,00:52:05,52.08
6925,1718,1/17/2022,BT02,BT01,2,08:01:11,08:47:59,00:46:48,46.8
6926,1358,1/17/2022,BT01,BT02,1,08:40:52,09:29:49,00:48:57,48.95
6927,1143,1/17/2022,BT02,BT01,2,08:50:34,09:45:09,00:54:35,54.58
6928,279,1/17/2022,BT02,BT01,2,08:59:21,09:51:59,00:52:38,52.63
6929,1409,1/17/2022,BT01,BT02,1,09:01:08,09:56:10,00:55:02,55.03
6930,1410,1/17/2022,BT01,BT02,1,09:09:41,10:05:03,00:55:22,55.37
6931,116,1/17/2022,BT02,BT01,2,09:11:15,10:01:41,00:50:26,50.43
6932,123,1/17/2022,BT02,BT01,2,09:22:16,10:22:46,01:00:30,60.5
6933,1718,1/17/2022,BT01,BT02,1,09:22:17,10:11:03,00:48:46,48.77
6934,1377,1/17/2022,BT02,BT01,2,09:41:11,10:38:06,00:56:55,56.92
6935,1143,1/17/2022,BT01,BT02,1,10:11:33,11:09:31,00:57:58,57.97
6936,279,1/17/2022,BT01,BT02,1,10:21:29,11:13:24,00:51:55,51.92
6937,1358,1/17/2022,BT02,BT01,2,10:31:03,11:24:37,00:53:34,53.57
6938,116,1/17/2022,BT01,BT02,1,10:31:16,11:24:48,00:53:32,53.53
6939,1410,1/17/2022,BT02,BT01,2,10:51:02,11:45:02,00:54:00,54
6940,1718,1/17/2022,BT02,BT01,2,11:01:07,11:55:30,00:54:23,54.38
6941,1377,1/17/2022,BT01,BT02,1,11:02:03,12:01:21,00:59:18,59.3
6942,1358,1/17/2022,BT01,BT02,1,11:51:26,12:45:57,00:54:31,54.52
6943,1143,1/17/2022,BT02,BT01,2,11:51:30,12:48:11,00:56:41,56.68
6944,279,1/17/2022,BT02,BT01,2,11:59:31,12:54:33,00:55:02,55.03
6945,1410,1/17/2022,BT01,BT02,1,12:11:24,13:06:17,00:54:53,54.88
6946,116,1/17/2022,BT02,BT01,2,12:13:37,13:05:46,00:52:09,52.15
6947,1718,1/17/2022,BT01,BT02,1,12:20:57,13:10:46,00:49:49,49.82
6948,1377,1/17/2022,BT02,BT01,2,12:43:24,13:35:31,00:52:07,52.12
6949,294,1/17/2022,BT02,BT01,2,13:01:50,14:02:11,01:00:21,60.35
6950,1143,1/17/2022,BT01,BT02,1,13:11:25,13:59:09,00:47:44,47.73
6951,279,1/17/2022,BT01,BT02,1,13:21:33,14:13:41,00:52:08,52.13
6952,116,1/17/2022,BT01,BT02,1,13:31:09,14:20:18,00:49:09,49.15
6953,1358,1/17/2022,BT02,BT01,2,13:44:41,14:35:01,00:50:20,50.33
6954,1377,1/17/2022,BT01,BT02,1,14:05:05,14:56:39,00:51:34,51.57
6955,1410,1/17/2022,BT02,BT01,2,14:15:48,15:09:15,00:53:27,53.45
6956,1718,1/17/2022,BT02,BT01,2,14:27:38,15:15:05,00:47:27,47.45
6957,1358,1/17/2022,BT01,BT02,1,15:11:51,15:54:46,00:42:55,42.92
6958,1143,1/17/2022,BT02,BT01,2,15:30:09,16:23:25,00:53:16,53.27
6959,1410,1/17/2022,BT01,BT02,1,15:40:49,16:29:41,00:48:52,48.87
6960,279,1/17/2022,BT02,BT01,2,15:42:40,16:37:29,00:54:49,54.82
6961,1718,1/17/2022,BT01,BT02,1,15:52:57,16:39:20,00:46:23,46.38
6962,116,1/17/2022,BT02,BT01,2,15:59:51,16:52:12,00:52:21,52.35
6963,123,1/17/2022,BT02,BT01,2,16:00:50,17:16:17,01:15:27,75.45
6964,1377,1/17/2022,BT02,BT01,2,16:30:51,17:27:29,00:56:38,56.63
6965,1143,1/17/2022,BT01,BT02,1,17:23:07,18:05:57,00:42:50,42.83
6966,279,1/17/2022,BT01,BT02,1,17:35:15,18:25:23,00:50:08,50.13
6967,116,1/17/2022,BT01,BT02,1,18:03:20,18:47:58,00:44:38,44.63
6968,123,1/17/2022,BT01,BT02,1,18:31:19,19:17:14,00:45:55,45.92
6969,1377,1/17/2022,BT01,BT02,1,19:06:04,19:50:55,00:44:51,44.85
6970,505,1/18/2022,BT02,BT01,2,05:28:34,06:02:29,00:33:55,33.92
6971,274,1/18/2022,BT02,BT01,2,05:40:16,06:18:44,00:38:28,38.47
6972,1408,1/18/2022,BT01,BT02,1,06:21:04,07:19:15,00:58:11,58.18
6973,121,1/18/2022,BT02,BT01,2,06:30:43,07:43:15,01:12:32,72.53
6974,279,1/18/2022,BT02,BT01,2,06:41:20,07:48:38,01:07:18,67.3
6975,505,1/18/2022,BT01,BT02,1,06:41:28,07:45:37,01:04:09,64.15
6976,116,1/18/2022,BT02,BT01,2,06:49:53,07:49:48,00:59:55,59.92
6977,274,1/18/2022,BT01,BT02,1,06:53:53,08:05:28,01:11:35,71.58
6978,294,1/18/2022,BT02,BT01,2,07:08:12,08:18:14,01:10:02,70.03
6979,121,1/18/2022,BT01,BT02,1,07:53:06,08:44:41,00:51:35,51.58
6980,123,1/18/2022,BT02,BT01,2,08:00:23,08:56:50,00:56:27,56.45
6981,279,1/18/2022,BT01,BT02,1,08:00:58,08:52:28,00:51:30,51.5
6982,128,1/18/2022,BT02,BT01,2,08:09:12,09:01:50,00:52:38,52.63
6983,116,1/18/2022,BT01,BT02,1,08:12:14,09:01:35,00:49:21,49.35
6984,1409,1/18/2022,BT02,BT01,2,08:19:38,09:13:04,00:53:26,53.43
6985,1358,1/18/2022,BT02,BT01,2,08:30:12,09:14:14,00:44:02,44.03
6986,1143,1/18/2022,BT02,BT01,2,08:39:22,09:31:20,00:51:58,51.97
6987,1718,1/18/2022,BT02,BT01,2,08:50:22,09:43:02,00:52:40,52.67
6988,1408,1/18/2022,BT02,BT01,2,09:10:35,10:04:59,00:54:24,54.4
6989,123,1/18/2022,BT01,BT02,1,09:21:33,10:22:51,01:01:18,61.3
6990,505,1/18/2022,BT02,BT01,2,09:28:21,10:23:04,00:54:43,54.72
6991,128,1/18/2022,BT01,BT02,1,09:30:46,10:16:33,00:45:47,45.78
6992,274,1/18/2022,BT02,BT01,2,09:40:40,10:35:39,00:54:59,54.98
6993,1409,1/18/2022,BT01,BT02,1,09:41:23,10:32:36,00:51:13,51.22
6994,1358,1/18/2022,BT01,BT02,1,09:50:10,10:44:44,00:54:34,54.57
6995,1143,1/18/2022,BT01,BT02,1,10:01:07,10:56:05,00:54:58,54.97
6996,1718,1/18/2022,BT01,BT02,1,10:10:55,11:03:34,00:52:39,52.65
6997,121,1/18/2022,BT02,BT01,2,10:31:47,11:17:28,00:45:41,45.68
6998,1408,1/18/2022,BT01,BT02,1,10:31:53,11:26:45,00:54:52,54.87
6999,279,1/18/2022,BT02,BT01,2,10:40:57,11:37:48,00:56:51,56.85
7000,116,1/18/2022,BT02,BT01,2,10:49:28,11:43:18,00:53:50,53.83
7001,505,1/18/2022,BT01,BT02,1,10:51:15,11:44:05,00:52:50,52.83
7002,274,1/18/2022,BT01,BT02,1,11:00:38,11:58:06,00:57:28,57.47
7003,123,1/18/2022,BT02,BT01,2,11:50:52,12:46:21,00:55:29,55.48
7004,121,1/18/2022,BT01,BT02,1,11:52:32,12:50:20,00:57:48,57.8
7005,279,1/18/2022,BT01,BT02,1,11:59:43,12:58:19,00:58:36,58.6
7006,128,1/18/2022,BT02,BT01,2,12:01:29,12:53:42,00:52:13,52.22
7007,1409,1/18/2022,BT02,BT01,2,12:11:01,13:09:37,00:58:36,58.6
7008,116,1/18/2022,BT01,BT02,1,12:11:24,13:03:57,00:52:33,52.55
7009,1358,1/18/2022,BT02,BT01,2,12:20:56,13:22:13,01:01:17,61.28
7010,1143,1/18/2022,BT02,BT01,2,12:30:03,13:27:08,00:57:05,57.08
7011,1718,1/18/2022,BT02,BT01,2,12:40:36,13:42:12,01:01:36,61.6
7012,1408,1/18/2022,BT02,BT01,2,13:00:37,14:01:09,01:00:32,60.53
7013,123,1/18/2022,BT01,BT02,1,13:12:05,14:15:39,01:03:34,63.57
7014,128,1/18/2022,BT01,BT02,1,13:20:41,14:20:43,01:00:02,60.03
7015,274,1/18/2022,BT02,BT01,2,13:20:57,14:37:07,01:16:10,76.17
7016,505,1/18/2022,BT02,BT01,2,13:30:31,14:40:33,01:10:02,70.03
7017,1409,1/18/2022,BT01,BT02,1,13:31:30,14:43:38,01:12:08,72.13
7018,1358,1/18/2022,BT01,BT02,1,13:40:28,14:47:01,01:06:33,66.55
7019,1143,1/18/2022,BT01,BT02,1,13:51:42,14:50:06,00:58:24,58.4
7020,1718,1/18/2022,BT01,BT02,1,14:00:30,15:00:21,00:59:51,59.85
7021,121,1/18/2022,BT02,BT01,2,14:18:17,15:08:38,00:50:21,50.35
7022,1408,1/18/2022,BT01,BT02,1,14:20:38,15:11:49,00:51:11,51.18
7023,279,1/18/2022,BT02,BT01,2,14:30:37,15:22:10,00:51:33,51.55
7024,116,1/18/2022,BT02,BT01,2,14:40:44,15:36:38,00:55:54,55.9
7025,274,1/18/2022,BT01,BT02,1,14:48:53,15:39:00,00:50:07,50.12
7026,505,1/18/2022,BT01,BT02,1,15:01:26,15:44:06,00:42:40,42.67
7027,123,1/18/2022,BT02,BT01,2,15:41:18,16:30:36,00:49:18,49.3
7028,128,1/18/2022,BT02,BT01,2,15:51:30,16:54:29,01:02:59,62.98
7029,121,1/18/2022,BT01,BT02,1,15:51:52,16:46:30,00:54:38,54.63
7030,1409,1/18/2022,BT02,BT01,2,15:59:47,16:57:51,00:58:04,58.07
7031,279,1/18/2022,BT01,BT02,1,16:01:11,17:10:02,01:08:51,68.85
7032,1358,1/18/2022,BT02,BT01,2,16:10:55,17:11:05,01:00:10,60.17
7033,1143,1/18/2022,BT02,BT01,2,16:21:11,17:20:09,00:58:58,58.97
7034,1718,1/18/2022,BT02,BT01,2,16:30:04,17:27:37,00:57:33,57.55
7035,1408,1/18/2022,BT02,BT01,2,16:50:50,17:43:03,00:52:13,52.22
7036,123,1/18/2022,BT01,BT02,1,17:11:05,18:12:37,01:01:32,61.53
7037,505,1/18/2022,BT02,BT01,2,17:11:12,18:01:47,00:50:35,50.58
7038,128,1/18/2022,BT01,BT02,1,17:20:50,18:13:02,00:52:12,52.2
7039,1409,1/18/2022,BT01,BT02,1,17:31:00,18:23:22,00:52:22,52.37
7040,1358,1/18/2022,BT01,BT02,1,17:41:36,18:26:44,00:45:08,45.13
7041,121,1/18/2022,BT02,BT01,2,17:50:47,18:48:32,00:57:45,57.75
7042,1143,1/18/2022,BT01,BT02,1,17:51:37,18:36:33,00:44:56,44.93
7043,279,1/18/2022,BT02,BT01,2,18:01:02,19:02:24,01:01:22,61.37
7044,1718,1/18/2022,BT01,BT02,1,18:01:40,18:50:20,00:48:40,48.67
7045,1408,1/18/2022,BT01,BT02,1,18:23:46,19:12:24,00:48:38,48.63
7046,116,1/18/2022,BT01,BT02,1,18:34:21,19:20:58,00:46:37,46.62
7047,505,1/18/2022,BT01,BT02,1,18:49:31,19:32:12,00:42:41,42.68
7048,121,1/18/2022,BT01,BT02,1,19:46:11,20:25:22,00:39:11,39.18
7049,279,1/18/2022,BT01,BT02,1,20:07:02,20:41:18,00:34:16,34.27
7050,505,1/19/2022,BT02,BT01,2,05:30:38,06:03:07,00:32:29,32.48
7051,274,1/19/2022,BT02,BT01,2,05:40:04,06:25:32,00:45:28,45.47
7052,116,1/19/2022,BT02,BT01,2,06:28:51,07:43:43,01:14:52,74.87
7053,1410,1/19/2022,BT01,BT02,1,06:33:24,07:41:06,01:07:42,67.7
7054,1719,1/19/2022,BT02,BT01,2,06:40:48,07:47:27,01:06:39,66.65
7055,505,1/19/2022,BT01,BT02,1,06:50:11,07:54:57,01:04:46,64.77
7056,1377,1/19/2022,BT02,BT01,2,06:50:29,07:51:04,01:00:35,60.58
7057,274,1/19/2022,BT01,BT02,1,06:59:53,08:12:24,01:12:31,72.52
7058,264,1/19/2022,BT02,BT01,2,07:10:34,08:04:11,00:53:37,53.62
7059,279,1/19/2022,BT01,BT02,1,07:18:13,08:22:42,01:04:29,64.48
7060,1143,1/19/2022,BT02,BT01,2,07:51:12,08:47:28,00:56:16,56.27
7061,121,1/19/2022,BT01,BT02,1,07:53:35,08:43:25,00:49:50,49.83
7062,116,1/19/2022,BT01,BT02,1,08:01:45,08:49:12,00:47:27,47.45
7063,123,1/19/2022,BT02,BT01,2,08:09:38,08:59:18,00:49:40,49.67
7064,1719,1/19/2022,BT01,BT02,1,08:12:54,08:59:03,00:46:09,46.15
7065,1377,1/19/2022,BT01,BT02,1,08:21:37,09:14:38,00:53:01,53.02
7066,1410,1/19/2022,BT02,BT01,2,08:40:22,09:31:45,00:51:23,51.38
7067,264,1/19/2022,BT01,BT02,1,08:45:16,09:35:56,00:50:40,50.67
7068,505,1/19/2022,BT02,BT01,2,08:50:35,09:43:01,00:52:26,52.43
7069,274,1/19/2022,BT02,BT01,2,09:10:55,10:01:00,00:50:05,50.08
7070,1143,1/19/2022,BT01,BT02,1,09:11:17,09:58:36,00:47:19,47.32
7071,279,1/19/2022,BT02,BT01,2,09:20:40,10:12:01,00:51:21,51.35
7072,123,1/19/2022,BT01,BT02,1,09:31:21,10:25:19,00:53:58,53.97
7073,121,1/19/2022,BT02,BT01,2,09:50:45,10:45:26,00:54:41,54.68
7074,116,1/19/2022,BT02,BT01,2,09:59:29,10:49:07,00:49:38,49.63
7075,1410,1/19/2022,BT01,BT02,1,10:00:45,10:51:41,00:50:56,50.93
7076,1719,1/19/2022,BT02,BT01,2,10:08:08,10:59:38,00:51:30,51.5
7077,1377,1/19/2022,BT02,BT01,2,10:19:39,11:13:28,00:53:49,53.82
7078,505,1/19/2022,BT01,BT02,1,10:19:59,11:09:26,00:49:27,49.45
7079,274,1/19/2022,BT01,BT02,1,10:30:41,11:19:59,00:49:18,49.3
7080,1718,1/19/2022,BT02,BT01,2,10:31:11,11:21:52,00:50:41,50.68
7081,279,1/19/2022,BT01,BT02,1,10:41:20,11:34:13,00:52:53,52.88
7082,264,1/19/2022,BT02,BT01,2,10:58:50,11:51:22,00:52:32,52.53
7083,121,1/19/2022,BT01,BT02,1,11:01:19,11:55:39,00:54:20,54.33
7084,116,1/19/2022,BT01,BT02,1,11:11:52,12:07:37,00:55:45,55.75
7085,1143,1/19/2022,BT02,BT01,2,11:21:05,12:20:21,00:59:16,59.27
7086,1719,1/19/2022,BT01,BT02,1,11:21:26,12:17:34,00:56:08,56.13
7087,1377,1/19/2022,BT01,BT02,1,11:31:43,12:29:44,00:58:01,58.02
7088,1718,1/19/2022,BT01,BT02,1,11:40:55,12:36:01,00:55:06,55.1
7089,123,1/19/2022,BT02,BT01,2,11:41:25,12:36:52,00:55:27,55.45
7090,1410,1/19/2022,BT02,BT01,2,12:09:49,13:09:38,00:59:49,59.82
7091,264,1/19/2022,BT01,BT02,1,12:09:56,13:15:08,01:05:12,65.2
7092,505,1/19/2022,BT02,BT01,2,12:30:43,13:27:29,00:56:46,56.77
7093,274,1/19/2022,BT02,BT01,2,12:40:07,13:37:37,00:57:30,57.5
7094,1143,1/19/2022,BT01,BT02,1,12:40:48,13:45:03,01:04:15,64.25
7095,279,1/19/2022,BT02,BT01,2,12:49:25,13:48:50,00:59:25,59.42
7096,123,1/19/2022,BT01,BT02,1,13:00:38,14:01:02,01:00:24,60.4
7097,121,1/19/2022,BT02,BT01,2,13:21:15,14:18:49,00:57:34,57.57
7098,116,1/19/2022,BT02,BT01,2,13:30:09,14:31:56,01:01:47,61.78
7099,1410,1/19/2022,BT01,BT02,1,13:30:46,14:35:29,01:04:43,64.72
7100,1719,1/19/2022,BT02,BT01,2,13:40:43,14:40:01,00:59:18,59.3
7101,1377,1/19/2022,BT02,BT01,2,13:50:23,14:44:37,00:54:14,54.23
7102,505,1/19/2022,BT01,BT02,1,13:51:02,14:48:08,00:57:06,57.1
7103,1718,1/19/2022,BT02,BT01,2,14:00:30,14:50:35,00:50:05,50.08
7104,274,1/19/2022,BT01,BT02,1,14:01:19,14:57:23,00:56:04,56.07
7105,264,1/19/2022,BT02,BT01,2,14:10:18,15:06:25,00:56:07,56.12
7106,279,1/19/2022,BT01,BT02,1,14:10:59,15:06:14,00:55:15,55.25
7107,128,1/19/2022,BT02,BT01,2,14:20:46,15:14:43,00:53:57,53.95
7108,1143,1/19/2022,BT02,BT01,2,14:31:15,15:20:20,00:49:05,49.08
7109,121,1/19/2022,BT01,BT02,1,14:41:17,15:34:53,00:53:36,53.6
7110,123,1/19/2022,BT02,BT01,2,14:50:27,15:48:46,00:58:19,58.32
7111,116,1/19/2022,BT01,BT02,1,14:51:41,15:43:44,00:52:03,52.05
7112,1719,1/19/2022,BT01,BT02,1,15:01:02,15:52:06,00:51:04,51.07
7113,1377,1/19/2022,BT01,BT02,1,15:11:46,16:00:56,00:49:10,49.17
7114,1410,1/19/2022,BT02,BT01,2,15:20:29,16:08:23,00:47:54,47.9
7115,1718,1/19/2022,BT01,BT02,1,15:21:00,16:18:18,00:57:18,57.3
7116,264,1/19/2022,BT01,BT02,1,15:31:12,16:28:58,00:57:46,57.77
7117,505,1/19/2022,BT02,BT01,2,15:40:33,16:30:45,00:50:12,50.2
7118,128,1/19/2022,BT01,BT02,1,15:40:54,16:31:39,00:50:45,50.75
7119,279,1/19/2022,BT02,BT01,2,15:51:39,16:40:25,00:48:46,48.77
7120,1143,1/19/2022,BT01,BT02,1,15:52:46,16:50:30,00:57:44,57.73
7121,123,1/19/2022,BT01,BT02,1,16:09:48,17:03:12,00:53:24,53.4
7122,121,1/19/2022,BT02,BT01,2,16:20:51,17:18:17,00:57:26,57.43
7123,116,1/19/2022,BT02,BT01,2,16:29:27,17:22:50,00:53:23,53.38
7124,1410,1/19/2022,BT01,BT02,1,16:29:45,17:23:33,00:53:48,53.8
7125,1719,1/19/2022,BT02,BT01,2,16:41:09,17:34:49,00:53:40,53.67
7126,505,1/19/2022,BT01,BT02,1,16:50:27,17:40:45,00:50:18,50.3
7127,1377,1/19/2022,BT02,BT01,2,16:57:56,17:55:22,00:57:26,57.43
7128,279,1/19/2022,BT01,BT02,1,17:01:01,17:49:17,00:48:16,48.27
7129,1718,1/19/2022,BT02,BT01,2,17:10:06,18:01:20,00:51:14,51.23
7130,128,1/19/2022,BT02,BT01,2,17:21:53,18:17:43,00:55:50,55.83
7131,1143,1/19/2022,BT02,BT01,2,17:31:47,18:23:31,00:51:44,51.73
7132,121,1/19/2022,BT01,BT02,1,17:40:50,18:25:44,00:44:54,44.9
7133,116,1/19/2022,BT01,BT02,1,17:51:31,18:40:17,00:48:46,48.77
7134,1719,1/19/2022,BT01,BT02,1,18:04:28,18:43:17,00:38:49,38.82
7135,1377,1/19/2022,BT01,BT02,1,18:21:18,19:09:56,00:48:38,48.63
7136,1718,1/19/2022,BT01,BT02,1,18:40:12,19:26:25,00:46:13,46.22
7137,128,1/19/2022,BT01,BT02,1,18:57:25,19:44:09,00:46:44,46.73
7138,1143,1/19/2022,BT01,BT02,1,19:20:09,20:06:41,00:46:32,46.53
7139,123,1/19/2022,BT01,BT02,1,20:46:18,21:23:03,00:36:45,36.75
7140,505,1/20/2022,BT02,BT01,2,05:30:55,06:02:12,00:31:17,31.28
7141,279,1/20/2022,BT02,BT01,2,05:59:43,06:57:22,00:57:39,57.65
7142,1410,1/20/2022,BT01,BT02,1,06:09:44,06:55:47,00:46:03,46.05
7143,1719,1/20/2022,BT02,BT01,2,06:17:13,07:17:22,01:00:09,60.15
7144,1408,1/20/2022,BT01,BT02,1,06:20:53,07:18:38,00:57:45,57.75
7145,1377,1/20/2022,BT02,BT01,2,06:40:19,07:36:25,00:56:06,56.1
7146,250,1/20/2022,BT02,BT01,2,06:59:58,07:51:11,00:51:13,51.22
7147,505,1/20/2022,BT01,BT02,1,07:01:02,07:58:06,00:57:04,57.07
7148,279,1/20/2022,BT01,BT02,1,07:22:30,08:11:13,00:48:43,48.72
7149,128,1/20/2022,BT02,BT01,2,07:26:41,08:17:35,00:50:54,50.9
7150,1719,1/20/2022,BT01,BT02,1,07:33:27,08:26:08,00:52:41,52.68
7151,1409,1/20/2022,BT02,BT01,2,07:49:17,08:40:25,00:51:08,51.13
7152,1377,1/20/2022,BT01,BT02,1,07:53:49,08:41:27,00:47:38,47.63
7153,1143,1/20/2022,BT02,BT01,2,08:00:07,08:43:33,00:43:26,43.43
7154,250,1/20/2022,BT01,BT02,1,08:13:54,09:01:13,00:47:19,47.32
7155,123,1/20/2022,BT02,BT01,2,08:38:22,09:30:41,00:52:19,52.32
7156,128,1/20/2022,BT01,BT02,1,08:45:01,09:31:47,00:46:46,46.77
7157,1410,1/20/2022,BT02,BT01,2,08:50:30,09:43:52,00:53:22,53.37
7158,1408,1/20/2022,BT02,BT01,2,08:59:53,09:47:03,00:47:10,47.17
7159,1409,1/20/2022,BT01,BT02,1,09:00:58,09:54:31,00:53:33,53.55
7160,1143,1/20/2022,BT01,BT02,1,09:11:25,10:03:07,00:51:42,51.7
7161,264,1/20/2022,BT02,BT01,2,09:40:13,10:32:18,00:52:05,52.08
7162,505,1/20/2022,BT02,BT01,2,09:51:27,10:44:14,00:52:47,52.78
7163,123,1/20/2022,BT01,BT02,1,10:01:37,10:50:34,00:48:57,48.95
7164,279,1/20/2022,BT02,BT01,2,10:11:37,11:00:13,00:48:36,48.6
7165,1408,1/20/2022,BT01,BT02,1,10:21:29,11:13:52,00:52:23,52.38
7166,1377,1/20/2022,BT02,BT01,2,10:30:46,11:20:29,00:49:43,49.72
7167,250,1/20/2022,BT02,BT01,2,10:50:03,11:36:55,00:46:52,46.87
7168,264,1/20/2022,BT01,BT02,1,11:00:34,11:54:02,00:53:28,53.47
7169,505,1/20/2022,BT01,BT02,1,11:11:01,12:04:55,00:53:54,53.9
7170,128,1/20/2022,BT02,BT01,2,11:30:49,12:24:59,00:54:10,54.17
7171,279,1/20/2022,BT01,BT02,1,11:31:40,12:28:48,00:57:08,57.13
7172,1409,1/20/2022,BT02,BT01,2,11:50:57,12:49:00,00:58:03,58.05
7173,1377,1/20/2022,BT01,BT02,1,11:51:41,12:45:44,00:54:03,54.05
7174,1143,1/20/2022,BT02,BT01,2,11:59:53,12:50:26,00:50:33,50.55
7175,250,1/20/2022,BT01,BT02,1,12:11:16,13:02:06,00:50:50,50.83
7176,123,1/20/2022,BT02,BT01,2,12:31:28,13:27:33,00:56:05,56.08
7177,1408,1/20/2022,BT02,BT01,2,12:40:36,13:40:10,00:59:34,59.57
7178,128,1/20/2022,BT01,BT02,1,12:41:02,13:32:43,00:51:41,51.68
7179,1409,1/20/2022,BT01,BT02,1,13:00:35,13:55:47,00:55:12,55.2
7180,1143,1/20/2022,BT01,BT02,1,13:11:28,14:08:49,00:57:21,57.35
7181,264,1/20/2022,BT02,BT01,2,13:40:36,14:38:41,00:58:05,58.08
7182,123,1/20/2022,BT01,BT02,1,13:42:03,14:39:38,00:57:35,57.58
7183,505,1/20/2022,BT02,BT01,2,13:50:14,14:43:43,00:53:29,53.48
7184,1408,1/20/2022,BT01,BT02,1,13:52:14,14:49:46,00:57:32,57.53
7185,279,1/20/2022,BT02,BT01,2,14:11:34,15:03:23,00:51:49,51.82
7186,1377,1/20/2022,BT02,BT01,2,14:30:24,15:22:21,00:51:57,51.95
7187,264,1/20/2022,BT01,BT02,1,14:49:53,15:36:07,00:46:14,46.23
7188,250,1/20/2022,BT02,BT01,2,14:50:47,15:43:17,00:52:30,52.5
7189,505,1/20/2022,BT01,BT02,1,15:00:38,15:44:58,00:44:20,44.33
7190,279,1/20/2022,BT01,BT02,1,15:20:57,16:16:54,00:55:57,55.95
7191,128,1/20/2022,BT02,BT01,2,15:21:17,16:11:49,00:50:32,50.53
7192,1377,1/20/2022,BT01,BT02,1,15:41:08,16:38:07,00:56:59,56.98
7193,1409,1/20/2022,BT02,BT01,2,15:49:59,16:43:11,00:53:12,53.2
7194,123,1/20/2022,BT02,BT01,2,16:00:04,16:49:05,00:49:01,49.02
7195,250,1/20/2022,BT01,BT02,1,16:01:03,16:58:50,00:57:47,57.78
7196,1143,1/20/2022,BT02,BT01,2,16:10:42,16:59:28,00:48:46,48.77
7197,128,1/20/2022,BT01,BT02,1,16:31:06,17:26:20,00:55:14,55.23
7198,1408,1/20/2022,BT02,BT01,2,16:50:35,17:48:14,00:57:39,57.65
7199,1409,1/20/2022,BT01,BT02,1,16:59:35,17:50:24,00:50:49,50.82
7200,123,1/20/2022,BT01,BT02,1,17:10:13,17:55:53,00:45:40,45.67
7201,264,1/20/2022,BT02,BT01,2,17:19:49,18:12:32,00:52:43,52.72
7202,1143,1/20/2022,BT01,BT02,1,17:21:08,18:13:57,00:52:49,52.82
7203,505,1/20/2022,BT02,BT01,2,17:30:26,18:23:46,00:53:20,53.33
7204,279,1/20/2022,BT02,BT01,2,17:51:26,18:48:55,00:57:29,57.48
7205,1377,1/20/2022,BT02,BT01,2,18:02:12,18:55:01,00:52:49,52.82
7206,1408,1/20/2022,BT01,BT02,1,18:09:58,19:00:13,00:50:15,50.25
7207,264,1/20/2022,BT01,BT02,1,18:35:28,19:19:11,00:43:43,43.72
7208,505,1/20/2022,BT01,BT02,1,18:52:37,19:35:52,00:43:15,43.25
7209,279,1/20/2022,BT01,BT02,1,19:26:55,20:07:43,00:40:48,40.8
7210,123,1/20/2022,BT01,BT02,1,20:03:29,20:36:39,00:33:10,33.17
7211,1377,1/20/2022,BT01,BT02,1,20:10:32,20:49:03,00:38:31,38.52
7212,1408,1/21/2022,BT02,BT01,2,04:56:18,05:45:17,00:48:59,48.98
7213,505,1/21/2022,BT02,BT01,2,05:24:52,06:02:07,00:37:15,37.25
7214,264,1/21/2022,BT02,BT01,2,05:41:02,06:17:53,00:36:51,36.85
7215,116,1/21/2022,BT02,BT01,2,06:10:28,07:08:57,00:58:29,58.48
7216,262,1/21/2022,BT01,BT02,1,06:11:10,07:01:19,00:50:09,50.15
7217,1408,1/21/2022,BT01,BT02,1,06:19:54,07:15:47,00:55:53,55.88
7218,1719,1/21/2022,BT02,BT01,2,06:21:04,07:19:10,00:58:06,58.1
7219,1377,1/21/2022,BT02,BT01,2,06:40:03,07:35:55,00:55:52,55.87
7220,1410,1/21/2022,BT01,BT02,1,06:53:27,07:43:44,00:50:17,50.28
7221,505,1/21/2022,BT01,BT02,1,07:00:03,07:51:39,00:51:36,51.6
7222,250,1/21/2022,BT02,BT01,2,07:00:45,07:51:23,00:50:38,50.63
7223,264,1/21/2022,BT01,BT02,1,07:13:06,08:05:32,00:52:26,52.43
7224,116,1/21/2022,BT01,BT02,1,07:33:31,08:22:21,00:48:50,48.83
7225,1719,1/21/2022,BT01,BT02,1,07:41:53,08:30:59,00:49:06,49.1
7226,128,1/21/2022,BT02,BT01,2,07:49:52,08:37:56,00:48:04,48.07
7227,1409,1/21/2022,BT02,BT01,2,08:00:50,08:49:37,00:48:47,48.78
7228,1377,1/21/2022,BT01,BT02,1,08:01:25,08:52:22,00:50:57,50.95
7229,1358,1/21/2022,BT02,BT01,2,08:11:05,09:00:16,00:49:11,49.18
7230,1718,1/21/2022,BT02,BT01,2,08:19:45,09:07:31,00:47:46,47.77
7231,250,1/21/2022,BT01,BT02,1,08:21:44,09:14:35,00:52:51,52.85
7232,121,1/21/2022,BT02,BT01,2,09:00:52,09:56:18,00:55:26,55.43
7233,128,1/21/2022,BT01,BT02,1,09:11:11,10:03:13,00:52:02,52.03
7234,1408,1/21/2022,BT02,BT01,2,09:11:15,09:59:34,00:48:19,48.32
7235,262,1/21/2022,BT02,BT01,2,09:20:09,10:11:08,00:50:59,50.98
7236,1409,1/21/2022,BT01,BT02,1,09:20:38,10:17:13,00:56:35,56.58
7237,1358,1/21/2022,BT01,BT02,1,09:31:00,10:23:02,00:52:02,52.03
7238,1718,1/21/2022,BT01,BT02,1,09:38:53,10:34:17,00:55:24,55.4
7239,1410,1/21/2022,BT02,BT01,2,09:50:56,10:43:04,00:52:08,52.13
7240,505,1/21/2022,BT02,BT01,2,10:00:57,10:58:00,00:57:03,57.05
7241,264,1/21/2022,BT02,BT01,2,10:10:34,11:10:35,01:00:01,60.02
7242,121,1/21/2022,BT01,BT02,1,10:21:23,11:19:27,00:58:04,58.07
7243,116,1/21/2022,BT02,BT01,2,10:30:26,11:26:33,00:56:07,56.12
7244,1408,1/21/2022,BT01,BT02,1,10:32:01,11:33:58,01:01:57,61.95
7245,262,1/21/2022,BT01,BT02,1,10:41:00,11:36:15,00:55:15,55.25
7246,1719,1/21/2022,BT02,BT01,2,10:41:11,11:35:32,00:54:21,54.35
7247,1377,1/21/2022,BT02,BT01,2,10:58:19,11:50:31,00:52:12,52.2
7248,1410,1/21/2022,BT01,BT02,1,11:10:43,12:03:49,00:53:06,53.1
7249,250,1/21/2022,BT02,BT01,2,11:19:51,12:09:09,00:49:18,49.3
7250,505,1/21/2022,BT01,BT02,1,11:20:56,12:15:05,00:54:09,54.15
7251,264,1/21/2022,BT01,BT02,1,11:29:35,12:27:49,00:58:14,58.23
7252,275,1/21/2022,BT01,BT02,1,11:33:57,12:30:15,00:56:18,56.3
7253,116,1/21/2022,BT01,BT02,1,11:51:18,12:45:53,00:54:35,54.58
7254,1719,1/21/2022,BT01,BT02,1,12:02:01,12:59:05,00:57:04,57.07
7255,128,1/21/2022,BT02,BT01,2,12:11:06,13:13:42,01:02:36,62.6
7256,1409,1/21/2022,BT02,BT01,2,12:17:28,13:21:05,01:03:37,63.62
7257,1377,1/21/2022,BT01,BT02,1,12:21:54,13:21:17,00:59:23,59.38
7258,1358,1/21/2022,BT02,BT01,2,12:30:16,13:32:58,01:02:42,62.7
7259,1718,1/21/2022,BT02,BT01,2,12:40:40,13:42:02,01:01:22,61.37
7260,250,1/21/2022,BT01,BT02,1,13:00:15,14:01:19,01:01:04,61.07
7261,121,1/21/2022,BT02,BT01,2,13:11:00,14:10:16,00:59:16,59.27
7262,262,1/21/2022,BT02,BT01,2,13:21:00,14:15:54,00:54:54,54.9
7263,1408,1/21/2022,BT02,BT01,2,13:30:25,14:23:22,00:52:57,52.95
7264,128,1/21/2022,BT01,BT02,1,13:30:55,14:23:47,00:52:52,52.87
7265,1409,1/21/2022,BT01,BT02,1,13:42:54,14:43:54,01:01:00,61
7266,294,1/21/2022,BT01,BT02,1,13:47:15,15:03:32,01:16:17,76.28
7267,1358,1/21/2022,BT01,BT02,1,13:50:51,14:45:27,00:54:36,54.6
7268,1718,1/21/2022,BT01,BT02,1,13:59:15,14:54:13,00:54:58,54.97
7269,1410,1/21/2022,BT02,BT01,2,13:59:53,14:48:02,00:48:09,48.15
7270,505,1/21/2022,BT02,BT01,2,14:11:02,15:02:42,00:51:40,51.67
7271,264,1/21/2022,BT02,BT01,2,14:20:47,15:13:31,00:52:44,52.73
7272,116,1/21/2022,BT02,BT01,2,14:38:18,15:30:36,00:52:18,52.3
7273,121,1/21/2022,BT01,BT02,1,14:40:37,15:34:13,00:53:36,53.6
7274,1719,1/21/2022,BT02,BT01,2,14:50:46,15:43:41,00:52:55,52.92
7275,262,1/21/2022,BT01,BT02,1,14:51:05,15:41:49,00:50:44,50.73
7276,1408,1/21/2022,BT01,BT02,1,15:00:23,15:50:36,00:50:13,50.22
7277,1377,1/21/2022,BT02,BT01,2,15:10:33,16:02:40,00:52:07,52.12
7278,294,1/21/2022,BT02,BT01,2,15:23:47,16:37:47,01:14:00,74
7279,1410,1/21/2022,BT01,BT02,1,15:30:49,16:21:09,00:50:20,50.33
7280,250,1/21/2022,BT02,BT01,2,15:30:51,16:22:49,00:51:58,51.97
7281,505,1/21/2022,BT01,BT02,1,15:38:04,16:32:30,00:54:26,54.43
7282,264,1/21/2022,BT01,BT02,1,15:50:27,16:57:06,01:06:39,66.65
7283,128,1/21/2022,BT02,BT01,2,16:00:49,16:57:34,00:56:45,56.75
7284,1409,1/21/2022,BT02,BT01,2,16:10:44,17:05:49,00:55:05,55.08
7285,116,1/21/2022,BT01,BT02,1,16:11:27,17:09:59,00:58:32,58.53
7286,1358,1/21/2022,BT02,BT01,2,16:19:33,17:09:34,00:50:01,50.02
7287,1719,1/21/2022,BT01,BT02,1,16:20:06,17:21:16,01:01:10,61.17
7288,1718,1/21/2022,BT02,BT01,2,16:28:36,17:20:14,00:51:38,51.63
7289,1377,1/21/2022,BT01,BT02,1,16:41:35,17:41:21,00:59:46,59.77
7290,250,1/21/2022,BT01,BT02,1,16:57:54,17:51:30,00:53:36,53.6
7291,121,1/21/2022,BT02,BT01,2,17:11:01,18:09:39,00:58:38,58.63
7292,262,1/21/2022,BT02,BT01,2,17:21:09,18:22:36,01:01:27,61.45
7293,128,1/21/2022,BT01,BT02,1,17:30:23,18:21:23,00:51:00,51
7294,1408,1/21/2022,BT02,BT01,2,17:30:45,18:30:07,00:59:22,59.37
7295,1409,1/21/2022,BT01,BT02,1,17:41:08,18:36:20,00:55:12,55.2
7296,294,1/21/2022,BT01,BT02,1,17:46:13,18:19:52,00:33:39,33.65
7297,1358,1/21/2022,BT01,BT02,1,17:51:38,18:44:10,00:52:32,52.53
7298,1410,1/21/2022,BT02,BT01,2,17:58:00,18:48:29,00:50:29,50.48
7299,1718,1/21/2022,BT01,BT02,1,18:01:10,18:52:15,00:51:05,51.08
7300,1719,1/21/2022,BT02,BT01,2,18:13:52,19:09:56,00:56:04,56.07
7301,1377,1/21/2022,BT02,BT01,2,18:28:43,19:21:14,00:52:31,52.52
7302,294,1/21/2022,BT02,BT01,2,18:52:28,19:57:46,01:05:18,65.3
7303,121,1/21/2022,BT01,BT02,1,19:05:20,19:55:07,00:49:47,49.78
7304,1408,1/21/2022,BT01,BT02,1,19:24:45,20:10:54,00:46:09,46.15
7305,1377,1/21/2022,BT01,BT02,1,20:50:34,21:37:15,00:46:41,46.68
7306,1718,1/21/2022,BT01,BT02,1,21:33:29,22:20:40,00:47:11,47.18
7307,128,1/21/2022,BT01,BT02,1,22:03:27,22:37:27,00:34:00,34
7308,1408,1/22/2022,BT02,BT01,2,05:07:30,05:48:05,00:40:35,40.58
7309,274,1/22/2022,BT02,BT01,2,05:29:59,06:03:11,00:33:12,33.2
7310,121,1/22/2022,BT02,BT01,2,06:10:23,06:54:34,00:44:11,44.18
7311,279,1/22/2022,BT02,BT01,2,06:20:52,07:11:48,00:50:56,50.93
7312,116,1/22/2022,BT02,BT01,2,06:30:44,07:18:13,00:47:29,47.48
7313,1410,1/22/2022,BT01,BT02,1,06:32:51,07:22:27,00:49:36,49.6
7314,1719,1/22/2022,BT02,BT01,2,06:39:37,07:28:46,00:49:09,49.15
7315,262,1/22/2022,BT01,BT02,1,06:42:15,07:25:32,00:43:17,43.28
7316,1408,1/22/2022,BT01,BT02,1,06:57:44,07:49:47,00:52:03,52.05
7317,1377,1/22/2022,BT02,BT01,2,07:00:21,07:49:09,00:48:48,48.8
7318,274,1/22/2022,BT01,BT02,1,07:00:49,07:42:35,00:41:46,41.77
7319,121,1/22/2022,BT01,BT02,1,07:24:02,08:07:54,00:43:52,43.87
7320,279,1/22/2022,BT01,BT02,1,07:32:00,08:27:37,00:55:37,55.62
7321,116,1/22/2022,BT01,BT02,1,07:42:33,08:36:42,00:54:09,54.15
7322,123,1/22/2022,BT02,BT01,2,07:50:01,08:38:30,00:48:29,48.48
7323,1719,1/22/2022,BT01,BT02,1,07:53:31,08:46:19,00:52:48,52.8
7324,1409,1/22/2022,BT02,BT01,2,08:10:42,09:04:06,00:53:24,53.4
7325,1377,1/22/2022,BT01,BT02,1,08:12:51,09:04:27,00:51:36,51.6
7326,1358,1/22/2022,BT02,BT01,2,08:20:37,09:13:34,00:52:57,52.95
7327,1143,1/22/2022,BT02,BT01,2,08:30:35,09:21:00,00:50:25,50.42
7328,1718,1/22/2022,BT02,BT01,2,08:38:37,09:36:15,00:57:38,57.63
7329,123,1/22/2022,BT01,BT02,1,08:52:51,09:46:19,00:53:28,53.47
7330,1409,1/22/2022,BT01,BT02,1,09:22:08,10:14:52,00:52:44,52.73
7331,1410,1/22/2022,BT02,BT01,2,09:30:58,10:21:56,00:50:58,50.97
7332,1358,1/22/2022,BT01,BT02,1,09:31:16,10:22:41,00:51:25,51.42
7333,262,1/22/2022,BT02,BT01,2,09:40:25,10:32:31,00:52:06,52.1
7334,1143,1/22/2022,BT01,BT02,1,09:41:02,10:35:59,00:54:57,54.95
7335,274,1/22/2022,BT02,BT01,2,09:50:53,10:55:41,01:04:48,64.8
7336,1718,1/22/2022,BT01,BT02,1,09:51:20,10:45:11,00:53:51,53.85
7337,1408,1/22/2022,BT02,BT01,2,10:00:40,10:59:03,00:58:23,58.38
7338,121,1/22/2022,BT02,BT01,2,10:18:47,11:21:12,01:02:25,62.42
7339,279,1/22/2022,BT02,BT01,2,10:30:45,11:27:02,00:56:17,56.28
7340,116,1/22/2022,BT02,BT01,2,10:41:07,11:35:34,00:54:27,54.45
7341,1410,1/22/2022,BT01,BT02,1,10:41:19,11:43:19,01:02:00,62
7342,1719,1/22/2022,BT02,BT01,2,10:50:40,11:48:12,00:57:32,57.53
7343,262,1/22/2022,BT01,BT02,1,10:50:50,11:48:12,00:57:22,57.37
7344,274,1/22/2022,BT01,BT02,1,11:00:57,11:51:18,00:50:21,50.35
7345,1377,1/22/2022,BT02,BT01,2,11:11:16,12:02:18,00:51:02,51.03
7346,1408,1/22/2022,BT01,BT02,1,11:13:38,12:08:51,00:55:13,55.22
7347,121,1/22/2022,BT01,BT02,1,11:40:34,12:41:05,01:00:31,60.52
7348,279,1/22/2022,BT01,BT02,1,11:48:40,12:46:03,00:57:23,57.38
7349,123,1/22/2022,BT02,BT01,2,11:50:50,12:53:39,01:02:49,62.82
7350,116,1/22/2022,BT01,BT02,1,12:01:12,12:57:29,00:56:17,56.28
7351,1409,1/22/2022,BT02,BT01,2,12:10:48,13:10:40,00:59:52,59.87
7352,1719,1/22/2022,BT01,BT02,1,12:12:18,13:04:39,00:52:21,52.35
7353,1358,1/22/2022,BT02,BT01,2,12:21:01,13:17:02,00:56:01,56.02
7354,1718,1/22/2022,BT02,BT01,2,12:30:37,13:22:48,00:52:11,52.18
7355,1377,1/22/2022,BT01,BT02,1,12:33:08,13:28:52,00:55:44,55.73
7356,123,1/22/2022,BT01,BT02,1,13:12:23,14:04:15,00:51:52,51.87
7357,1410,1/22/2022,BT02,BT01,2,13:20:23,14:16:59,00:56:36,56.6
7358,262,1/22/2022,BT02,BT01,2,13:30:26,14:22:43,00:52:17,52.28
7359,1409,1/22/2022,BT01,BT02,1,13:31:05,14:21:26,00:50:21,50.35
7360,1358,1/22/2022,BT01,BT02,1,13:40:08,14:27:49,00:47:41,47.68
7361,274,1/22/2022,BT02,BT01,2,13:41:19,14:34:46,00:53:27,53.45
7362,1408,1/22/2022,BT02,BT01,2,13:50:26,14:42:58,00:52:32,52.53
7363,1718,1/22/2022,BT01,BT02,1,13:50:49,14:42:50,00:52:01,52.02
7364,279,1/22/2022,BT02,BT01,2,14:10:29,14:55:17,00:44:48,44.8
7365,116,1/22/2022,BT02,BT01,2,14:20:48,15:15:52,00:55:04,55.07
7366,1719,1/22/2022,BT02,BT01,2,14:30:33,15:40:19,01:09:46,69.77
7367,1410,1/22/2022,BT01,BT02,1,14:41:08,15:31:55,00:50:47,50.78
7368,1377,1/22/2022,BT02,BT01,2,14:50:36,15:55:39,01:05:03,65.05
7369,262,1/22/2022,BT01,BT02,1,14:51:19,15:45:24,00:54:05,54.08
7370,274,1/22/2022,BT01,BT02,1,15:01:07,16:00:55,00:59:48,59.8
7371,1408,1/22/2022,BT01,BT02,1,15:11:10,16:18:30,01:07:20,67.33
7372,123,1/22/2022,BT02,BT01,2,15:30:57,16:24:24,00:53:27,53.45
7373,121,1/22/2022,BT01,BT02,1,15:31:01,16:32:18,01:01:17,61.28
7374,279,1/22/2022,BT01,BT02,1,15:39:59,16:35:57,00:55:58,55.97
7375,1409,1/22/2022,BT02,BT01,2,15:41:17,16:32:52,00:51:35,51.58
7376,1358,1/22/2022,BT02,BT01,2,15:50:21,16:42:01,00:51:40,51.67
7377,116,1/22/2022,BT01,BT02,1,15:51:33,16:35:18,00:43:45,43.75
7378,1718,1/22/2022,BT02,BT01,2,16:00:01,16:51:27,00:51:26,51.43
7379,1719,1/22/2022,BT01,BT02,1,16:01:47,16:57:42,00:55:55,55.92
7380,1377,1/22/2022,BT01,BT02,1,16:21:21,17:09:52,00:48:31,48.52
7381,1410,1/22/2022,BT02,BT01,2,16:50:36,17:50:29,00:59:53,59.88
7382,123,1/22/2022,BT01,BT02,1,16:59:58,18:01:42,01:01:44,61.73
7383,262,1/22/2022,BT02,BT01,2,17:00:33,17:54:09,00:53:36,53.6
7384,274,1/22/2022,BT02,BT01,2,17:10:40,18:03:09,00:52:29,52.48
7385,1409,1/22/2022,BT01,BT02,1,17:19:35,18:20:24,01:00:49,60.82
7386,1408,1/22/2022,BT02,BT01,2,17:20:48,18:16:22,00:55:34,55.57
7387,1358,1/22/2022,BT01,BT02,1,17:31:32,18:22:09,00:50:37,50.62
7388,121,1/22/2022,BT02,BT01,2,17:40:52,18:33:31,00:52:39,52.65
7389,279,1/22/2022,BT02,BT01,2,17:50:41,18:47:24,00:56:43,56.72
7390,1718,1/22/2022,BT01,BT02,1,17:58:48,18:48:02,00:49:14,49.23
7391,1377,1/22/2022,BT02,BT01,2,18:11:40,19:05:34,00:53:54,53.9
7392,274,1/22/2022,BT01,BT02,1,19:09:07,19:53:39,00:44:32,44.53
7393,1408,1/22/2022,BT01,BT02,1,19:25:32,20:11:13,00:45:41,45.68
7394,121,1/22/2022,BT01,BT02,1,20:26:07,21:04:09,00:38:02,38.03
7395,505,1/23/2022,BT02,BT01,2,05:29:36,06:05:11,00:35:35,35.58
7396,274,1/23/2022,BT02,BT01,2,05:40:23,06:18:32,00:38:09,38.15
7397,121,1/23/2022,BT02,BT01,2,05:51:06,06:41:37,00:50:31,50.52
7398,279,1/23/2022,BT02,BT01,2,05:57:49,06:45:34,00:47:45,47.75
7399,116,1/23/2022,BT02,BT01,2,06:13:43,06:53:13,00:39:30,39.5
7400,505,1/23/2022,BT01,BT02,1,06:43:59,07:20:15,00:36:16,36.27
7401,274,1/23/2022,BT01,BT02,1,06:59:20,07:42:14,00:42:54,42.9
7402,121,1/23/2022,BT01,BT02,1,07:20:57,08:15:19,00:54:22,54.37
7403,279,1/23/2022,BT01,BT02,1,07:30:08,08:28:49,00:58:41,58.68
7404,1409,1/23/2022,BT02,BT01,2,07:32:02,08:20:29,00:48:27,48.45
7405,116,1/23/2022,BT01,BT02,1,07:39:58,08:31:28,00:51:30,51.5
7406,1718,1/23/2022,BT02,BT01,2,07:50:37,08:37:53,00:47:16,47.27
7407,128,1/23/2022,BT02,BT01,2,08:29:47,09:13:16,00:43:29,43.48
7408,1143,1/23/2022,BT02,BT01,2,08:41:06,09:28:38,00:47:32,47.53
7409,1409,1/23/2022,BT01,BT02,1,08:51:13,09:42:59,00:51:46,51.77
7410,505,1/23/2022,BT02,BT01,2,09:00:14,09:35:04,00:34:50,34.83
7411,1718,1/23/2022,BT01,BT02,1,09:11:18,10:02:59,00:51:41,51.68
7412,274,1/23/2022,BT02,BT01,2,09:19:59,10:15:42,00:55:43,55.72
7413,121,1/23/2022,BT02,BT01,2,09:41:03,10:33:52,00:52:49,52.82
7414,279,1/23/2022,BT02,BT01,2,09:49:42,10:47:50,00:58:08,58.13
7415,128,1/23/2022,BT01,BT02,1,09:50:59,10:44:22,00:53:23,53.38
7416,116,1/23/2022,BT02,BT01,2,10:01:08,10:54:20,00:53:12,53.2
7417,1143,1/23/2022,BT01,BT02,1,10:01:37,10:51:50,00:50:13,50.22
7418,505,1/23/2022,BT01,BT02,1,10:11:03,11:09:37,00:58:34,58.57
7419,274,1/23/2022,BT01,BT02,1,10:39:48,11:36:44,00:56:56,56.93
7420,121,1/23/2022,BT01,BT02,1,11:01:19,11:56:36,00:55:17,55.28
7421,1409,1/23/2022,BT02,BT01,2,11:11:06,12:08:47,00:57:41,57.68
7422,279,1/23/2022,BT01,BT02,1,11:11:44,12:12:41,01:00:57,60.95
7423,116,1/23/2022,BT01,BT02,1,11:21:09,12:23:37,01:02:28,62.47
7424,1718,1/23/2022,BT02,BT01,2,11:30:50,12:24:35,00:53:45,53.75
7425,128,1/23/2022,BT02,BT01,2,12:08:40,13:01:27,00:52:47,52.78
7426,1143,1/23/2022,BT02,BT01,2,12:20:53,13:20:29,00:59:36,59.6
7427,1409,1/23/2022,BT01,BT02,1,12:29:22,13:24:35,00:55:13,55.22
7428,1718,1/23/2022,BT01,BT02,1,12:49:36,13:45:35,00:55:59,55.98
7429,274,1/23/2022,BT02,BT01,2,12:51:11,13:43:22,00:52:11,52.18
7430,121,1/23/2022,BT02,BT01,2,13:12:03,14:04:31,00:52:28,52.47
7431,279,1/23/2022,BT02,BT01,2,13:21:10,14:12:13,00:51:03,51.05
7432,116,1/23/2022,BT02,BT01,2,13:30:55,14:19:34,00:48:39,48.65
7433,128,1/23/2022,BT01,BT02,1,13:31:17,14:20:25,00:49:08,49.13
7434,1143,1/23/2022,BT01,BT02,1,13:41:25,14:32:13,00:50:48,50.8
7435,274,1/23/2022,BT01,BT02,1,14:21:01,15:12:49,00:51:48,51.8
7436,1409,1/23/2022,BT02,BT01,2,14:42:48,15:33:24,00:50:36,50.6
7437,1718,1/23/2022,BT02,BT01,2,14:57:26,15:50:07,00:52:41,52.68
7438,121,1/23/2022,BT01,BT02,1,14:58:54,15:57:05,00:58:11,58.18
7439,279,1/23/2022,BT01,BT02,1,15:20:09,16:15:20,00:55:11,55.18
7440,128,1/23/2022,BT02,BT01,2,15:36:32,16:36:52,01:00:20,60.33
7441,1143,1/23/2022,BT02,BT01,2,15:51:01,16:41:49,00:50:48,50.8
7442,279,1/23/2022,BT02,BT01,2,16:46:52,17:51:25,01:04:33,64.55
7443,116,1/23/2022,BT01,BT02,1,17:10:27,17:55:58,00:45:31,45.52
7444,1409,1/23/2022,BT01,BT02,1,17:28:45,18:13:54,00:45:09,45.15
7445,1718,1/23/2022,BT01,BT02,1,18:04:26,18:48:51,00:44:25,44.42
7446,116,1/23/2022,BT02,BT01,2,18:07:10,18:51:10,00:44:00,44
7447,128,1/23/2022,BT01,BT02,1,19:15:57,20:01:46,00:45:49,45.82
7448,1143,1/23/2022,BT01,BT02,1,19:40:14,20:18:07,00:37:53,37.88
7449,279,1/23/2022,BT01,BT02,1,20:07:55,20:47:11,00:39:16,39.27
7450,116,1/23/2022,BT01,BT02,1,20:44:45,21:18:44,00:33:59,33.98
7451,275,1/24/2022,BT02,BT01,2,05:02:18,05:40:55,00:38:37,38.62
7452,505,1/24/2022,BT02,BT01,2,05:25:50,06:01:04,00:35:14,35.23
7453,279,1/24/2022,BT02,BT01,2,05:50:49,06:46:35,00:55:46,55.77
7454,121,1/24/2022,BT02,BT01,2,05:59:53,07:14:25,01:14:32,74.53
7455,262,1/24/2022,BT01,BT02,1,06:20:49,07:21:17,01:00:28,60.47
7456,275,1/24/2022,BT01,BT02,1,06:35:12,07:40:11,01:04:59,64.98
7457,1410,1/24/2022,BT01,BT02,1,06:40:52,07:45:17,01:04:25,64.42
7458,505,1/24/2022,BT01,BT02,1,06:53:17,07:57:54,01:04:37,64.62
7459,264,1/24/2022,BT02,BT01,2,06:59:41,08:14:31,01:14:50,74.83
7460,123,1/24/2022,BT02,BT01,2,07:09:05,08:16:39,01:07:34,67.57
7461,279,1/24/2022,BT01,BT02,1,07:15:23,08:20:31,01:05:08,65.13
7462,121,1/24/2022,BT01,BT02,1,07:27:20,08:31:48,01:04:28,64.47
7463,128,1/24/2022,BT02,BT01,2,07:27:38,08:27:56,01:00:18,60.3
7464,1358,1/24/2022,BT02,BT01,2,07:40:40,08:37:21,00:56:41,56.68
7465,116,1/24/2022,BT01,BT02,1,07:42:56,08:30:26,00:47:30,47.5
7466,1143,1/24/2022,BT02,BT01,2,07:51:33,08:47:57,00:56:24,56.4
7467,1719,1/24/2022,BT01,BT02,1,07:59:00,08:44:11,00:45:11,45.18
7468,1377,1/24/2022,BT01,BT02,1,08:13:44,08:56:50,00:43:06,43.1
7469,275,1/24/2022,BT02,BT01,2,08:15:59,09:03:44,00:47:45,47.75
7470,264,1/24/2022,BT01,BT02,1,08:45:01,09:36:54,00:51:53,51.88
7471,262,1/24/2022,BT02,BT01,2,08:50:42,09:41:33,00:50:51,50.85
7472,123,1/24/2022,BT01,BT02,1,08:54:12,09:43:35,00:49:23,49.38
7473,128,1/24/2022,BT01,BT02,1,09:01:24,09:51:02,00:49:38,49.63
7474,1410,1/24/2022,BT02,BT01,2,09:11:01,10:01:40,00:50:39,50.65
7475,1358,1/24/2022,BT01,BT02,1,09:11:15,10:02:21,00:51:06,51.1
7476,1143,1/24/2022,BT01,BT02,1,09:21:49,10:14:03,00:52:14,52.23
7477,505,1/24/2022,BT02,BT01,2,09:30:05,10:18:26,00:48:21,48.35
7478,121,1/24/2022,BT02,BT01,2,09:41:15,10:31:49,00:50:34,50.57
7479,279,1/24/2022,BT02,BT01,2,09:48:42,10:49:33,01:00:51,60.85
7480,116,1/24/2022,BT02,BT01,2,10:00:44,10:52:27,00:51:43,51.72
7481,1719,1/24/2022,BT02,BT01,2,10:10:53,11:01:14,00:50:21,50.35
7482,262,1/24/2022,BT01,BT02,1,10:20:13,11:10:57,00:50:44,50.73
7483,1377,1/24/2022,BT02,BT01,2,10:21:21,11:16:22,00:55:01,55.02
7484,275,1/24/2022,BT01,BT02,1,10:36:07,11:35:18,00:59:11,59.18
7485,1410,1/24/2022,BT01,BT02,1,10:41:14,11:32:33,00:51:19,51.32
7486,264,1/24/2022,BT02,BT01,2,10:50:34,11:40:09,00:49:35,49.58
7487,123,1/24/2022,BT02,BT01,2,11:00:14,11:50:41,00:50:27,50.45
7488,505,1/24/2022,BT01,BT02,1,11:01:14,11:54:55,00:53:41,53.68
7489,121,1/24/2022,BT01,BT02,1,11:11:48,11:56:02,00:44:14,44.23
7490,128,1/24/2022,BT02,BT01,2,11:14:35,12:02:21,00:47:46,47.77
7491,279,1/24/2022,BT01,BT02,1,11:21:02,12:13:43,00:52:41,52.68
7492,1358,1/24/2022,BT02,BT01,2,11:26:58,12:19:34,00:52:36,52.6
7493,116,1/24/2022,BT01,BT02,1,11:31:37,12:27:35,00:55:58,55.97
7494,1143,1/24/2022,BT02,BT01,2,11:35:59,12:36:22,01:00:23,60.38
7495,1719,1/24/2022,BT01,BT02,1,11:41:07,12:30:50,00:49:43,49.72
7496,1377,1/24/2022,BT01,BT02,1,11:51:46,12:46:32,00:54:46,54.77
7497,123,1/24/2022,BT01,BT02,1,12:31:35,13:30:17,00:58:42,58.7
7498,275,1/24/2022,BT02,BT01,2,12:36:34,13:30:45,00:54:11,54.18
7499,262,1/24/2022,BT02,BT01,2,12:37:35,13:33:31,00:55:56,55.93
7500,128,1/24/2022,BT01,BT02,1,12:40:23,13:46:03,01:05:40,65.67
7501,1358,1/24/2022,BT01,BT02,1,12:51:08,13:53:38,01:02:30,62.5
7502,1410,1/24/2022,BT02,BT01,2,13:00:03,13:59:37,00:59:34,59.57
7503,1143,1/24/2022,BT01,BT02,1,13:01:58,14:01:22,00:59:24,59.4
7504,505,1/24/2022,BT02,BT01,2,13:21:00,14:23:00,01:02:00,62
7505,121,1/24/2022,BT02,BT01,2,13:29:14,14:35:45,01:06:31,66.52
7506,279,1/24/2022,BT02,BT01,2,13:39:45,14:44:40,01:04:55,64.92
7507,116,1/24/2022,BT02,BT01,2,13:50:49,14:49:02,00:58:13,58.22
7508,1719,1/24/2022,BT02,BT01,2,14:02:06,14:54:53,00:52:47,52.78
7509,1377,1/24/2022,BT02,BT01,2,14:11:00,15:02:19,00:51:19,51.32
7510,1410,1/24/2022,BT01,BT02,1,14:11:58,15:03:24,00:51:26,51.43
7511,264,1/24/2022,BT02,BT01,2,14:38:39,15:32:35,00:53:56,53.93
7512,505,1/24/2022,BT01,BT02,1,14:40:29,15:25:58,00:45:29,45.48
7513,123,1/24/2022,BT02,BT01,2,14:48:35,15:38:56,00:50:21,50.35
7514,121,1/24/2022,BT01,BT02,1,14:51:21,15:40:21,00:49:00,49
7515,279,1/24/2022,BT01,BT02,1,15:00:53,15:53:19,00:52:26,52.43
7516,128,1/24/2022,BT02,BT01,2,15:04:42,15:53:36,00:48:54,48.9
7517,116,1/24/2022,BT01,BT02,1,15:11:26,15:54:05,00:42:39,42.65
7518,1358,1/24/2022,BT02,BT01,2,15:19:46,16:10:51,00:51:05,51.08
7519,1719,1/24/2022,BT01,BT02,1,15:22:04,16:12:38,00:50:34,50.57
7520,1377,1/24/2022,BT01,BT02,1,15:29:54,16:26:58,00:57:04,57.07
7521,1143,1/24/2022,BT02,BT01,2,15:32:02,16:22:59,00:50:57,50.95
7522,264,1/24/2022,BT01,BT02,1,16:10:43,16:58:02,00:47:19,47.32
7523,123,1/24/2022,BT01,BT02,1,16:20:22,17:11:23,00:51:01,51.02
7524,262,1/24/2022,BT02,BT01,2,16:30:16,17:20:56,00:50:40,50.67
7525,128,1/24/2022,BT01,BT02,1,16:32:10,17:28:28,00:56:18,56.3
7526,1410,1/24/2022,BT02,BT01,2,16:41:14,17:34:50,00:53:36,53.6
7527,1358,1/24/2022,BT01,BT02,1,16:41:59,17:32:45,00:50:46,50.77
7528,1143,1/24/2022,BT01,BT02,1,16:50:08,17:39:18,00:49:10,49.17
7529,505,1/24/2022,BT02,BT01,2,17:10:15,18:04:42,00:54:27,54.45
7530,121,1/24/2022,BT02,BT01,2,17:20:40,18:14:28,00:53:48,53.8
7531,279,1/24/2022,BT02,BT01,2,17:28:34,18:16:47,00:48:13,48.22
7532,116,1/24/2022,BT02,BT01,2,17:40:06,18:29:40,00:49:34,49.57
7533,262,1/24/2022,BT01,BT02,1,17:45:54,18:34:15,00:48:21,48.35
7534,1410,1/24/2022,BT01,BT02,1,17:55:00,18:43:46,00:48:46,48.77
7535,1377,1/24/2022,BT02,BT01,2,18:00:01,18:54:10,00:54:09,54.15
7536,505,1/24/2022,BT01,BT02,1,18:58:02,19:42:11,00:44:09,44.15
7537,121,1/24/2022,BT01,BT02,1,19:21:43,20:07:13,00:45:30,45.5
7538,279,1/24/2022,BT01,BT02,1,19:45:00,20:27:03,00:42:03,42.05
7539,116,1/24/2022,BT01,BT02,1,20:05:54,20:43:02,00:37:08,37.13
7540,1377,1/24/2022,BT01,BT02,1,20:43:08,21:22:56,00:39:48,39.8
7541,505,1/25/2022,BT02,BT01,2,05:29:26,06:00:59,00:31:33,31.55
7542,274,1/25/2022,BT02,BT01,2,05:40:55,06:21:23,00:40:28,40.47
7543,1719,1/25/2022,BT02,BT01,2,06:01:07,07:03:16,01:02:09,62.15
7544,1410,1/25/2022,BT01,BT02,1,06:10:37,07:05:57,00:55:20,55.33
7545,1408,1/25/2022,BT01,BT02,1,06:33:35,07:35:08,01:01:33,61.55
7546,264,1/25/2022,BT02,BT01,2,06:40:31,07:54:10,01:13:39,73.65
7547,505,1/25/2022,BT01,BT02,1,06:59:05,08:01:10,01:02:05,62.08
7548,123,1/25/2022,BT02,BT01,2,06:59:14,08:03:44,01:04:30,64.5
7549,274,1/25/2022,BT01,BT02,1,07:10:00,08:13:45,01:03:45,63.75
7550,1719,1/25/2022,BT01,BT02,1,07:23:22,08:16:57,00:53:35,53.58
7551,1409,1/25/2022,BT02,BT01,2,07:30:28,08:26:37,00:56:09,56.15
7552,1143,1/25/2022,BT02,BT01,2,07:40:03,08:31:05,00:51:02,51.03
7553,1377,1/25/2022,BT01,BT02,1,07:52:37,08:42:15,00:49:38,49.63
7554,264,1/25/2022,BT01,BT02,1,08:13:21,08:54:55,00:41:34,41.57
7555,279,1/25/2022,BT02,BT01,2,08:30:55,09:23:41,00:52:46,52.77
7556,123,1/25/2022,BT01,BT02,1,08:32:39,09:19:51,00:47:12,47.2
7557,250,1/25/2022,BT02,BT01,2,08:40:41,09:33:09,00:52:28,52.47
7558,1410,1/25/2022,BT02,BT01,2,08:50:16,09:41:08,00:50:52,50.87
7559,1409,1/25/2022,BT01,BT02,1,08:53:14,09:43:48,00:50:34,50.57
7560,1143,1/25/2022,BT01,BT02,1,09:02:01,09:50:53,00:48:52,48.87
7561,1408,1/25/2022,BT02,BT01,2,09:21:22,10:16:33,00:55:11,55.18
7562,279,1/25/2022,BT01,BT02,1,09:51:08,10:45:27,00:54:19,54.32
7563,505,1/25/2022,BT02,BT01,2,10:00:04,10:51:24,00:51:20,51.33
7564,250,1/25/2022,BT01,BT02,1,10:01:51,10:48:37,00:46:46,46.77
7565,274,1/25/2022,BT02,BT01,2,10:10:44,11:04:08,00:53:24,53.4
7566,1410,1/25/2022,BT01,BT02,1,10:10:55,11:05:29,00:54:34,54.57
7567,1719,1/25/2022,BT02,BT01,2,10:21:05,11:17:56,00:56:51,56.85
7568,1377,1/25/2022,BT02,BT01,2,10:41:13,11:37:02,00:55:49,55.82
7569,1408,1/25/2022,BT01,BT02,1,10:41:31,11:35:12,00:53:41,53.68
7570,264,1/25/2022,BT02,BT01,2,10:59:20,11:51:53,00:52:33,52.55
7571,505,1/25/2022,BT01,BT02,1,11:20:47,12:18:12,00:57:25,57.42
7572,123,1/25/2022,BT02,BT01,2,11:21:18,12:15:05,00:53:47,53.78
7573,274,1/25/2022,BT01,BT02,1,11:30:32,12:30:00,00:59:28,59.47
7574,1409,1/25/2022,BT02,BT01,2,11:41:15,12:37:01,00:55:46,55.77
7575,1719,1/25/2022,BT01,BT02,1,11:41:21,12:38:42,00:57:21,57.35
7576,1143,1/25/2022,BT02,BT01,2,11:50:58,12:47:12,00:56:14,56.23
7577,1377,1/25/2022,BT01,BT02,1,12:01:08,13:01:08,01:00:00,60
7578,264,1/25/2022,BT01,BT02,1,12:20:32,13:21:09,01:00:37,60.62
7579,279,1/25/2022,BT02,BT01,2,12:40:52,13:33:10,00:52:18,52.3
7580,123,1/25/2022,BT01,BT02,1,12:41:43,13:43:32,01:01:49,61.82
7581,250,1/25/2022,BT02,BT01,2,12:51:12,13:52:05,01:00:53,60.88
7582,1409,1/25/2022,BT01,BT02,1,13:00:32,13:56:07,00:55:35,55.58
7583,1410,1/25/2022,BT02,BT01,2,13:00:59,14:02:59,01:02:00,62
7584,1143,1/25/2022,BT01,BT02,1,13:12:11,14:07:41,00:55:30,55.5
7585,1408,1/25/2022,BT02,BT01,2,13:30:58,14:27:11,00:56:13,56.22
7586,117,1/25/2022,BT02,BT01,2,13:50:56,14:43:14,00:52:18,52.3
7587,279,1/25/2022,BT01,BT02,1,13:59:40,14:59:30,00:59:50,59.83
7588,505,1/25/2022,BT02,BT01,2,14:01:11,14:51:55,00:50:44,50.73
7589,274,1/25/2022,BT02,BT01,2,14:09:54,15:06:02,00:56:08,56.13
7590,250,1/25/2022,BT01,BT02,1,14:12:04,15:21:34,01:09:30,69.5
7591,1410,1/25/2022,BT01,BT02,1,14:20:47,15:34:28,01:13:41,73.68
7592,1719,1/25/2022,BT02,BT01,2,14:20:54,15:20:12,00:59:18,59.3
7593,1377,1/25/2022,BT02,BT01,2,14:38:22,15:36:57,00:58:35,58.58
7594,1408,1/25/2022,BT01,BT02,1,14:51:43,15:53:22,01:01:39,61.65
7595,264,1/25/2022,BT02,BT01,2,15:00:42,15:48:52,00:48:10,48.17
7596,117,1/25/2022,BT01,BT02,1,15:11:08,16:04:58,00:53:50,53.83
7597,123,1/25/2022,BT02,BT01,2,15:21:51,16:05:18,00:43:27,43.45
7598,505,1/25/2022,BT01,BT02,1,15:21:51,16:11:44,00:49:53,49.88
7599,274,1/25/2022,BT01,BT02,1,15:30:51,16:26:13,00:55:22,55.37
7600,1409,1/25/2022,BT02,BT01,2,15:40:42,16:30:36,00:49:54,49.9
7601,1719,1/25/2022,BT01,BT02,1,15:41:51,16:37:10,00:55:19,55.32
7602,1143,1/25/2022,BT02,BT01,2,15:51:55,16:42:04,00:50:09,50.15
7603,1377,1/25/2022,BT01,BT02,1,16:01:44,16:55:06,00:53:22,53.37
7604,264,1/25/2022,BT01,BT02,1,16:19:22,17:13:08,00:53:46,53.77
7605,279,1/25/2022,BT02,BT01,2,16:40:44,17:35:22,00:54:38,54.63
7606,123,1/25/2022,BT01,BT02,1,16:41:07,17:36:42,00:55:35,55.58
7607,250,1/25/2022,BT02,BT01,2,16:50:57,17:43:04,00:52:07,52.12
7608,1409,1/25/2022,BT01,BT02,1,17:01:10,17:48:56,00:47:46,47.77
7609,1143,1/25/2022,BT01,BT02,1,17:10:27,18:03:06,00:52:39,52.65
7610,1410,1/25/2022,BT02,BT01,2,17:10:52,18:06:41,00:55:49,55.82
7611,1408,1/25/2022,BT02,BT01,2,17:40:32,18:34:16,00:53:44,53.73
7612,117,1/25/2022,BT02,BT01,2,18:01:23,18:51:49,00:50:26,50.43
7613,1377,1/25/2022,BT02,BT01,2,18:10:09,19:03:38,00:53:29,53.48
7614,279,1/25/2022,BT01,BT02,1,18:32:42,19:22:13,00:49:31,49.52
7615,1408,1/25/2022,BT01,BT02,1,19:52:00,20:23:24,00:31:24,31.4
7616,250,1/25/2022,BT01,BT02,1,20:09:32,20:47:42,00:38:10,38.17
7617,275,1/26/2022,BT02,BT01,2,04:55:50,05:34:46,00:38:56,38.93
7618,1408,1/26/2022,BT02,BT01,2,05:12:35,05:54:43,00:42:08,42.13
7619,505,1/26/2022,BT02,BT01,2,05:30:24,06:07:35,00:37:11,37.18
7620,116,1/26/2022,BT02,BT01,2,05:51:32,06:41:49,00:50:17,50.28
7621,1719,1/26/2022,BT02,BT01,2,06:00:52,06:49:09,00:48:17,48.28
7622,262,1/26/2022,BT01,BT02,1,06:11:12,07:04:56,00:53:44,53.73
7623,1408,1/26/2022,BT01,BT02,1,06:20:45,07:18:13,00:57:28,57.47
7624,1377,1/26/2022,BT02,BT01,2,06:20:52,07:24:06,01:03:14,63.23
7625,275,1/26/2022,BT01,BT02,1,06:37:52,07:41:33,01:03:41,63.68
7626,250,1/26/2022,BT02,BT01,2,06:40:40,07:37:14,00:56:34,56.57
7627,1410,1/26/2022,BT01,BT02,1,06:41:12,07:37:48,00:56:36,56.6
7628,264,1/26/2022,BT02,BT01,2,06:49:42,07:40:39,00:50:57,50.95
7629,505,1/26/2022,BT01,BT02,1,06:56:02,07:49:54,00:53:52,53.87
7630,128,1/26/2022,BT02,BT01,2,07:09:34,07:56:18,00:46:44,46.73
7631,116,1/26/2022,BT01,BT02,1,07:13:24,08:06:06,00:52:42,52.7
7632,1719,1/26/2022,BT01,BT02,1,07:24:04,08:17:09,00:53:05,53.08
7633,1409,1/26/2022,BT02,BT01,2,07:40:25,08:26:19,00:45:54,45.9
7634,1377,1/26/2022,BT01,BT02,1,07:41:05,08:24:25,00:43:20,43.33
7635,1358,1/26/2022,BT02,BT01,2,07:51:14,08:41:33,00:50:19,50.32
7636,250,1/26/2022,BT01,BT02,1,08:01:28,08:53:08,00:51:40,51.67
7637,264,1/26/2022,BT01,BT02,1,08:12:06,08:56:44,00:44:38,44.63
7638,128,1/26/2022,BT01,BT02,1,08:32:43,09:20:02,00:47:19,47.32
7639,121,1/26/2022,BT02,BT01,2,08:42:52,09:30:07,00:47:15,47.25
7640,262,1/26/2022,BT02,BT01,2,08:50:44,09:43:33,00:52:49,52.82
7641,1409,1/26/2022,BT01,BT02,1,08:53:12,09:42:07,00:48:55,48.92
7642,1408,1/26/2022,BT02,BT01,2,09:00:42,09:54:26,00:53:44,53.73
7643,1358,1/26/2022,BT01,BT02,1,09:01:19,09:50:09,00:48:50,48.83
7644,1410,1/26/2022,BT02,BT01,2,09:21:42,10:13:54,00:52:12,52.2
7645,505,1/26/2022,BT02,BT01,2,09:31:11,10:24:35,00:53:24,53.4
7646,116,1/26/2022,BT02,BT01,2,09:48:47,10:39:17,00:50:30,50.5
7647,121,1/26/2022,BT01,BT02,1,09:51:28,10:43:07,00:51:39,51.65
7648,1719,1/26/2022,BT02,BT01,2,10:00:39,10:51:19,00:50:40,50.67
7649,262,1/26/2022,BT01,BT02,1,10:01:25,10:52:05,00:50:40,50.67
7650,1408,1/26/2022,BT01,BT02,1,10:11:02,11:03:28,00:52:26,52.43
7651,1377,1/26/2022,BT02,BT01,2,10:20:50,11:17:14,00:56:24,56.4
7652,1410,1/26/2022,BT01,BT02,1,10:31:05,11:25:51,00:54:46,54.77
7653,505,1/26/2022,BT01,BT02,1,10:41:03,11:34:51,00:53:48,53.8
7654,250,1/26/2022,BT02,BT01,2,10:42:04,11:35:09,00:53:05,53.08
7655,264,1/26/2022,BT02,BT01,2,10:49:34,11:40:23,00:50:49,50.82
7656,116,1/26/2022,BT01,BT02,1,11:01:03,11:55:05,00:54:02,54.03
7657,128,1/26/2022,BT02,BT01,2,11:09:31,12:01:45,00:52:14,52.23
7658,1719,1/26/2022,BT01,BT02,1,11:11:58,12:03:59,00:52:01,52.02
7659,1358,1/26/2022,BT02,BT01,2,11:30:49,12:22:46,00:51:57,51.95
7660,1377,1/26/2022,BT01,BT02,1,11:31:29,12:30:35,00:59:06,59.1
7661,250,1/26/2022,BT01,BT02,1,11:51:20,12:43:15,00:51:55,51.92
7662,264,1/26/2022,BT01,BT02,1,12:00:42,12:55:15,00:54:33,54.55
7663,128,1/26/2022,BT01,BT02,1,12:21:03,13:17:22,00:56:19,56.32
7664,121,1/26/2022,BT02,BT01,2,12:21:06,13:11:42,00:50:36,50.6
7665,262,1/26/2022,BT02,BT01,2,12:31:24,13:24:56,00:53:32,53.53
7666,1358,1/26/2022,BT01,BT02,1,12:40:32,13:27:05,00:46:33,46.55
7667,1408,1/26/2022,BT02,BT01,2,12:40:46,13:38:48,00:58:02,58.03
7668,1410,1/26/2022,BT02,BT01,2,13:00:51,13:54:38,00:53:47,53.78
7669,505,1/26/2022,BT02,BT01,2,13:11:20,14:08:15,00:56:55,56.92
7670,116,1/26/2022,BT02,BT01,2,13:30:38,14:21:54,00:51:16,51.27
7671,121,1/26/2022,BT01,BT02,1,13:30:57,14:26:12,00:55:15,55.25
7672,1719,1/26/2022,BT02,BT01,2,13:40:38,14:36:33,00:55:55,55.92
7673,262,1/26/2022,BT01,BT02,1,13:41:08,14:38:28,00:57:20,57.33
7674,1408,1/26/2022,BT01,BT02,1,13:52:16,14:45:46,00:53:30,53.5
7675,1377,1/26/2022,BT02,BT01,2,14:00:46,14:56:22,00:55:36,55.6
7676,1410,1/26/2022,BT01,BT02,1,14:10:47,15:02:16,00:51:29,51.48
7677,250,1/26/2022,BT02,BT01,2,14:19:39,15:10:51,00:51:12,51.2
7678,505,1/26/2022,BT01,BT02,1,14:21:35,15:19:47,00:58:12,58.2
7679,264,1/26/2022,BT02,BT01,2,14:30:03,15:19:24,00:49:21,49.35
7680,128,1/26/2022,BT02,BT01,2,14:50:39,15:40:21,00:49:42,49.7
7681,116,1/26/2022,BT01,BT02,1,14:51:21,15:44:15,00:52:54,52.9
7682,1719,1/26/2022,BT01,BT02,1,15:00:55,15:53:03,00:52:08,52.13
7683,1358,1/26/2022,BT02,BT01,2,15:10:38,15:56:41,00:46:03,46.05
7684,1377,1/26/2022,BT01,BT02,1,15:31:05,16:27:48,00:56:43,56.72
7685,121,1/26/2022,BT02,BT01,2,15:51:15,16:43:28,00:52:13,52.22
7686,250,1/26/2022,BT01,BT02,1,15:51:18,16:50:03,00:58:45,58.75
7687,262,1/26/2022,BT02,BT01,2,15:59:39,16:43:53,00:44:14,44.23
7688,264,1/26/2022,BT01,BT02,1,16:00:26,16:50:09,00:49:43,49.72
7689,1408,1/26/2022,BT02,BT01,2,16:10:51,16:58:46,00:47:55,47.92
7690,128,1/26/2022,BT01,BT02,1,16:19:54,17:15:09,00:55:15,55.25
7691,1410,1/26/2022,BT02,BT01,2,16:31:02,17:22:22,00:51:20,51.33
7692,1358,1/26/2022,BT01,BT02,1,16:41:22,17:36:16,00:54:54,54.9
7693,505,1/26/2022,BT02,BT01,2,16:41:51,17:34:22,00:52:31,52.52
7694,116,1/26/2022,BT02,BT01,2,17:10:00,18:07:58,00:57:58,57.97
7695,1719,1/26/2022,BT02,BT01,2,17:19:16,18:14:20,00:55:04,55.07
7696,121,1/26/2022,BT01,BT02,1,17:28:54,18:18:25,00:49:31,49.52
7697,1377,1/26/2022,BT02,BT01,2,17:37:34,18:37:47,01:00:13,60.22
7698,262,1/26/2022,BT01,BT02,1,17:40:27,18:29:04,00:48:37,48.62
7699,1408,1/26/2022,BT01,BT02,1,17:51:38,18:44:34,00:52:56,52.93
7700,250,1/26/2022,BT02,BT01,2,18:03:47,18:53:19,00:49:32,49.53
7701,1410,1/26/2022,BT01,BT02,1,18:13:32,18:56:43,00:43:11,43.18
7702,505,1/26/2022,BT01,BT02,1,18:23:40,19:04:01,00:40:21,40.35
7703,262,1/26/2022,BT02,BT01,2,18:40:24,19:20:38,00:40:14,40.23
7704,116,1/26/2022,BT01,BT02,1,19:27:26,20:05:26,00:38:00,38
7705,1377,1/26/2022,BT01,BT02,1,20:46:46,21:22:26,00:35:40,35.67
7706,1408,1/27/2022,BT02,BT01,2,05:17:39,05:54:37,00:36:58,36.97
7707,274,1/27/2022,BT02,BT01,2,05:27:44,06:04:55,00:37:11,37.18
7708,279,1/27/2022,BT02,BT01,2,05:40:45,06:23:38,00:42:53,42.88
7709,1719,1/27/2022,BT02,BT01,2,05:51:06,06:40:44,00:49:38,49.63
7710,1377,1/27/2022,BT02,BT01,2,06:11:22,06:58:10,00:46:48,46.8
7711,1408,1/27/2022,BT01,BT02,1,06:20:54,07:07:23,00:46:29,46.48
7712,264,1/27/2022,BT02,BT01,2,06:39:56,07:26:43,00:46:47,46.78
7713,1410,1/27/2022,BT01,BT02,1,06:40:42,07:32:14,00:51:32,51.53
7714,262,1/27/2022,BT01,BT02,1,06:53:03,07:46:28,00:53:25,53.42
7715,274,1/27/2022,BT01,BT02,1,06:59:42,07:51:50,00:52:08,52.13
7716,123,1/27/2022,BT02,BT01,2,07:10:13,07:55:18,00:45:05,45.08
7717,279,1/27/2022,BT01,BT02,1,07:13:32,08:07:15,00:53:43,53.72
7718,1719,1/27/2022,BT01,BT02,1,07:22:30,08:12:59,00:50:29,50.48
7719,1409,1/27/2022,BT02,BT01,2,07:30:16,08:16:26,00:46:10,46.17
7720,1377,1/27/2022,BT01,BT02,1,07:41:20,08:28:37,00:47:17,47.28
7721,1358,1/27/2022,BT02,BT01,2,07:41:46,08:30:29,00:48:43,48.72
7722,1143,1/27/2022,BT02,BT01,2,07:50:46,08:36:36,00:45:50,45.83
7723,1718,1/27/2022,BT02,BT01,2,07:59:15,08:45:54,00:46:39,46.65
7724,264,1/27/2022,BT01,BT02,1,08:12:28,08:56:00,00:43:32,43.53
7725,123,1/27/2022,BT01,BT02,1,08:33:39,09:22:23,00:48:44,48.73
7726,1409,1/27/2022,BT01,BT02,1,08:45:10,09:35:24,00:50:14,50.23
7727,121,1/27/2022,BT02,BT01,2,08:51:00,09:44:01,00:53:01,53.02
7728,1358,1/27/2022,BT01,BT02,1,08:53:50,09:41:24,00:47:34,47.57
7729,116,1/27/2022,BT02,BT01,2,08:59:34,09:53:24,00:53:50,53.83
7730,1143,1/27/2022,BT01,BT02,1,09:00:53,09:47:21,00:46:28,46.47
7731,1718,1/27/2022,BT01,BT02,1,09:11:13,10:01:18,00:50:05,50.08
7732,1408,1/27/2022,BT02,BT01,2,09:20:50,10:15:17,00:54:27,54.45
7733,1410,1/27/2022,BT02,BT01,2,09:40:46,10:32:05,00:51:19,51.32
7734,262,1/27/2022,BT02,BT01,2,09:50:36,10:44:21,00:53:45,53.75
7735,274,1/27/2022,BT02,BT01,2,10:00:07,10:55:36,00:55:29,55.48
7736,121,1/27/2022,BT01,BT02,1,10:01:28,10:50:50,00:49:22,49.37
7737,279,1/27/2022,BT02,BT01,2,10:10:59,11:03:41,00:52:42,52.7
7738,116,1/27/2022,BT01,BT02,1,10:13:54,11:07:47,00:53:53,53.88
7739,1719,1/27/2022,BT02,BT01,2,10:20:26,11:15:02,00:54:36,54.6
7740,1408,1/27/2022,BT01,BT02,1,10:31:03,11:27:25,00:56:22,56.37
7741,1377,1/27/2022,BT02,BT01,2,10:41:03,11:33:25,00:52:22,52.37
7742,1410,1/27/2022,BT01,BT02,1,10:51:18,11:44:00,00:52:42,52.7
7743,262,1/27/2022,BT01,BT02,1,11:01:06,11:56:13,00:55:07,55.12
7744,274,1/27/2022,BT01,BT02,1,11:10:55,12:05:00,00:54:05,54.08
7745,264,1/27/2022,BT02,BT01,2,11:10:56,11:56:37,00:45:41,45.68
7746,279,1/27/2022,BT01,BT02,1,11:20:58,12:22:33,01:01:35,61.58
7747,123,1/27/2022,BT02,BT01,2,11:29:34,12:21:37,00:52:03,52.05
7748,1719,1/27/2022,BT01,BT02,1,11:31:38,12:28:33,00:56:55,56.92
7749,1409,1/27/2022,BT02,BT01,2,11:40:50,12:38:24,00:57:34,57.57
7750,1358,1/27/2022,BT02,BT01,2,11:50:39,12:42:12,00:51:33,51.55
7751,1143,1/27/2022,BT02,BT01,2,11:59:53,12:52:36,00:52:43,52.72
7752,1718,1/27/2022,BT02,BT01,2,12:11:38,13:04:07,00:52:29,52.48
7753,264,1/27/2022,BT01,BT02,1,12:20:48,13:06:21,00:45:33,45.55
7754,123,1/27/2022,BT01,BT02,1,12:40:17,13:44:00,01:03:43,63.72
7755,1409,1/27/2022,BT01,BT02,1,12:51:20,13:47:12,00:55:52,55.87
7756,1358,1/27/2022,BT01,BT02,1,13:00:20,13:57:06,00:56:46,56.77
7757,121,1/27/2022,BT02,BT01,2,13:00:38,14:00:09,00:59:31,59.52
7758,116,1/27/2022,BT02,BT01,2,13:10:41,14:05:23,00:54:42,54.7
7759,1143,1/27/2022,BT01,BT02,1,13:11:17,14:06:31,00:55:14,55.23
7760,1718,1/27/2022,BT01,BT02,1,13:18:44,14:10:09,00:51:25,51.42
7761,1408,1/27/2022,BT02,BT01,2,13:30:34,14:25:09,00:54:35,54.58
7762,1410,1/27/2022,BT02,BT01,2,13:50:49,14:38:15,00:47:26,47.43
7763,262,1/27/2022,BT02,BT01,2,14:00:19,14:49:57,00:49:38,49.63
7764,274,1/27/2022,BT02,BT01,2,14:10:36,15:04:36,00:54:00,54
7765,279,1/27/2022,BT02,BT01,2,14:19:59,15:18:13,00:58:14,58.23
7766,121,1/27/2022,BT01,BT02,1,14:20:46,15:10:28,00:49:42,49.7
7767,1719,1/27/2022,BT02,BT01,2,14:30:43,15:19:29,00:48:46,48.77
7768,116,1/27/2022,BT01,BT02,1,14:31:45,15:13:03,00:41:18,41.3
7769,1408,1/27/2022,BT01,BT02,1,14:51:17,15:41:41,00:50:24,50.4
7770,264,1/27/2022,BT02,BT01,2,15:10:42,16:02:02,00:51:20,51.33
7771,1410,1/27/2022,BT01,BT02,1,15:11:07,15:59:38,00:48:31,48.52
7772,123,1/27/2022,BT02,BT01,2,15:29:14,16:20:56,00:51:42,51.7
7773,274,1/27/2022,BT01,BT02,1,15:30:06,16:25:53,00:55:47,55.78
7774,279,1/27/2022,BT01,BT02,1,15:40:49,16:39:22,00:58:33,58.55
7775,1409,1/27/2022,BT02,BT01,2,15:40:52,16:28:59,00:48:07,48.12
7776,1358,1/27/2022,BT02,BT01,2,15:51:35,16:43:38,00:52:03,52.05
7777,1719,1/27/2022,BT01,BT02,1,15:52:17,16:50:24,00:58:07,58.12
7778,1143,1/27/2022,BT02,BT01,2,15:57:52,16:50:22,00:52:30,52.5
7779,1718,1/27/2022,BT02,BT01,2,16:10:27,16:59:29,00:49:02,49.03
7780,264,1/27/2022,BT01,BT02,1,16:32:27,17:28:22,00:55:55,55.92
7781,123,1/27/2022,BT01,BT02,1,16:50:05,17:44:28,00:54:23,54.38
7782,121,1/27/2022,BT02,BT01,2,16:59:28,17:55:28,00:56:00,56
7783,1409,1/27/2022,BT01,BT02,1,16:59:41,17:51:27,00:51:46,51.77
7784,116,1/27/2022,BT02,BT01,2,17:11:13,18:04:20,00:53:07,53.12
7785,1358,1/27/2022,BT01,BT02,1,17:11:50,17:57:34,00:45:44,45.73
7786,1143,1/27/2022,BT01,BT02,1,17:20:42,18:14:27,00:53:45,53.75
7787,1408,1/27/2022,BT02,BT01,2,17:29:20,18:23:50,00:54:30,54.5
7788,1718,1/27/2022,BT01,BT02,1,17:31:35,18:24:22,00:52:47,52.78
7789,279,1/27/2022,BT02,BT01,2,18:18:47,19:05:39,00:46:52,46.87
7790,121,1/27/2022,BT01,BT02,1,19:00:29,19:40:58,00:40:29,40.48
7791,116,1/27/2022,BT01,BT02,1,19:18:23,19:57:40,00:39:17,39.28
7792,1408,1/27/2022,BT01,BT02,1,20:20:17,21:03:57,00:43:40,43.67
7793,279,1/27/2022,BT01,BT02,1,20:57:47,21:30:49,00:33:02,33.03
7794,1408,1/28/2022,BT02,BT01,2,05:07:38,05:47:16,00:39:38,39.63
7795,505,1/28/2022,BT02,BT01,2,05:28:55,06:01:36,00:32:41,32.68
7796,274,1/28/2022,BT02,BT01,2,05:39:53,06:20:48,00:40:55,40.92
7797,1408,1/28/2022,BT01,BT02,1,06:10:43,07:08:10,00:57:27,57.45
7798,250,1/28/2022,BT02,BT01,2,06:20:47,07:13:44,00:52:57,52.95
7799,505,1/28/2022,BT01,BT02,1,06:39:12,07:32:03,00:52:51,52.85
7800,128,1/28/2022,BT02,BT01,2,06:45:53,07:34:38,00:48:45,48.75
7801,274,1/28/2022,BT01,BT02,1,06:53:07,07:48:32,00:55:25,55.42
7802,123,1/28/2022,BT02,BT01,2,06:58:58,07:47:05,00:48:07,48.12
7803,1409,1/28/2022,BT02,BT01,2,07:08:44,07:55:03,00:46:19,46.32
7804,1358,1/28/2022,BT02,BT01,2,07:27:44,08:09:44,00:42:00,42
7805,250,1/28/2022,BT01,BT02,1,07:33:11,08:20:36,00:47:25,47.42
7806,128,1/28/2022,BT01,BT02,1,08:14:16,09:03:47,00:49:31,49.52
7807,123,1/28/2022,BT01,BT02,1,08:21:17,09:11:41,00:50:24,50.4
7808,121,1/28/2022,BT02,BT01,2,08:29:49,09:21:38,00:51:49,51.82
7809,1409,1/28/2022,BT01,BT02,1,08:34:03,09:27:47,00:53:44,53.73
7810,279,1/28/2022,BT02,BT01,2,08:40:53,09:33:06,00:52:13,52.22
7811,1358,1/28/2022,BT01,BT02,1,08:46:01,09:32:13,00:46:12,46.2
7812,116,1/28/2022,BT02,BT01,2,08:49:32,09:43:23,00:53:51,53.85
7813,1143,1/28/2022,BT02,BT01,2,08:59:17,09:51:32,00:52:15,52.25
7814,1408,1/28/2022,BT02,BT01,2,09:10:28,10:08:38,00:58:10,58.17
7815,121,1/28/2022,BT01,BT02,1,09:41:35,10:28:26,00:46:51,46.85
7816,505,1/28/2022,BT02,BT01,2,09:50:43,10:40:40,00:49:57,49.95
7817,279,1/28/2022,BT01,BT02,1,09:51:01,10:42:06,00:51:05,51.08
7818,274,1/28/2022,BT02,BT01,2,09:59:41,10:53:03,00:53:22,53.37
7819,116,1/28/2022,BT01,BT02,1,10:01:23,10:51:07,00:49:44,49.73
7820,1143,1/28/2022,BT01,BT02,1,10:11:13,11:05:40,00:54:27,54.45
7821,1408,1/28/2022,BT01,BT02,1,10:21:36,11:15:03,00:53:27,53.45
7822,250,1/28/2022,BT02,BT01,2,10:41:05,11:34:28,00:53:23,53.38
7823,505,1/28/2022,BT01,BT02,1,10:59:54,11:51:31,00:51:37,51.62
7824,274,1/28/2022,BT01,BT02,1,11:10:31,12:10:53,01:00:22,60.37
7825,128,1/28/2022,BT02,BT01,2,11:11:37,12:02:19,00:50:42,50.7
7826,123,1/28/2022,BT02,BT01,2,11:20:27,12:10:52,00:50:25,50.42
7827,1409,1/28/2022,BT02,BT01,2,11:30:47,12:24:21,00:53:34,53.57
7828,1358,1/28/2022,BT02,BT01,2,11:40:42,12:38:19,00:57:37,57.62
7829,209,1/28/2022,BT02,BT01,2,11:50:52,12:44:56,00:54:04,54.07
7830,250,1/28/2022,BT01,BT02,1,11:51:33,12:40:46,00:49:13,49.22
7831,128,1/28/2022,BT01,BT02,1,12:20:30,13:07:45,00:47:15,47.25
7832,123,1/28/2022,BT01,BT02,1,12:29:42,13:30:35,01:00:53,60.88
7833,279,1/28/2022,BT02,BT01,2,12:40:14,13:36:58,00:56:44,56.73
7834,1409,1/28/2022,BT01,BT02,1,12:40:57,13:40:49,00:59:52,59.87
7835,116,1/28/2022,BT02,BT01,2,12:51:42,13:53:28,01:01:46,61.77
7836,1358,1/28/2022,BT01,BT02,1,12:52:47,13:49:01,00:56:14,56.23
7837,209,1/28/2022,BT01,BT02,1,12:59:55,13:57:43,00:57:48,57.8
7838,1143,1/28/2022,BT02,BT01,2,13:00:46,14:00:52,01:00:06,60.1
7839,1408,1/28/2022,BT02,BT01,2,13:10:45,14:08:22,00:57:37,57.62
7840,117,1/28/2022,BT02,BT01,2,13:21:13,14:20:08,00:58:55,58.92
7841,262,1/28/2022,BT02,BT01,2,13:40:18,14:32:59,00:52:41,52.68
7842,505,1/28/2022,BT02,BT01,2,13:50:29,14:44:30,00:54:01,54.02
7843,279,1/28/2022,BT01,BT02,1,13:51:47,14:45:55,00:54:08,54.13
7844,274,1/28/2022,BT02,BT01,2,13:59:50,14:51:54,00:52:04,52.07
7845,116,1/28/2022,BT01,BT02,1,14:11:42,14:58:21,00:46:39,46.65
7846,1143,1/28/2022,BT01,BT02,1,14:20:39,15:15:48,00:55:09,55.15
7847,1408,1/28/2022,BT01,BT02,1,14:31:39,15:26:18,00:54:39,54.65
7848,117,1/28/2022,BT01,BT02,1,14:38:56,15:31:47,00:52:51,52.85
7849,250,1/28/2022,BT02,BT01,2,14:40:22,15:30:13,00:49:51,49.85
7850,262,1/28/2022,BT01,BT02,1,15:00:51,15:49:35,00:48:44,48.73
7851,128,1/28/2022,BT02,BT01,2,15:10:33,16:00:38,00:50:05,50.08
7852,505,1/28/2022,BT01,BT02,1,15:11:17,15:58:11,00:46:54,46.9
7853,123,1/28/2022,BT02,BT01,2,15:20:31,16:16:08,00:55:37,55.62
7854,1409,1/28/2022,BT02,BT01,2,15:29:44,16:26:02,00:56:18,56.3
7855,1358,1/28/2022,BT02,BT01,2,15:40:53,16:34:19,00:53:26,53.43
7856,209,1/28/2022,BT02,BT01,2,15:51:38,16:45:30,00:53:52,53.87
7857,250,1/28/2022,BT01,BT02,1,15:58:53,16:50:42,00:51:49,51.82
7858,128,1/28/2022,BT01,BT02,1,16:31:05,17:27:56,00:56:51,56.85
7859,123,1/28/2022,BT01,BT02,1,16:41:02,17:42:15,01:01:13,61.22
7860,279,1/28/2022,BT02,BT01,2,16:41:15,17:35:15,00:54:00,54
7861,116,1/28/2022,BT02,BT01,2,16:50:42,17:51:25,01:00:43,60.72
7862,1409,1/28/2022,BT01,BT02,1,16:51:11,17:48:21,00:57:10,57.17
7863,1143,1/28/2022,BT02,BT01,2,16:57:56,17:55:07,00:57:11,57.18
7864,1358,1/28/2022,BT01,BT02,1,17:01:26,17:51:28,00:50:02,50.03
7865,1408,1/28/2022,BT02,BT01,2,17:10:49,18:03:25,00:52:36,52.6
7866,262,1/28/2022,BT02,BT01,2,17:40:37,18:36:45,00:56:08,56.13
7867,505,1/28/2022,BT02,BT01,2,17:50:30,18:45:57,00:55:27,55.45
7868,279,1/28/2022,BT01,BT02,1,18:13:21,18:54:59,00:41:38,41.63
7869,116,1/28/2022,BT01,BT02,1,18:33:40,19:19:22,00:45:42,45.7
7870,1143,1/28/2022,BT01,BT02,1,18:54:22,19:40:30,00:46:08,46.13
7871,1408,1/28/2022,BT01,BT02,1,19:01:43,19:51:02,00:49:19,49.32
7872,505,1/28/2022,BT01,BT02,1,19:32:01,20:12:40,00:40:39,40.65
7873,505,1/29/2022,BT02,BT01,2,05:29:32,06:06:20,00:36:48,36.8
7874,274,1/29/2022,BT02,BT01,2,05:41:09,06:20:27,00:39:18,39.3
7875,1377,1/29/2022,BT02,BT01,2,05:51:45,06:41:25,00:49:40,49.67
7876,250,1/29/2022,BT02,BT01,2,06:09:38,06:56:37,00:46:59,46.98
7877,264,1/29/2022,BT02,BT01,2,06:21:27,07:04:16,00:42:49,42.82
7878,123,1/29/2022,BT02,BT01,2,06:41:31,07:26:09,00:44:38,44.63
7879,505,1/29/2022,BT01,BT02,1,06:42:00,07:32:21,00:50:21,50.35
7880,128,1/29/2022,BT02,BT01,2,06:50:06,07:26:48,00:36:42,36.7
7881,274,1/29/2022,BT01,BT02,1,06:53:24,07:48:51,00:55:27,55.45
7882,1377,1/29/2022,BT01,BT02,1,07:00:46,07:54:16,00:53:30,53.5
7883,1358,1/29/2022,BT02,BT01,2,07:00:53,07:47:02,00:46:09,46.15
7884,1143,1/29/2022,BT02,BT01,2,07:09:18,07:52:33,00:43:15,43.25
7885,250,1/29/2022,BT01,BT02,1,07:21:35,08:12:50,00:51:15,51.25
7886,264,1/29/2022,BT01,BT02,1,07:30:44,08:19:13,00:48:29,48.48
7887,1718,1/29/2022,BT02,BT01,2,07:31:10,08:14:51,00:43:41,43.68
7888,123,1/29/2022,BT01,BT02,1,07:53:17,08:41:17,00:48:00,48
7889,128,1/29/2022,BT01,BT02,1,08:01:06,08:48:38,00:47:32,47.53
7890,513,1/29/2022,BT02,BT01,2,08:09:26,09:00:51,00:51:25,51.42
7891,1358,1/29/2022,BT01,BT02,1,08:12:42,09:03:25,00:50:43,50.72
7892,121,1/29/2022,BT02,BT01,2,08:20:51,09:10:09,00:49:18,49.3
7893,1143,1/29/2022,BT01,BT02,1,08:21:13,09:07:33,00:46:20,46.33
7894,279,1/29/2022,BT02,BT01,2,08:30:27,09:26:45,00:56:18,56.3
7895,1718,1/29/2022,BT01,BT02,1,08:32:50,09:22:22,00:49:32,49.53
7896,116,1/29/2022,BT02,BT01,2,08:41:04,09:39:37,00:58:33,58.55
7897,117,1/29/2022,BT02,BT01,2,08:49:57,09:47:25,00:57:28,57.47
7898,505,1/29/2022,BT02,BT01,2,09:20:24,10:09:36,00:49:12,49.2
7899,274,1/29/2022,BT02,BT01,2,09:31:09,10:26:48,00:55:39,55.65
7900,1377,1/29/2022,BT02,BT01,2,09:38:19,10:35:23,00:57:04,57.07
7901,264,1/29/2022,BT02,BT01,2,10:02:50,11:07:54,01:05:04,65.07
7902,1358,1/29/2022,BT02,BT01,2,10:41:12,11:50:44,01:09:32,69.53
7903,279,1/29/2022,BT02,BT01,2,12:06:15,12:59:24,00:53:09,53.15
7904,116,1/29/2022,BT02,BT01,2,12:09:48,13:13:03,01:03:15,63.25
7905,1718,1/29/2022,BT02,BT01,2,12:25:31,13:19:08,00:53:37,53.62
7906,505,1/29/2022,BT02,BT01,2,13:09:29,14:08:52,00:59:23,59.38
7907,274,1/29/2022,BT02,BT01,2,13:21:14,14:24:07,01:02:53,62.88
7908,1377,1/29/2022,BT02,BT01,2,13:28:07,14:25:44,00:57:37,57.62
7909,250,1/29/2022,BT02,BT01,2,13:49:53,14:39:54,00:50:01,50.02
7910,264,1/29/2022,BT02,BT01,2,14:00:08,14:50:41,00:50:33,50.55
7911,1358,1/29/2022,BT02,BT01,2,14:33:02,15:34:39,01:01:37,61.62
7912,128,1/29/2022,BT01,BT02,1,15:51:20,16:46:59,00:55:39,55.65
7913,1358,1/29/2022,BT01,BT02,1,16:00:03,16:56:32,00:56:29,56.48
7914,1143,1/29/2022,BT01,BT02,1,16:12:07,17:05:22,00:53:15,53.25
7915,505,1/29/2022,BT02,BT01,2,16:50:57,17:43:30,00:52:33,52.55
7916,274,1/29/2022,BT02,BT01,2,16:56:07,17:50:56,00:54:49,54.82
7917,121,1/29/2022,BT01,BT02,1,16:59:16,17:46:58,00:47:42,47.7
7918,279,1/29/2022,BT01,BT02,1,17:19:33,18:10:31,00:50:58,50.97
7919,116,1/29/2022,BT01,BT02,1,17:29:38,18:15:35,00:45:57,45.95
7920,264,1/29/2022,BT02,BT01,2,17:30:19,18:22:11,00:51:52,51.87
7921,250,1/29/2022,BT02,BT01,2,17:40:45,18:30:57,00:50:12,50.2
7922,1718,1/29/2022,BT01,BT02,1,18:02:14,18:49:26,00:47:12,47.2
7923,128,1/29/2022,BT02,BT01,2,18:04:18,19:05:20,01:01:02,61.03
7924,505,1/29/2022,BT01,BT02,1,19:19:59,20:00:13,00:40:14,40.23
7925,274,1/29/2022,BT01,BT02,1,19:43:09,20:20:16,00:37:07,37.12
7926,250,1/29/2022,BT01,BT02,1,20:32:15,21:09:09,00:36:54,36.9
7927,128,1/29/2022,BT01,BT02,1,20:55:59,21:27:44,00:31:45,31.75
7928,264,1/29/2022,BT01,BT02,1,21:04:39,21:35:25,00:30:46,30.77
7929,505,1/30/2022,BT02,BT01,2,05:34:27,06:09:04,00:34:37,34.62
7930,274,1/30/2022,BT02,BT01,2,06:30:46,07:11:40,00:40:54,40.9
7931,1409,1/30/2022,BT02,BT01,2,06:40:46,07:30:34,00:49:48,49.8
7932,505,1/30/2022,BT01,BT02,1,06:48:37,07:38:14,00:49:37,49.62
7933,274,1/30/2022,BT01,BT02,1,07:40:53,08:31:28,00:50:35,50.58
7934,1409,1/30/2022,BT01,BT02,1,07:49:15,08:38:56,00:49:41,49.68
7935,513,1/30/2022,BT02,BT01,2,08:09:58,08:58:47,00:48:49,48.82
7936,279,1/30/2022,BT02,BT01,2,08:19:48,09:11:57,00:52:09,52.15
7937,1377,1/30/2022,BT02,BT01,2,08:41:06,09:29:13,00:48:07,48.12
7938,123,1/30/2022,BT02,BT01,2,08:50:58,09:42:02,00:51:04,51.07
7939,1143,1/30/2022,BT02,BT01,2,09:00:44,09:49:29,00:48:45,48.75
7940,250,1/30/2022,BT02,BT01,2,09:10:26,10:04:48,00:54:22,54.37
7941,513,1/30/2022,BT01,BT02,1,09:20:27,10:18:50,00:58:23,58.38
7942,279,1/30/2022,BT01,BT02,1,09:28:01,10:24:40,00:56:39,56.65
7943,117,1/30/2022,BT02,BT01,2,09:30:07,10:23:03,00:52:56,52.93
7944,505,1/30/2022,BT02,BT01,2,09:50:37,10:40:16,00:49:39,49.65
7945,1377,1/30/2022,BT01,BT02,1,09:51:02,10:42:30,00:51:28,51.47
7946,123,1/30/2022,BT01,BT02,1,10:01:20,10:53:31,00:52:11,52.18
7947,1143,1/30/2022,BT01,BT02,1,10:10:54,11:02:48,00:51:54,51.9
7948,250,1/30/2022,BT01,BT02,1,10:20:11,11:14:28,00:54:17,54.28
7949,274,1/30/2022,BT02,BT01,2,10:31:14,11:23:12,00:51:58,51.97
7950,1409,1/30/2022,BT02,BT01,2,10:40:45,11:36:55,00:56:10,56.17
7951,117,1/30/2022,BT01,BT02,1,10:41:45,11:32:49,00:51:04,51.07
7952,505,1/30/2022,BT01,BT02,1,11:01:04,11:55:39,00:54:35,54.58
7953,513,1/30/2022,BT02,BT01,2,11:40:41,12:30:14,00:49:33,49.55
7954,274,1/30/2022,BT01,BT02,1,11:46:17,12:36:56,00:50:39,50.65
7955,279,1/30/2022,BT02,BT01,2,11:50:45,12:47:28,00:56:43,56.72
7956,1409,1/30/2022,BT01,BT02,1,12:01:06,12:59:18,00:58:12,58.2
7957,1377,1/30/2022,BT02,BT01,2,12:11:05,13:03:27,00:52:22,52.37
7958,123,1/30/2022,BT02,BT01,2,12:17:49,13:10:42,00:52:53,52.88
7959,1143,1/30/2022,BT02,BT01,2,12:30:14,13:21:29,00:51:15,51.25
7960,250,1/30/2022,BT02,BT01,2,12:40:51,13:36:00,00:55:09,55.15
7961,513,1/30/2022,BT01,BT02,1,12:59:39,13:38:30,00:38:51,38.85
7962,117,1/30/2022,BT02,BT01,2,13:00:07,13:50:52,00:50:45,50.75
7963,279,1/30/2022,BT01,BT02,1,13:10:39,14:06:44,00:56:05,56.08
7964,505,1/30/2022,BT02,BT01,2,13:19:57,14:12:37,00:52:40,52.67
7965,1377,1/30/2022,BT01,BT02,1,13:31:59,14:24:35,00:52:36,52.6
7966,123,1/30/2022,BT01,BT02,1,13:41:29,14:25:54,00:44:25,44.42
7967,274,1/30/2022,BT02,BT01,2,13:50:36,14:45:30,00:54:54,54.9
7968,1143,1/30/2022,BT01,BT02,1,13:50:55,14:42:10,00:51:15,51.25
7969,1409,1/30/2022,BT02,BT01,2,13:58:28,14:48:59,00:50:31,50.52
7970,250,1/30/2022,BT01,BT02,1,14:01:21,14:44:36,00:43:15,43.25
7971,117,1/30/2022,BT01,BT02,1,14:22:26,15:04:53,00:42:27,42.45
7972,505,1/30/2022,BT01,BT02,1,14:41:02,15:32:40,00:51:38,51.63
7973,513,1/30/2022,BT02,BT01,2,14:52:35,15:44:13,00:51:38,51.63
7974,279,1/30/2022,BT02,BT01,2,15:10:35,16:09:03,00:58:28,58.47
7975,1409,1/30/2022,BT01,BT02,1,15:11:47,16:03:31,00:51:44,51.73
7976,1377,1/30/2022,BT02,BT01,2,15:30:41,16:20:17,00:49:36,49.6
7977,274,1/30/2022,BT01,BT02,1,15:31:09,16:24:45,00:53:36,53.6
7978,123,1/30/2022,BT02,BT01,2,15:40:34,16:31:34,00:51:00,51
7979,294,1/30/2022,BT01,BT02,1,15:48:29,16:39:07,00:50:38,50.63
7980,1143,1/30/2022,BT02,BT01,2,15:51:08,16:45:35,00:54:27,54.45
7981,250,1/30/2022,BT02,BT01,2,16:00:36,16:50:26,00:49:50,49.83
7982,513,1/30/2022,BT01,BT02,1,16:10:51,17:00:43,00:49:52,49.87
7983,117,1/30/2022,BT02,BT01,2,16:20:58,17:13:54,00:52:56,52.93
7984,279,1/30/2022,BT01,BT02,1,16:30:34,17:21:31,00:50:57,50.95
7985,505,1/30/2022,BT02,BT01,2,16:41:01,17:37:32,00:56:31,56.52
7986,1377,1/30/2022,BT01,BT02,1,17:11:33,18:01:26,00:49:53,49.88
7987,123,1/30/2022,BT01,BT02,1,17:35:21,18:19:02,00:43:41,43.68
7988,279,1/30/2022,BT02,BT01,2,18:01:00,18:56:02,00:55:02,55.03
7989,1143,1/30/2022,BT01,BT02,1,18:03:53,18:49:41,00:45:48,45.8
7990,250,1/30/2022,BT01,BT02,1,18:12:07,19:02:03,00:49:56,49.93
7991,1377,1/30/2022,BT02,BT01,2,18:35:05,19:14:45,00:39:40,39.67
7992,505,1/30/2022,BT01,BT02,1,19:18:39,20:00:07,00:41:28,41.47
7993,1408,1/31/2022,BT02,BT01,2,05:06:52,05:47:31,00:40:39,40.65
7994,274,1/31/2022,BT02,BT01,2,05:40:35,06:15:05,00:34:30,34.5
7995,264,1/31/2022,BT02,BT01,2,05:58:55,06:46:26,00:47:31,47.52
7996,1408,1/31/2022,BT01,BT02,1,06:11:01,07:07:37,00:56:36,56.6
7997,279,1/31/2022,BT02,BT01,2,06:22:41,07:21:05,00:58:24,58.4
7998,117,1/31/2022,BT01,BT02,1,06:28:39,07:23:04,00:54:25,54.42
7999,1409,1/31/2022,BT02,BT01,2,06:40:47,07:34:20,00:53:33,53.55
8000,274,1/31/2022,BT01,BT02,1,06:44:02,07:34:31,00:50:29,50.48
8001,264,1/31/2022,BT01,BT02,1,07:01:17,07:56:24,00:55:07,55.12
8002,279,1/31/2022,BT01,BT02,1,07:33:04,08:24:39,00:51:35,51.58
8003,1377,1/31/2022,BT02,BT01,2,07:40:26,08:27:48,00:47:22,47.37
8004,1409,1/31/2022,BT01,BT02,1,07:44:06,08:34:28,00:50:22,50.37
8005,128,1/31/2022,BT02,BT01,2,07:50:27,08:43:02,00:52:35,52.58
8006,1143,1/31/2022,BT02,BT01,2,08:10:27,09:04:34,00:54:07,54.12
8007,121,1/31/2022,BT02,BT01,2,08:19:52,09:07:21,00:47:29,47.48
8008,123,1/31/2022,BT02,BT01,2,08:30:50,09:21:42,00:50:52,50.87
8009,1408,1/31/2022,BT02,BT01,2,08:40:45,09:31:44,00:50:59,50.98
8010,1377,1/31/2022,BT01,BT02,1,08:44:54,09:33:45,00:48:51,48.85
8011,117,1/31/2022,BT02,BT01,2,08:50:36,09:42:09,00:51:33,51.55
8012,128,1/31/2022,BT01,BT02,1,08:53:49,09:43:05,00:49:16,49.27
8013,274,1/31/2022,BT02,BT01,2,09:00:08,09:54:53,00:54:45,54.75
8014,1143,1/31/2022,BT01,BT02,1,09:20:23,10:13:34,00:53:11,53.18
8015,264,1/31/2022,BT02,BT01,2,09:20:24,10:09:34,00:49:10,49.17
8016,121,1/31/2022,BT01,BT02,1,09:30:48,10:16:55,00:46:07,46.12
8017,279,1/31/2022,BT02,BT01,2,09:40:46,10:34:42,00:53:56,53.93
8018,123,1/31/2022,BT01,BT02,1,09:41:34,10:25:24,00:43:50,43.83
8019,1409,1/31/2022,BT02,BT01,2,09:50:44,10:45:22,00:54:38,54.63
8020,1408,1/31/2022,BT01,BT02,1,09:51:05,10:46:42,00:55:37,55.62
8021,117,1/31/2022,BT01,BT02,1,10:00:16,10:52:56,00:52:40,52.67
8022,274,1/31/2022,BT01,BT02,1,10:11:19,11:00:20,00:49:01,49.02
8023,264,1/31/2022,BT01,BT02,1,10:31:06,11:22:31,00:51:25,51.42
8024,1377,1/31/2022,BT02,BT01,2,10:32:02,11:21:41,00:49:39,49.65
8025,128,1/31/2022,BT02,BT01,2,10:41:07,11:34:33,00:53:26,53.43
8026,279,1/31/2022,BT01,BT02,1,10:50:54,11:44:50,00:53:56,53.93
8027,1143,1/31/2022,BT02,BT01,2,11:00:32,11:53:31,00:52:59,52.98
8028,1409,1/31/2022,BT01,BT02,1,11:01:10,11:55:54,00:54:44,54.73
8029,121,1/31/2022,BT02,BT01,2,11:10:11,12:08:53,00:58:42,58.7
8030,123,1/31/2022,BT02,BT01,2,11:20:56,12:15:27,00:54:31,54.52
8031,1408,1/31/2022,BT02,BT01,2,11:30:43,12:27:59,00:57:16,57.27
8032,1377,1/31/2022,BT01,BT02,1,11:41:11,12:39:18,00:58:07,58.12
8033,117,1/31/2022,BT02,BT01,2,11:41:32,12:40:03,00:58:31,58.52
8034,274,1/31/2022,BT02,BT01,2,11:49:48,12:43:12,00:53:24,53.4
8035,128,1/31/2022,BT01,BT02,1,11:51:28,12:42:05,00:50:37,50.62
8036,264,1/31/2022,BT02,BT01,2,12:09:59,13:01:50,00:51:51,51.85
8037,1143,1/31/2022,BT01,BT02,1,12:11:57,13:18:51,01:06:54,66.9
8038,121,1/31/2022,BT01,BT02,1,12:21:44,13:22:45,01:01:01,61.02
8039,279,1/31/2022,BT02,BT01,2,12:30:31,13:24:37,00:54:06,54.1
8040,123,1/31/2022,BT01,BT02,1,12:31:33,13:27:21,00:55:48,55.8
8041,1408,1/31/2022,BT01,BT02,1,12:40:28,13:40:30,01:00:02,60.03
8042,1409,1/31/2022,BT02,BT01,2,12:40:50,13:30:32,00:49:42,49.7
8043,117,1/31/2022,BT01,BT02,1,12:58:45,13:52:39,00:53:54,53.9
8044,274,1/31/2022,BT01,BT02,1,13:12:28,14:06:48,00:54:20,54.33
8045,1377,1/31/2022,BT02,BT01,2,13:21:29,14:17:48,00:56:19,56.32
8046,264,1/31/2022,BT01,BT02,1,13:30:53,14:24:36,00:53:43,53.72
8047,128,1/31/2022,BT02,BT01,2,13:31:56,14:27:57,00:56:01,56.02
8048,1143,1/31/2022,BT02,BT01,2,13:51:21,14:47:14,00:55:53,55.88
8049,279,1/31/2022,BT01,BT02,1,13:51:44,14:43:18,00:51:34,51.57
8050,121,1/31/2022,BT02,BT01,2,14:00:32,14:53:56,00:53:24,53.4
8051,1409,1/31/2022,BT01,BT02,1,14:01:09,14:51:19,00:50:10,50.17
8052,123,1/31/2022,BT02,BT01,2,14:11:38,15:05:47,00:54:09,54.15
8053,1408,1/31/2022,BT02,BT01,2,14:20:29,15:15:57,00:55:28,55.47
8054,117,1/31/2022,BT02,BT01,2,14:31:30,15:21:19,00:49:49,49.82
8055,274,1/31/2022,BT02,BT01,2,14:40:54,15:29:04,00:48:10,48.17
8056,1377,1/31/2022,BT01,BT02,1,14:41:06,15:34:49,00:53:43,53.72
8057,128,1/31/2022,BT01,BT02,1,14:51:31,15:44:05,00:52:34,52.57
8058,264,1/31/2022,BT02,BT01,2,15:00:32,15:46:13,00:45:41,45.68
8059,1143,1/31/2022,BT01,BT02,1,15:12:44,16:05:35,00:52:51,52.85
8060,121,1/31/2022,BT01,BT02,1,15:20:49,16:15:56,00:55:07,55.12
8061,279,1/31/2022,BT02,BT01,2,15:21:10,16:12:45,00:51:35,51.58
8062,1409,1/31/2022,BT02,BT01,2,15:30:45,16:27:18,00:56:33,56.55
8063,123,1/31/2022,BT01,BT02,1,15:31:01,16:29:24,00:58:23,58.38
8064,1408,1/31/2022,BT01,BT02,1,15:41:35,16:36:01,00:54:26,54.43
8065,117,1/31/2022,BT01,BT02,1,15:51:04,16:44:21,00:53:17,53.28
8066,274,1/31/2022,BT01,BT02,1,16:00:13,16:43:30,00:43:17,43.28
8067,1377,1/31/2022,BT02,BT01,2,16:10:31,16:57:47,00:47:16,47.27
8068,264,1/31/2022,BT01,BT02,1,16:19:16,17:09:48,00:50:32,50.53
8069,128,1/31/2022,BT02,BT01,2,16:21:17,17:13:45,00:52:28,52.47
8070,279,1/31/2022,BT01,BT02,1,16:39:14,17:31:23,00:52:09,52.15
8071,1143,1/31/2022,BT02,BT01,2,16:40:45,17:32:36,00:51:51,51.85
8072,1409,1/31/2022,BT01,BT02,1,16:50:15,17:38:49,00:48:34,48.57
8073,121,1/31/2022,BT02,BT01,2,16:50:34,17:44:30,00:53:56,53.93
8074,123,1/31/2022,BT02,BT01,2,17:00:38,17:57:55,00:57:17,57.28
8075,1408,1/31/2022,BT02,BT01,2,17:11:13,18:03:58,00:52:45,52.75
8076,117,1/31/2022,BT02,BT01,2,17:21:02,18:14:09,00:53:07,53.12
8077,274,1/31/2022,BT02,BT01,2,17:30:51,18:19:47,00:48:56,48.93
8078,1377,1/31/2022,BT01,BT02,1,17:50:25,18:39:15,00:48:50,48.83
8079,279,1/31/2022,BT02,BT01,2,17:58:51,18:53:09,00:54:18,54.3
8080,128,1/31/2022,BT01,BT02,1,18:07:41,18:53:26,00:45:45,45.75
8081,1143,1/31/2022,BT01,BT02,1,18:58:18,19:43:22,00:45:04,45.07
8082,121,1/31/2022,BT01,BT02,1,19:16:29,19:58:28,00:41:59,41.98
8083,123,1/31/2022,BT01,BT02,1,19:43:30,20:25:55,00:42:25,42.42
8084,1408,1/31/2022,BT01,BT02,1,20:10:21,20:52:38,00:42:17,42.28
8085,274,1/31/2022,BT01,BT02,1,20:47:16,21:16:29,00:29:13,29.22
8086,279,1/31/2022,BT01,BT02,1,21:39:21,22:13:02,00:33:41,33.68
8087,1408,02-01-2022,BT02,BT01,2,04:59:49,05:42:41,00:42:52,42.87
8088,250,02-01-2022,BT02,BT01,2,05:50:18,06:40:22,00:50:04,50.07
8089,264,02-01-2022,BT02,BT01,2,06:00:23,06:41:20,00:40:57,40.95
8090,1410,02-01-2022,BT01,BT02,1,06:10:44,07:03:52,00:53:08,53.13
8091,262,02-01-2022,BT01,BT02,1,06:19:54,07:09:57,00:50:03,50.05
8092,117,02-01-2022,BT01,BT02,1,06:35:55,07:29:38,00:53:43,53.72
8093,1409,02-01-2022,BT02,BT01,2,06:49:48,07:34:11,00:44:23,44.38
8094,1408,02-01-2022,BT01,BT02,1,06:51:52,07:41:43,00:49:51,49.85
8095,1358,02-01-2022,BT02,BT01,2,07:00:16,07:42:36,00:42:20,42.33
8096,505,02-01-2022,BT01,BT02,1,07:00:49,07:50:00,00:49:11,49.18
8097,1718,02-01-2022,BT02,BT01,2,07:10:05,07:56:47,00:46:42,46.7
8098,250,02-01-2022,BT01,BT02,1,07:12:56,08:00:10,00:47:14,47.23
8099,264,02-01-2022,BT01,BT02,1,07:23:00,08:13:47,00:50:47,50.78
8100,513,02-01-2022,BT02,BT01,2,07:50:58,08:43:50,00:52:52,52.87
8101,1409,02-01-2022,BT01,BT02,1,08:01:15,08:49:38,00:48:23,48.38
8102,121,02-01-2022,BT02,BT01,2,08:10:47,09:01:22,00:50:35,50.58
8103,1358,02-01-2022,BT01,BT02,1,08:13:24,09:00:51,00:47:27,47.45
8104,116,02-01-2022,BT02,BT01,2,08:19:57,09:12:03,00:52:06,52.1
8105,1718,02-01-2022,BT01,BT02,1,08:21:18,09:12:26,00:51:08,51.13
8106,1377,02-01-2022,BT02,BT01,2,08:50:59,09:42:01,00:51:02,51.03
8107,513,02-01-2022,BT01,BT02,1,08:53:59,09:42:12,00:48:13,48.22
8108,1410,02-01-2022,BT02,BT01,2,09:00:06,09:52:42,00:52:36,52.6
8109,262,02-01-2022,BT02,BT01,2,09:10:55,10:02:29,00:51:34,51.57
8110,121,02-01-2022,BT01,BT02,1,09:11:52,10:02:42,00:50:50,50.83
8111,116,02-01-2022,BT01,BT02,1,09:21:03,10:14:40,00:53:37,53.62
8112,117,02-01-2022,BT02,BT01,2,09:21:21,10:20:00,00:58:39,58.65
8113,1408,02-01-2022,BT02,BT01,2,09:40:11,10:20:56,00:40:45,40.75
8114,505,02-01-2022,BT02,BT01,2,09:45:24,10:33:45,00:48:21,48.35
8115,250,02-01-2022,BT02,BT01,2,10:00:47,10:49:17,00:48:30,48.5
8116,1377,02-01-2022,BT01,BT02,1,10:01:32,10:53:42,00:52:10,52.17
8117,264,02-01-2022,BT02,BT01,2,10:10:56,10:59:53,00:48:57,48.95
8118,1410,02-01-2022,BT01,BT02,1,10:11:11,11:02:02,00:50:51,50.85
8119,262,02-01-2022,BT01,BT02,1,10:19:42,11:05:36,00:45:54,45.9
8120,117,02-01-2022,BT01,BT02,1,10:32:14,11:29:26,00:57:12,57.2
8121,1408,02-01-2022,BT01,BT02,1,10:50:18,11:46:28,00:56:10,56.17
8122,1409,02-01-2022,BT02,BT01,2,10:50:42,11:41:18,00:50:36,50.6
8123,1358,02-01-2022,BT02,BT01,2,11:00:24,11:55:00,00:54:36,54.6
8124,1718,02-01-2022,BT02,BT01,2,11:10:59,12:05:59,00:55:00,55
8125,250,02-01-2022,BT01,BT02,1,11:11:32,12:03:55,00:52:23,52.38
8126,264,02-01-2022,BT01,BT02,1,11:20:47,12:18:04,00:57:17,57.28
8127,513,02-01-2022,BT02,BT01,2,11:40:26,12:31:21,00:50:55,50.92
8128,1409,02-01-2022,BT01,BT02,1,12:00:27,12:56:39,00:56:12,56.2
8129,121,02-01-2022,BT02,BT01,2,12:00:35,12:49:54,00:49:19,49.32
8130,116,02-01-2022,BT02,BT01,2,12:10:34,13:07:09,00:56:35,56.58
8131,1358,02-01-2022,BT01,BT02,1,12:11:31,13:04:34,00:53:03,53.05
8132,1718,02-01-2022,BT01,BT02,1,12:21:53,13:16:11,00:54:18,54.3
8133,1377,02-01-2022,BT02,BT01,2,12:40:48,13:26:29,00:45:41,45.68
8134,513,02-01-2022,BT01,BT02,1,12:50:49,13:44:36,00:53:47,53.78
8135,1410,02-01-2022,BT02,BT01,2,12:50:49,13:44:29,00:53:40,53.67
8136,262,02-01-2022,BT02,BT01,2,12:59:45,13:53:24,00:53:39,53.65
8137,117,02-01-2022,BT02,BT01,2,13:10:32,14:07:50,00:57:18,57.3
8138,121,02-01-2022,BT01,BT02,1,13:12:28,14:05:11,00:52:43,52.72
8139,116,02-01-2022,BT01,BT02,1,13:19:54,14:19:26,00:59:32,59.53
8140,1408,02-01-2022,BT02,BT01,2,13:29:56,14:21:36,00:51:40,51.67
8141,250,02-01-2022,BT02,BT01,2,13:40:40,14:32:05,00:51:25,51.42
8142,264,02-01-2022,BT02,BT01,2,13:51:10,14:38:26,00:47:16,47.27
8143,1410,02-01-2022,BT01,BT02,1,14:00:42,14:48:47,00:48:05,48.08
8144,262,02-01-2022,BT01,BT02,1,14:10:20,15:01:36,00:51:16,51.27
8145,1409,02-01-2022,BT02,BT01,2,14:30:42,15:20:26,00:49:44,49.73
8146,117,02-01-2022,BT01,BT02,1,14:31:57,15:19:42,00:47:45,47.75
8147,1358,02-01-2022,BT02,BT01,2,14:39:27,15:28:10,00:48:43,48.72
8148,1408,02-01-2022,BT01,BT02,1,14:42:05,15:33:59,00:51:54,51.9
8149,1718,02-01-2022,BT02,BT01,2,14:50:30,15:39:39,00:49:09,49.15
8150,250,02-01-2022,BT01,BT02,1,14:51:26,15:37:33,00:46:07,46.12
8151,264,02-01-2022,BT01,BT02,1,15:01:00,15:43:45,00:42:45,42.75
8152,121,02-01-2022,BT02,BT01,2,15:29:44,16:18:55,00:49:11,49.18
8153,116,02-01-2022,BT02,BT01,2,15:40:15,16:35:36,00:55:21,55.35
8154,1409,02-01-2022,BT01,BT02,1,15:41:40,16:38:14,00:56:34,56.57
8155,1358,02-01-2022,BT01,BT02,1,16:01:34,16:54:51,00:53:17,53.28
8156,1718,02-01-2022,BT01,BT02,1,16:10:43,17:04:19,00:53:36,53.6
8157,1410,02-01-2022,BT02,BT01,2,16:10:47,16:59:26,00:48:39,48.65
8158,513,02-01-2022,BT02,BT01,2,16:21:19,17:13:09,00:51:50,51.83
8159,262,02-01-2022,BT02,BT01,2,16:30:26,17:17:16,00:46:50,46.83
8160,117,02-01-2022,BT02,BT01,2,16:50:43,17:44:32,00:53:49,53.82
8161,121,02-01-2022,BT01,BT02,1,16:51:43,17:46:15,00:54:32,54.53
8162,1408,02-01-2022,BT02,BT01,2,17:00:54,17:51:08,00:50:14,50.23
8163,116,02-01-2022,BT01,BT02,1,17:01:10,17:49:29,00:48:19,48.32
8164,1718,02-01-2022,BT02,BT01,2,17:07:51,18:13:20,01:05:29,65.48
8165,250,02-01-2022,BT02,BT01,2,17:10:55,18:04:03,00:53:08,53.13
8166,1410,02-01-2022,BT01,BT02,1,17:40:54,18:26:01,00:45:07,45.12
8167,1409,02-01-2022,BT02,BT01,2,17:41:39,18:36:16,00:54:37,54.62
8168,513,02-01-2022,BT01,BT02,1,17:51:22,18:39:04,00:47:42,47.7
8169,262,02-01-2022,BT01,BT02,1,18:00:29,18:45:40,00:45:11,45.18
8170,1408,02-01-2022,BT01,BT02,1,18:14:55,19:03:08,00:48:13,48.22
8171,250,02-01-2022,BT01,BT02,1,19:19:54,19:58:48,00:38:54,38.9
8172,1409,02-01-2022,BT01,BT02,1,20:25:04,21:02:19,00:37:15,37.25
8173,1718,02-01-2022,BT01,BT02,1,20:50:13,21:23:57,00:33:44,33.73
8174,1408,02-02-2022,BT02,BT01,2,05:12:42,05:51:34,00:38:52,38.87
8175,279,02-02-2022,BT02,BT01,2,05:30:25,06:06:31,00:36:06,36.1
8176,264,02-02-2022,BT02,BT01,2,05:49:31,06:36:43,00:47:12,47.2
8177,262,02-02-2022,BT01,BT02,1,06:10:40,06:52:53,00:42:13,42.22
8178,123,02-02-2022,BT02,BT01,2,06:30:31,07:22:46,00:52:15,52.25
8179,1408,02-02-2022,BT01,BT02,1,06:31:18,07:28:50,00:57:32,57.53
8180,1409,02-02-2022,BT02,BT01,2,06:40:04,07:30:58,00:50:54,50.9
8181,1410,02-02-2022,BT01,BT02,1,06:51:21,07:40:28,00:49:07,49.12
8182,279,02-02-2022,BT01,BT02,1,07:02:01,07:51:50,00:49:49,49.82
8183,1718,02-02-2022,BT02,BT01,2,07:09:56,07:51:18,00:41:22,41.37
8184,264,02-02-2022,BT01,BT02,1,07:12:48,08:03:26,00:50:38,50.63
8185,513,02-02-2022,BT02,BT01,2,07:40:41,08:30:01,00:49:20,49.33
8186,121,02-02-2022,BT02,BT01,2,07:49:40,08:44:17,00:54:37,54.62
8187,123,02-02-2022,BT01,BT02,1,07:53:15,08:39:34,00:46:19,46.32
8188,116,02-02-2022,BT02,BT01,2,08:09:30,09:00:45,00:51:15,51.25
8189,1718,02-02-2022,BT01,BT02,1,08:21:15,09:10:32,00:49:17,49.28
8190,1377,02-02-2022,BT02,BT01,2,08:30:35,09:21:09,00:50:34,50.57
8191,1409,02-02-2022,BT01,BT02,1,08:44:46,09:33:43,00:48:57,48.95
8192,513,02-02-2022,BT01,BT02,1,08:53:57,09:43:36,00:49:39,49.65
8193,262,02-02-2022,BT02,BT01,2,08:59:47,09:50:20,00:50:33,50.55
8194,121,02-02-2022,BT01,BT02,1,09:01:05,09:50:42,00:49:37,49.62
8195,1408,02-02-2022,BT02,BT01,2,09:10:50,10:03:30,00:52:40,52.67
8196,116,02-02-2022,BT01,BT02,1,09:20:15,10:13:10,00:52:55,52.92
8197,1410,02-02-2022,BT02,BT01,2,09:31:17,10:25:09,00:53:52,53.87
8198,279,02-02-2022,BT02,BT01,2,09:39:20,10:33:55,00:54:35,54.58
8199,1377,02-02-2022,BT01,BT02,1,09:41:24,10:30:23,00:48:59,48.98
8200,264,02-02-2022,BT02,BT01,2,09:51:04,10:39:37,00:48:33,48.55
8201,262,02-02-2022,BT01,BT02,1,10:10:41,11:06:32,00:55:51,55.85
8202,1408,02-02-2022,BT01,BT02,1,10:21:13,11:10:16,00:49:03,49.05
8203,123,02-02-2022,BT02,BT01,2,10:30:39,11:20:51,00:50:12,50.2
8204,1410,02-02-2022,BT01,BT02,1,10:40:46,11:40:04,00:59:18,59.3
8205,1409,02-02-2022,BT02,BT01,2,10:40:47,11:34:32,00:53:45,53.75
8206,279,02-02-2022,BT01,BT02,1,10:49:57,11:47:05,00:57:08,57.13
8207,1718,02-02-2022,BT02,BT01,2,10:59:46,11:50:28,00:50:42,50.7
8208,264,02-02-2022,BT01,BT02,1,10:59:52,11:53:02,00:53:10,53.17
8209,513,02-02-2022,BT02,BT01,2,11:19:58,12:21:50,01:01:52,61.87
8210,121,02-02-2022,BT02,BT01,2,11:30:25,12:23:10,00:52:45,52.75
8211,123,02-02-2022,BT01,BT02,1,11:40:54,12:35:20,00:54:26,54.43
8212,116,02-02-2022,BT02,BT01,2,11:40:59,12:35:24,00:54:25,54.42
8213,1409,02-02-2022,BT01,BT02,1,11:51:28,12:47:37,00:56:09,56.15
8214,1377,02-02-2022,BT02,BT01,2,12:10:50,13:03:24,00:52:34,52.57
8215,1718,02-02-2022,BT01,BT02,1,12:21:49,13:12:23,00:50:34,50.57
8216,513,02-02-2022,BT01,BT02,1,12:31:21,13:21:31,00:50:10,50.17
8217,262,02-02-2022,BT02,BT01,2,12:32:24,13:27:40,00:55:16,55.27
8218,121,02-02-2022,BT01,BT02,1,12:40:22,13:32:30,00:52:08,52.13
8219,1408,02-02-2022,BT02,BT01,2,12:50:37,13:48:02,00:57:25,57.42
8220,116,02-02-2022,BT01,BT02,1,12:51:25,13:48:56,00:57:31,57.52
8221,1410,02-02-2022,BT02,BT01,2,13:11:00,14:03:19,00:52:19,52.32
8222,1377,02-02-2022,BT01,BT02,1,13:20:23,14:08:46,00:48:23,48.38
8223,279,02-02-2022,BT02,BT01,2,13:21:02,14:15:13,00:54:11,54.18
8224,264,02-02-2022,BT02,BT01,2,13:29:49,14:22:58,00:53:09,53.15
8225,262,02-02-2022,BT01,BT02,1,13:41:19,14:33:01,00:51:42,51.7
8226,1408,02-02-2022,BT01,BT02,1,14:01:09,14:52:00,00:50:51,50.85
8227,123,02-02-2022,BT02,BT01,2,14:11:00,15:00:25,00:49:25,49.42
8228,1409,02-02-2022,BT02,BT01,2,14:20:41,15:12:31,00:51:50,51.83
8229,1410,02-02-2022,BT01,BT02,1,14:21:16,15:09:46,00:48:30,48.5
8230,279,02-02-2022,BT01,BT02,1,14:31:19,15:20:59,00:49:40,49.67
8231,1718,02-02-2022,BT02,BT01,2,14:39:59,15:29:18,00:49:19,49.32
8232,264,02-02-2022,BT01,BT02,1,14:40:55,15:29:01,00:48:06,48.1
8233,513,02-02-2022,BT02,BT01,2,14:50:53,15:43:21,00:52:28,52.47
8234,121,02-02-2022,BT02,BT01,2,15:00:45,15:49:47,00:49:02,49.03
8235,116,02-02-2022,BT02,BT01,2,15:11:12,16:03:18,00:52:06,52.1
8236,123,02-02-2022,BT01,BT02,1,15:21:42,16:14:24,00:52:42,52.7
8237,1409,02-02-2022,BT01,BT02,1,15:31:19,16:27:21,00:56:02,56.03
8238,1377,02-02-2022,BT02,BT01,2,15:39:46,16:31:21,00:51:35,51.58
8239,1718,02-02-2022,BT01,BT02,1,15:51:01,16:47:09,00:56:08,56.13
8240,513,02-02-2022,BT01,BT02,1,16:01:37,16:56:36,00:54:59,54.98
8241,262,02-02-2022,BT02,BT01,2,16:10:27,16:58:06,00:47:39,47.65
8242,121,02-02-2022,BT01,BT02,1,16:10:28,17:04:36,00:54:08,54.13
8243,116,02-02-2022,BT01,BT02,1,16:20:28,17:14:11,00:53:43,53.72
8244,1408,02-02-2022,BT02,BT01,2,16:30:57,17:23:43,00:52:46,52.77
8245,1377,02-02-2022,BT01,BT02,1,16:50:01,17:38:46,00:48:45,48.75
8246,1410,02-02-2022,BT02,BT01,2,16:50:45,17:42:10,00:51:25,51.42
8247,279,02-02-2022,BT02,BT01,2,17:00:16,17:53:26,00:53:10,53.17
8248,264,02-02-2022,BT02,BT01,2,17:10:27,18:04:16,00:53:49,53.82
8249,262,02-02-2022,BT01,BT02,1,17:29:37,18:16:13,00:46:36,46.6
8250,1408,02-02-2022,BT01,BT02,1,17:51:05,18:39:39,00:48:34,48.57
8251,1409,02-02-2022,BT02,BT01,2,17:51:05,18:51:13,01:00:08,60.13
8252,1410,02-02-2022,BT01,BT02,1,18:16:28,19:00:45,00:44:17,44.28
8253,1377,02-02-2022,BT02,BT01,2,18:21:03,19:04:17,00:43:14,43.23
8254,279,02-02-2022,BT01,BT02,1,18:31:47,19:16:04,00:44:17,44.28
8255,262,02-02-2022,BT02,BT01,2,18:39:43,19:22:11,00:42:28,42.47
8256,264,02-02-2022,BT01,BT02,1,18:57:10,19:40:14,00:43:04,43.07
8257,1408,02-03-2022,BT02,BT01,2,05:05:06,05:47:29,00:42:23,42.38
8258,505,02-03-2022,BT02,BT01,2,05:30:36,06:35:45,01:05:09,65.15
8259,279,02-03-2022,BT02,BT01,2,05:39:29,06:22:33,00:43:04,43.07
8260,123,02-03-2022,BT02,BT01,2,06:10:35,06:52:14,00:41:39,41.65
8261,1408,02-03-2022,BT01,BT02,1,06:20:58,07:14:14,00:53:16,53.27
8262,128,02-03-2022,BT02,BT01,2,06:21:29,07:08:03,00:46:34,46.57
8263,117,02-03-2022,BT01,BT02,1,06:30:10,07:26:18,00:56:08,56.13
8264,1409,02-03-2022,BT02,BT01,2,06:30:42,07:20:52,00:50:10,50.17
8265,1358,02-03-2022,BT02,BT01,2,06:40:12,07:21:06,00:40:54,40.9
8266,262,02-03-2022,BT01,BT02,1,06:40:19,07:33:36,00:53:17,53.28
8267,279,02-03-2022,BT01,BT02,1,06:55:49,07:50:25,00:54:36,54.6
8268,505,02-03-2022,BT01,BT02,1,07:00:48,07:52:19,00:51:31,51.52
8269,275,02-03-2022,BT01,BT02,1,07:17:35,08:07:30,00:49:55,49.92
8270,123,02-03-2022,BT01,BT02,1,07:31:32,08:19:58,00:48:26,48.43
8271,128,02-03-2022,BT01,BT02,1,07:41:26,08:27:00,00:45:34,45.57
8272,1409,02-03-2022,BT01,BT02,1,07:53:28,08:43:49,00:50:21,50.35
8273,121,02-03-2022,BT02,BT01,2,08:00:03,08:48:03,00:48:00,48
8274,1358,02-03-2022,BT01,BT02,1,08:01:18,08:52:51,00:51:33,51.55
8275,116,02-03-2022,BT02,BT01,2,08:10:32,09:02:44,00:52:12,52.2
8276,1143,02-03-2022,BT02,BT01,2,08:59:08,09:49:14,00:50:06,50.1
8277,121,02-03-2022,BT01,BT02,1,09:02:40,09:51:35,00:48:55,48.92
8278,250,02-03-2022,BT02,BT01,2,09:10:48,10:01:02,00:50:14,50.23
8279,116,02-03-2022,BT01,BT02,1,09:11:44,10:01:44,00:50:00,50
8280,1408,02-03-2022,BT02,BT01,2,09:30:52,10:29:09,00:58:17,58.28
8281,117,02-03-2022,BT02,BT01,2,09:40:13,10:36:03,00:55:50,55.83
8282,262,02-03-2022,BT02,BT01,2,09:50:19,10:40:19,00:50:00,50
8283,279,02-03-2022,BT02,BT01,2,10:02:01,10:53:01,00:51:00,51
8284,1143,02-03-2022,BT01,BT02,1,10:11:08,11:02:46,00:51:38,51.63
8285,250,02-03-2022,BT01,BT02,1,10:21:04,11:22:00,01:00:56,60.93
8286,275,02-03-2022,BT02,BT01,2,10:35:39,11:38:14,01:02:35,62.58
8287,123,02-03-2022,BT02,BT01,2,10:41:07,11:36:53,00:55:46,55.77
8288,1408,02-03-2022,BT01,BT02,1,10:41:15,11:37:08,00:55:53,55.88
8289,117,02-03-2022,BT01,BT02,1,10:50:07,11:43:08,00:53:01,53.02
8290,128,02-03-2022,BT02,BT01,2,10:50:42,11:48:54,00:58:12,58.2
8291,1358,02-03-2022,BT02,BT01,2,11:00:43,11:53:00,00:52:17,52.28
8292,262,02-03-2022,BT01,BT02,1,11:10:06,12:05:00,00:54:54,54.9
8293,279,02-03-2022,BT01,BT02,1,11:21:34,12:21:50,01:00:16,60.27
8294,123,02-03-2022,BT01,BT02,1,11:51:33,12:44:50,00:53:17,53.28
8295,121,02-03-2022,BT02,BT01,2,12:00:40,12:47:38,00:46:58,46.97
8296,128,02-03-2022,BT01,BT02,1,12:00:52,12:57:38,00:56:46,56.77
8297,116,02-03-2022,BT02,BT01,2,12:11:09,13:01:21,00:50:12,50.2
8298,1358,02-03-2022,BT01,BT02,1,12:12:00,13:06:45,00:54:45,54.75
8299,1143,02-03-2022,BT02,BT01,2,12:50:17,13:42:02,00:51:45,51.75
8300,250,02-03-2022,BT02,BT01,2,13:00:52,13:56:46,00:55:54,55.9
8301,1408,02-03-2022,BT02,BT01,2,13:10:46,14:07:05,00:56:19,56.32
8302,117,02-03-2022,BT02,BT01,2,13:20:54,14:16:44,00:55:50,55.83
8303,121,02-03-2022,BT01,BT02,1,13:21:08,14:15:47,00:54:39,54.65
8304,116,02-03-2022,BT01,BT02,1,13:30:31,14:22:39,00:52:08,52.13
8305,262,02-03-2022,BT02,BT01,2,13:31:20,14:21:50,00:50:30,50.5
8306,275,02-03-2022,BT01,BT02,1,13:34:37,14:24:28,00:49:51,49.85
8307,279,02-03-2022,BT02,BT01,2,13:42:18,14:33:56,00:51:38,51.63
8308,123,02-03-2022,BT02,BT01,2,14:10:17,14:59:44,00:49:27,49.45
8309,1143,02-03-2022,BT01,BT02,1,14:10:46,15:02:27,00:51:41,51.68
8310,250,02-03-2022,BT01,BT02,1,14:21:00,15:08:01,00:47:01,47.02
8311,128,02-03-2022,BT02,BT01,2,14:21:06,15:13:20,00:52:14,52.23
8312,1358,02-03-2022,BT02,BT01,2,14:30:01,15:22:04,00:52:03,52.05
8313,1408,02-03-2022,BT01,BT02,1,14:32:03,15:21:34,00:49:31,49.52
8314,117,02-03-2022,BT01,BT02,1,14:41:07,15:34:50,00:53:43,53.72
8315,262,02-03-2022,BT01,BT02,1,14:51:16,15:41:12,00:49:56,49.93
8316,279,02-03-2022,BT01,BT02,1,15:00:29,15:51:32,00:51:03,51.05
8317,121,02-03-2022,BT02,BT01,2,15:20:22,16:14:19,00:53:57,53.95
8318,116,02-03-2022,BT02,BT01,2,15:30:17,16:23:09,00:52:52,52.87
8319,123,02-03-2022,BT01,BT02,1,15:31:28,16:25:38,00:54:10,54.17
8320,128,02-03-2022,BT01,BT02,1,15:41:26,16:35:25,00:53:59,53.98
8321,1358,02-03-2022,BT01,BT02,1,15:51:20,16:48:35,00:57:15,57.25
8322,1143,02-03-2022,BT02,BT01,2,16:11:06,16:59:05,00:47:59,47.98
8323,1408,02-03-2022,BT02,BT01,2,16:30:57,17:26:43,00:55:46,55.77
8324,121,02-03-2022,BT01,BT02,1,16:39:37,17:34:57,00:55:20,55.33
8325,117,02-03-2022,BT02,BT01,2,16:40:33,17:35:51,00:55:18,55.3
8326,262,02-03-2022,BT02,BT01,2,16:50:29,17:45:48,00:55:19,55.32
8327,116,02-03-2022,BT01,BT02,1,16:51:47,17:48:26,00:56:39,56.65
8328,275,02-03-2022,BT02,BT01,2,16:55:25,17:46:43,00:51:18,51.3
8329,505,02-03-2022,BT02,BT01,2,17:00:47,17:53:34,00:52:47,52.78
8330,279,02-03-2022,BT02,BT01,2,17:10:25,18:03:55,00:53:30,53.5
8331,123,02-03-2022,BT02,BT01,2,17:29:37,18:17:59,00:48:22,48.37
8332,1143,02-03-2022,BT01,BT02,1,17:31:58,18:22:15,00:50:17,50.28
8333,128,02-03-2022,BT02,BT01,2,17:41:37,18:33:31,00:51:54,51.9
8334,505,02-03-2022,BT01,BT02,1,18:10:05,18:54:39,00:44:34,44.57
8335,279,02-03-2022,BT01,BT02,1,18:47:09,19:30:41,00:43:32,43.53
8336,275,02-03-2022,BT01,BT02,1,18:52:34,19:39:20,00:46:46,46.77
8337,123,02-03-2022,BT01,BT02,1,19:30:37,20:12:54,00:42:17,42.28
8338,128,02-03-2022,BT01,BT02,1,20:02:14,20:41:52,00:39:38,39.63
8339,505,02-04-2022,BT02,BT01,2,05:30:45,06:05:06,00:34:21,34.35
8340,279,02-04-2022,BT02,BT01,2,05:58:17,06:41:24,00:43:07,43.12
8341,505,02-04-2022,BT01,BT02,1,07:05:26,07:51:58,00:46:32,46.53
8342,121,02-04-2022,BT02,BT01,2,07:06:45,07:55:07,00:48:22,48.37
8343,279,02-04-2022,BT01,BT02,1,07:24:04,08:24:39,01:00:35,60.58
8344,121,02-04-2022,BT01,BT02,1,08:08:58,09:13:26,01:04:28,64.47
8345,116,02-04-2022,BT02,BT01,2,08:20:06,09:12:03,00:51:57,51.95
8346,505,02-04-2022,BT02,BT01,2,09:00:00,10:00:41,01:00:41,60.68
8347,279,02-04-2022,BT02,BT01,2,09:12:41,10:05:28,00:52:47,52.78
8348,1143,02-04-2022,BT02,BT01,2,09:42:09,10:37:22,00:55:13,55.22
8349,121,02-04-2022,BT02,BT01,2,10:02:02,11:02:11,01:00:09,60.15
8350,116,02-04-2022,BT01,BT02,1,10:31:06,11:32:25,01:01:19,61.32
8351,275,02-04-2022,BT01,BT02,1,10:50:20,12:01:12,01:10:52,70.87
8352,505,02-04-2022,BT01,BT02,1,11:40:47,12:40:53,01:00:06,60.1
8353,279,02-04-2022,BT01,BT02,1,11:51:20,12:57:13,01:05:53,65.88
8354,116,02-04-2022,BT02,BT01,2,11:54:19,12:54:20,01:00:01,60.02
8355,275,02-04-2022,BT02,BT01,2,12:15:19,13:14:06,00:58:47,58.78
8356,1143,02-04-2022,BT01,BT02,1,12:43:23,13:50:39,01:07:16,67.27
8357,121,02-04-2022,BT01,BT02,1,13:10:59,13:58:52,00:47:53,47.88
8358,116,02-04-2022,BT01,BT02,1,13:31:57,14:17:21,00:45:24,45.4
8359,1143,02-04-2022,BT02,BT01,2,14:12:31,15:08:52,00:56:21,56.35
8360,121,02-04-2022,BT02,BT01,2,14:48:22,15:44:57,00:56:35,56.58
8361,275,02-04-2022,BT01,BT02,1,15:11:07,16:00:00,00:48:53,48.88
8362,275,02-04-2022,BT02,BT01,2,16:47:01,17:38:30,00:51:29,51.48
8363,1143,02-04-2022,BT01,BT02,1,17:00:47,17:47:12,00:46:25,46.42
8364,121,02-04-2022,BT01,BT02,1,17:28:04,18:06:37,00:38:33,38.55
8365,275,02-04-2022,BT01,BT02,1,18:58:23,19:43:21,00:44:58,44.97
8366,1408,02-05-2022,BT02,BT01,2,05:11:01,05:50:59,00:39:58,39.97
8367,274,02-05-2022,BT02,BT01,2,05:41:23,06:15:45,00:34:22,34.37
8368,123,02-05-2022,BT02,BT01,2,05:51:11,06:37:16,00:46:05,46.08
8369,1408,02-05-2022,BT01,BT02,1,06:10:45,07:01:15,00:50:30,50.5
8370,1410,02-05-2022,BT01,BT02,1,06:33:29,07:24:08,00:50:39,50.65
8371,1409,02-05-2022,BT02,BT01,2,06:40:17,07:32:32,00:52:15,52.25
8372,274,02-05-2022,BT01,BT02,1,07:01:06,07:44:55,00:43:49,43.82
8373,513,02-05-2022,BT02,BT01,2,07:09:32,07:54:01,00:44:29,44.48
8374,123,02-05-2022,BT01,BT02,1,07:12:49,07:57:30,00:44:41,44.68
8375,279,02-05-2022,BT02,BT01,2,07:49:47,08:42:04,00:52:17,52.28
8376,1409,02-05-2022,BT01,BT02,1,07:53:24,08:48:09,00:54:45,54.75
8377,1377,02-05-2022,BT02,BT01,2,08:08:53,08:58:39,00:49:46,49.77
8378,513,02-05-2022,BT01,BT02,1,08:13:22,08:58:33,00:45:11,45.18
8379,264,02-05-2022,BT02,BT01,2,08:30:43,09:15:46,00:45:03,45.05
8380,505,02-05-2022,BT02,BT01,2,08:49:35,09:46:19,00:56:44,56.73
8381,279,02-05-2022,BT01,BT02,1,08:55:10,09:46:44,00:51:34,51.57
8382,1143,02-05-2022,BT02,BT01,2,08:58:17,09:52:21,00:54:04,54.07
8383,1408,02-05-2022,BT02,BT01,2,09:09:44,10:04:18,00:54:34,54.57
8384,1377,02-05-2022,BT01,BT02,1,09:11:00,10:02:27,00:51:27,51.45
8385,1410,02-05-2022,BT02,BT01,2,09:29:17,10:23:14,00:53:57,53.95
8386,264,02-05-2022,BT01,BT02,1,09:30:44,10:25:45,00:55:01,55.02
8387,250,02-05-2022,BT02,BT01,2,09:50:53,10:42:04,00:51:11,51.18
8388,505,02-05-2022,BT01,BT02,1,10:00:01,10:50:06,00:50:05,50.08
8389,274,02-05-2022,BT02,BT01,2,10:00:43,10:55:45,00:55:02,55.03
8390,1143,02-05-2022,BT01,BT02,1,10:10:16,11:01:35,00:51:19,51.32
8391,123,02-05-2022,BT02,BT01,2,10:10:37,11:02:31,00:51:54,51.9
8392,1408,02-05-2022,BT01,BT02,1,10:21:24,11:11:52,00:50:28,50.47
8393,275,02-05-2022,BT01,BT02,1,10:34:06,11:26:35,00:52:29,52.48
8394,1410,02-05-2022,BT01,BT02,1,10:41:13,11:36:12,00:54:59,54.98
8395,1409,02-05-2022,BT02,BT01,2,10:51:46,11:53:07,01:01:21,61.35
8396,513,02-05-2022,BT02,BT01,2,10:58:23,11:55:38,00:57:15,57.25
8397,250,02-05-2022,BT01,BT02,1,11:01:32,11:52:52,00:51:20,51.33
8398,274,02-05-2022,BT01,BT02,1,11:11:12,12:09:11,00:57:59,57.98
8399,279,02-05-2022,BT02,BT01,2,11:20:26,11:59:51,00:39:25,39.42
8400,123,02-05-2022,BT01,BT02,1,11:20:56,12:20:44,00:59:48,59.8
8401,1377,02-05-2022,BT02,BT01,2,11:39:02,12:36:33,00:57:31,57.52
8402,264,02-05-2022,BT02,BT01,2,12:00:29,13:02:56,01:02:27,62.45
8403,1409,02-05-2022,BT01,BT02,1,12:11:25,13:07:52,00:56:27,56.45
8404,505,02-05-2022,BT02,BT01,2,12:20:33,13:16:00,00:55:27,55.45
8405,513,02-05-2022,BT01,BT02,1,12:23:28,13:13:41,00:50:13,50.22
8406,1143,02-05-2022,BT02,BT01,2,12:30:39,13:22:44,00:52:05,52.08
8407,275,02-05-2022,BT02,BT01,2,12:34:45,13:26:45,00:52:00,52
8408,1408,02-05-2022,BT02,BT01,2,12:41:12,13:39:25,00:58:13,58.22
8409,279,02-05-2022,BT01,BT02,1,12:42:57,13:41:42,00:58:45,58.75
8410,1410,02-05-2022,BT02,BT01,2,13:00:41,13:55:12,00:54:31,54.52
8411,1377,02-05-2022,BT01,BT02,1,13:08:33,13:57:31,00:48:58,48.97
8412,250,02-05-2022,BT02,BT01,2,13:20:30,14:17:11,00:56:41,56.68
8413,274,02-05-2022,BT02,BT01,2,13:28:35,14:27:01,00:58:26,58.43
8414,264,02-05-2022,BT01,BT02,1,13:30:58,14:21:51,00:50:53,50.88
8415,505,02-05-2022,BT01,BT02,1,13:51:18,14:45:29,00:54:11,54.18
8416,123,02-05-2022,BT02,BT01,2,14:00:21,14:50:27,00:50:06,50.1
8417,1143,02-05-2022,BT01,BT02,1,14:01:08,14:46:26,00:45:18,45.3
8418,1408,02-05-2022,BT01,BT02,1,14:11:09,14:53:10,00:42:01,42.02
8419,1410,02-05-2022,BT01,BT02,1,14:31:03,15:24:24,00:53:21,53.35
8420,1409,02-05-2022,BT02,BT01,2,14:41:03,15:35:26,00:54:23,54.38
8421,513,02-05-2022,BT02,BT01,2,14:49:51,15:39:25,00:49:34,49.57
8422,250,02-05-2022,BT01,BT02,1,14:50:42,15:43:14,00:52:32,52.53
8423,274,02-05-2022,BT01,BT02,1,15:01:47,15:56:03,00:54:16,54.27
8424,123,02-05-2022,BT01,BT02,1,15:12:19,16:06:30,00:54:11,54.18
8425,1377,02-05-2022,BT02,BT01,2,15:30:33,16:29:58,00:59:25,59.42
8426,264,02-05-2022,BT02,BT01,2,15:50:43,16:39:52,00:49:09,49.15
8427,1409,02-05-2022,BT01,BT02,1,15:51:39,16:46:52,00:55:13,55.22
8428,513,02-05-2022,BT01,BT02,1,16:02:07,16:46:20,00:44:13,44.22
8429,505,02-05-2022,BT02,BT01,2,16:10:38,16:55:31,00:44:53,44.88
8430,1143,02-05-2022,BT02,BT01,2,16:20:26,17:17:41,00:57:15,57.25
8431,1408,02-05-2022,BT02,BT01,2,16:29:57,17:21:13,00:51:16,51.27
8432,1377,02-05-2022,BT01,BT02,1,16:42:13,17:34:23,00:52:10,52.17
8433,1410,02-05-2022,BT02,BT01,2,16:50:03,17:44:16,00:54:13,54.22
8434,264,02-05-2022,BT01,BT02,1,17:00:03,17:48:04,00:48:01,48.02
8435,279,02-05-2022,BT02,BT01,2,17:11:00,18:06:30,00:55:30,55.5
8436,505,02-05-2022,BT01,BT02,1,17:20:18,18:09:24,00:49:06,49.1
8437,250,02-05-2022,BT02,BT01,2,17:20:32,18:16:10,00:55:38,55.63
8438,274,02-05-2022,BT02,BT01,2,17:30:59,18:26:03,00:55:04,55.07
8439,1143,02-05-2022,BT01,BT02,1,17:41:13,18:27:42,00:46:29,46.48
8440,1408,02-05-2022,BT01,BT02,1,17:52:13,18:39:10,00:46:57,46.95
8441,1410,02-05-2022,BT01,BT02,1,18:26:11,19:12:34,00:46:23,46.38
8442,279,02-05-2022,BT01,BT02,1,19:20:39,20:02:33,00:41:54,41.9
8443,250,02-05-2022,BT01,BT02,1,19:37:07,20:17:28,00:40:21,40.35
8444,274,02-05-2022,BT01,BT02,1,19:55:58,20:41:18,00:45:20,45.33
8445,1408,02-06-2022,BT02,BT01,2,05:17:36,05:52:13,00:34:37,34.62
8446,505,02-06-2022,BT02,BT01,2,05:35:57,06:08:28,00:32:31,32.52
8447,1358,02-06-2022,BT02,BT01,2,05:59:49,06:42:06,00:42:17,42.28
8448,117,02-06-2022,BT01,BT02,1,06:21:11,07:12:50,00:51:39,51.65
8449,1410,02-06-2022,BT01,BT02,1,06:32:56,07:27:41,00:54:45,54.75
8450,1408,02-06-2022,BT01,BT02,1,06:40:15,07:32:23,00:52:08,52.13
8451,513,02-06-2022,BT02,BT01,2,06:41:44,07:25:29,00:43:45,43.75
8452,121,02-06-2022,BT02,BT01,2,06:51:06,07:39:45,00:48:39,48.65
8453,505,02-06-2022,BT01,BT02,1,06:59:02,07:48:06,00:49:04,49.07
8454,116,02-06-2022,BT02,BT01,2,06:59:47,07:45:44,00:45:57,45.95
8455,1358,02-06-2022,BT01,BT02,1,07:13:12,07:55:42,00:42:30,42.5
8456,513,02-06-2022,BT01,BT02,1,07:42:12,08:31:18,00:49:06,49.1
8457,121,02-06-2022,BT01,BT02,1,07:50:00,08:45:25,00:55:25,55.42
8458,116,02-06-2022,BT01,BT02,1,08:01:00,08:53:55,00:52:55,52.92
8459,250,02-06-2022,BT02,BT01,2,08:20:55,09:11:14,00:50:19,50.32
8460,1718,02-06-2022,BT02,BT01,2,08:30:42,09:21:03,00:50:21,50.35
8461,117,02-06-2022,BT02,BT01,2,08:59:47,09:50:18,00:50:31,50.52
8462,1410,02-06-2022,BT02,BT01,2,09:11:08,10:02:36,00:51:28,51.47
8463,1408,02-06-2022,BT02,BT01,2,09:20:42,10:14:09,00:53:27,53.45
8464,250,02-06-2022,BT01,BT02,1,09:21:36,10:15:25,00:53:49,53.82
8465,505,02-06-2022,BT02,BT01,2,09:29:29,10:20:48,00:51:19,51.32
8466,1718,02-06-2022,BT01,BT02,1,09:41:36,10:37:31,00:55:55,55.92
8467,1358,02-06-2022,BT02,BT01,2,09:41:41,10:34:56,00:53:15,53.25
8468,121,02-06-2022,BT02,BT01,2,10:10:58,11:04:17,00:53:19,53.32
8469,117,02-06-2022,BT01,BT02,1,10:11:05,11:02:54,00:51:49,51.82
8470,116,02-06-2022,BT02,BT01,2,10:20:31,11:15:45,00:55:14,55.23
8471,1410,02-06-2022,BT01,BT02,1,10:21:03,11:19:42,00:58:39,58.65
8472,1408,02-06-2022,BT01,BT02,1,10:31:11,11:24:35,00:53:24,53.4
8473,505,02-06-2022,BT01,BT02,1,10:39:54,11:23:48,00:43:54,43.9
8474,1358,02-06-2022,BT01,BT02,1,10:50:19,11:52:41,01:02:22,62.37
8475,250,02-06-2022,BT02,BT01,2,11:09:15,12:20:30,01:11:15,71.25
8476,121,02-06-2022,BT01,BT02,1,11:20:41,12:19:59,00:59:18,59.3
8477,1718,02-06-2022,BT02,BT01,2,11:30:43,12:30:12,00:59:29,59.48
8478,116,02-06-2022,BT01,BT02,1,11:31:25,12:35:28,01:04:03,64.05
8479,250,02-06-2022,BT01,BT02,1,12:32:24,13:27:58,00:55:34,55.57
8480,1410,02-06-2022,BT02,BT01,2,12:40:44,13:35:26,00:54:42,54.7
8481,1718,02-06-2022,BT01,BT02,1,12:50:44,13:43:30,00:52:46,52.77
8482,505,02-06-2022,BT02,BT01,2,12:50:49,13:43:55,00:53:06,53.1
8483,1408,02-06-2022,BT02,BT01,2,13:00:25,13:49:53,00:49:28,49.47
8484,294,02-06-2022,BT01,BT02,1,13:05:50,14:09:51,01:04:01,64.02
8485,1358,02-06-2022,BT02,BT01,2,13:10:51,13:56:58,00:46:07,46.12
8486,121,02-06-2022,BT02,BT01,2,13:40:26,14:23:45,00:43:19,43.32
8487,116,02-06-2022,BT02,BT01,2,13:49:46,14:44:57,00:55:11,55.18
8488,1410,02-06-2022,BT01,BT02,1,14:00:58,14:49:23,00:48:25,48.42
8489,505,02-06-2022,BT01,BT02,1,14:11:33,14:56:03,00:44:30,44.5
8490,1408,02-06-2022,BT01,BT02,1,14:22:20,15:10:06,00:47:46,47.77
8491,1358,02-06-2022,BT01,BT02,1,14:30:59,15:25:08,00:54:09,54.15
8492,250,02-06-2022,BT02,BT01,2,14:49:52,15:46:41,00:56:49,56.82
8493,1718,02-06-2022,BT02,BT01,2,15:06:52,16:01:24,00:54:32,54.53
8494,121,02-06-2022,BT01,BT02,1,15:24:23,16:06:13,00:41:50,41.83
8495,116,02-06-2022,BT01,BT02,1,15:43:30,16:24:17,00:40:47,40.78
8496,1410,02-06-2022,BT02,BT01,2,16:10:36,16:57:45,00:47:09,47.15
8497,505,02-06-2022,BT02,BT01,2,16:31:19,17:24:20,00:53:01,53.02
8498,1408,02-06-2022,BT02,BT01,2,16:40:24,17:36:16,00:55:52,55.87
8499,1358,02-06-2022,BT02,BT01,2,16:50:37,17:47:06,00:56:29,56.48
8500,250,02-06-2022,BT01,BT02,1,17:49:12,18:34:20,00:45:08,45.13
8501,1718,02-06-2022,BT01,BT02,1,17:56:41,18:43:10,00:46:29,46.48
8502,505,02-06-2022,BT01,BT02,1,19:40:51,20:16:03,00:35:12,35.2
8503,1408,02-06-2022,BT01,BT02,1,20:00:23,20:41:21,00:40:58,40.97
8504,1358,02-06-2022,BT01,BT02,1,20:20:42,20:54:05,00:33:23,33.38
8505,1408,02-07-2022,BT02,BT01,2,05:11:59,05:49:55,00:37:56,37.93
8506,274,02-07-2022,BT02,BT01,2,05:30:39,06:07:46,00:37:07,37.12
8507,279,02-07-2022,BT02,BT01,2,05:40:18,06:21:33,00:41:15,41.25
8508,1409,02-07-2022,BT02,BT01,2,06:00:44,06:45:29,00:44:45,44.75
8509,1358,02-07-2022,BT02,BT01,2,06:10:40,06:52:41,00:42:01,42.02
8510,1410,02-07-2022,BT01,BT02,1,06:11:17,06:59:27,00:48:10,48.17
8511,262,02-07-2022,BT01,BT02,1,06:20:58,07:09:44,00:48:46,48.77
8512,275,02-07-2022,BT01,BT02,1,06:36:27,07:28:26,00:51:59,51.98
8513,1408,02-07-2022,BT01,BT02,1,06:40:49,07:31:52,00:51:03,51.05
8514,513,02-07-2022,BT02,BT01,2,06:40:53,07:30:08,00:49:15,49.25
8515,121,02-07-2022,BT02,BT01,2,06:49:26,07:33:29,00:44:03,44.05
8516,274,02-07-2022,BT01,BT02,1,07:00:24,07:48:32,00:48:08,48.13
8517,116,02-07-2022,BT02,BT01,2,07:01:22,07:50:01,00:48:39,48.65
8518,1143,02-07-2022,BT02,BT01,2,07:08:16,07:52:17,00:44:01,44.02
8519,279,02-07-2022,BT01,BT02,1,07:11:12,08:01:41,00:50:29,50.48
8520,1409,02-07-2022,BT01,BT02,1,07:33:18,08:22:01,00:48:43,48.72
8521,1358,02-07-2022,BT01,BT02,1,07:41:01,08:26:30,00:45:29,45.48
8522,1377,02-07-2022,BT02,BT01,2,07:50:57,08:42:44,00:51:47,51.78
8523,513,02-07-2022,BT01,BT02,1,08:13:36,09:04:01,00:50:25,50.42
8524,275,02-07-2022,BT02,BT01,2,08:15:09,09:09:09,00:54:00,54
8525,264,02-07-2022,BT02,BT01,2,08:20:34,09:11:40,00:51:06,51.1
8526,121,02-07-2022,BT01,BT02,1,08:21:42,09:17:41,00:55:59,55.98
8527,123,02-07-2022,BT02,BT01,2,08:40:36,09:34:21,00:53:45,53.75
8528,116,02-07-2022,BT01,BT02,1,08:45:54,09:35:35,00:49:41,49.68
8529,1143,02-07-2022,BT01,BT02,1,08:53:41,09:46:25,00:52:44,52.73
8530,1410,02-07-2022,BT02,BT01,2,09:00:40,09:51:23,00:50:43,50.72
8531,262,02-07-2022,BT02,BT01,2,09:10:09,10:01:24,00:51:15,51.25
8532,1377,02-07-2022,BT01,BT02,1,09:21:29,10:17:55,00:56:26,56.43
8533,1408,02-07-2022,BT02,BT01,2,09:29:52,10:24:53,00:55:01,55.02
8534,264,02-07-2022,BT01,BT02,1,09:50:31,10:42:23,00:51:52,51.87
8535,274,02-07-2022,BT02,BT01,2,09:50:59,10:50:59,01:00:00,60
8536,279,02-07-2022,BT02,BT01,2,09:59:37,10:55:18,00:55:41,55.68
8537,123,02-07-2022,BT01,BT02,1,10:10:51,11:01:40,00:50:49,50.82
8538,1409,02-07-2022,BT02,BT01,2,10:19:21,11:12:57,00:53:36,53.6
8539,1358,02-07-2022,BT02,BT01,2,10:31:31,11:19:45,00:48:14,48.23
8540,1410,02-07-2022,BT01,BT02,1,10:31:50,11:24:06,00:52:16,52.27
8541,262,02-07-2022,BT01,BT02,1,10:40:54,11:36:58,00:56:04,56.07
8542,1408,02-07-2022,BT01,BT02,1,11:01:11,11:54:52,00:53:41,53.68
8543,121,02-07-2022,BT02,BT01,2,11:11:09,12:24:10,01:13:01,73.02
8544,274,02-07-2022,BT01,BT02,1,11:11:52,12:07:05,00:55:13,55.22
8545,279,02-07-2022,BT01,BT02,1,11:21:16,12:23:44,01:02:28,62.47
8546,1143,02-07-2022,BT02,BT01,2,11:31:14,12:48:18,01:17:04,77.07
8547,275,02-07-2022,BT01,BT02,1,11:35:56,12:38:41,01:02:45,62.75
8548,1377,02-07-2022,BT02,BT01,2,12:01:06,13:06:28,01:05:22,65.37
8549,1409,02-07-2022,BT01,BT02,1,12:04:24,13:07:57,01:03:33,63.55
8550,1358,02-07-2022,BT01,BT02,1,12:12:45,13:17:42,01:04:57,64.95
8551,264,02-07-2022,BT02,BT01,2,12:30:06,13:22:33,00:52:27,52.45
8552,123,02-07-2022,BT02,BT01,2,12:40:50,13:36:04,00:55:14,55.23
8553,513,02-07-2022,BT01,BT02,1,12:41:14,13:42:10,01:00:56,60.93
8554,116,02-07-2022,BT01,BT02,1,12:59:12,13:49:03,00:49:51,49.85
8555,1410,02-07-2022,BT02,BT01,2,13:00:38,13:50:31,00:49:53,49.88
8556,275,02-07-2022,BT02,BT01,2,13:05:42,14:02:27,00:56:45,56.75
8557,262,02-07-2022,BT02,BT01,2,13:10:52,14:04:19,00:53:27,53.45
8558,1143,02-07-2022,BT01,BT02,1,13:11:22,14:04:57,00:53:35,53.58
8559,1408,02-07-2022,BT02,BT01,2,13:30:24,14:23:15,00:52:51,52.85
8560,1377,02-07-2022,BT01,BT02,1,13:40:44,14:35:54,00:55:10,55.17
8561,274,02-07-2022,BT02,BT01,2,13:50:50,14:39:08,00:48:18,48.3
8562,279,02-07-2022,BT02,BT01,2,14:00:16,14:50:11,00:49:55,49.92
8563,264,02-07-2022,BT01,BT02,1,14:10:22,15:04:13,00:53:51,53.85
8564,1409,02-07-2022,BT02,BT01,2,14:20:38,15:22:52,01:02:14,62.23
8565,123,02-07-2022,BT01,BT02,1,14:21:38,15:13:22,00:51:44,51.73
8566,1358,02-07-2022,BT02,BT01,2,14:31:09,15:28:34,00:57:25,57.42
8567,1410,02-07-2022,BT01,BT02,1,14:41:34,15:35:07,00:53:33,53.55
8568,262,02-07-2022,BT01,BT02,1,14:51:57,15:40:42,00:48:45,48.75
8569,513,02-07-2022,BT02,BT01,2,15:01:02,15:55:05,00:54:03,54.05
8570,116,02-07-2022,BT02,BT01,2,15:10:23,15:56:12,00:45:49,45.82
8571,1408,02-07-2022,BT01,BT02,1,15:10:59,16:06:17,00:55:18,55.3
8572,1143,02-07-2022,BT02,BT01,2,15:19:24,16:12:11,00:52:47,52.78
8573,274,02-07-2022,BT01,BT02,1,15:32:20,16:27:41,00:55:21,55.35
8574,275,02-07-2022,BT01,BT02,1,15:36:08,16:33:32,00:57:24,57.4
8575,279,02-07-2022,BT01,BT02,1,15:41:11,16:34:40,00:53:29,53.48
8576,1377,02-07-2022,BT02,BT01,2,15:50:57,16:41:31,00:50:34,50.57
8577,1409,02-07-2022,BT01,BT02,1,16:00:33,16:50:20,00:49:47,49.78
8578,1358,02-07-2022,BT01,BT02,1,16:11:06,17:02:43,00:51:37,51.62
8579,264,02-07-2022,BT02,BT01,2,16:20:22,17:12:20,00:51:58,51.97
8580,123,02-07-2022,BT02,BT01,2,16:30:31,17:22:51,00:52:20,52.33
8581,513,02-07-2022,BT01,BT02,1,16:40:00,17:33:07,00:53:07,53.12
8582,116,02-07-2022,BT01,BT02,1,16:50:56,17:46:27,00:55:31,55.52
8583,121,02-07-2022,BT02,BT01,2,16:51:00,17:44:37,00:53:37,53.62
8584,1410,02-07-2022,BT02,BT01,2,17:00:28,17:55:12,00:54:44,54.73
8585,1143,02-07-2022,BT01,BT02,1,17:01:44,17:51:05,00:49:21,49.35
8586,262,02-07-2022,BT02,BT01,2,17:11:49,17:57:46,00:45:57,45.95
8587,1408,02-07-2022,BT02,BT01,2,17:29:57,18:25:21,00:55:24,55.4
8588,1377,02-07-2022,BT01,BT02,1,17:30:32,18:12:44,00:42:12,42.2
8589,274,02-07-2022,BT02,BT01,2,17:52:17,18:47:29,00:55:12,55.2
8590,275,02-07-2022,BT02,BT01,2,17:55:57,18:48:54,00:52:57,52.95
8591,279,02-07-2022,BT02,BT01,2,18:15:46,18:57:56,00:42:10,42.17
8592,264,02-07-2022,BT01,BT02,1,18:26:14,19:07:31,00:41:17,41.28
8593,123,02-07-2022,BT01,BT02,1,19:02:42,19:44:32,00:41:50,41.83
8594,121,02-07-2022,BT01,BT02,1,19:54:47,20:39:13,00:44:26,44.43
8595,274,02-07-2022,BT01,BT02,1,20:41:12,21:13:29,00:32:17,32.28
8596,505,02-08-2022,BT02,BT01,2,05:28:56,06:00:45,00:31:49,31.82
8597,274,02-08-2022,BT02,BT01,2,05:40:03,06:20:04,00:40:01,40.02
8598,1409,02-08-2022,BT02,BT01,2,05:50:23,06:35:41,00:45:18,45.3
8599,1358,02-08-2022,BT02,BT01,2,06:00:17,06:36:17,00:36:00,36
8600,1143,02-08-2022,BT02,BT01,2,06:11:21,06:48:55,00:37:34,37.57
8601,262,02-08-2022,BT01,BT02,1,06:11:35,06:57:04,00:45:29,45.48
8602,275,02-08-2022,BT01,BT02,1,06:35:38,07:25:42,00:50:04,50.07
8603,505,02-08-2022,BT01,BT02,1,06:40:53,07:31:36,00:50:43,50.72
8604,274,02-08-2022,BT01,BT02,1,06:51:21,07:39:57,00:48:36,48.6
8605,1358,02-08-2022,BT01,BT02,1,07:13:12,08:00:02,00:46:50,46.83
8606,1143,02-08-2022,BT01,BT02,1,07:21:22,08:12:52,00:51:30,51.5
8607,279,02-08-2022,BT02,BT01,2,07:40:54,08:30:35,00:49:41,49.68
8608,116,02-08-2022,BT02,BT01,2,07:50:01,08:41:19,00:51:18,51.3
8609,275,02-08-2022,BT02,BT01,2,08:15:36,09:08:47,00:53:11,53.18
8610,279,02-08-2022,BT01,BT02,1,08:44:52,09:35:12,00:50:20,50.33
8611,116,02-08-2022,BT01,BT02,1,08:53:34,09:46:15,00:52:41,52.68
8612,123,02-08-2022,BT02,BT01,2,09:01:05,09:51:09,00:50:04,50.07
8613,121,02-08-2022,BT02,BT01,2,09:10:35,09:58:27,00:47:52,47.87
8614,262,02-08-2022,BT02,BT01,2,09:21:27,10:15:04,00:53:37,53.62
8615,505,02-08-2022,BT02,BT01,2,09:50:55,10:40:28,00:49:33,49.55
8616,274,02-08-2022,BT02,BT01,2,10:01:25,10:55:14,00:53:49,53.82
8617,1358,02-08-2022,BT02,BT01,2,10:10:45,11:02:22,00:51:37,51.62
8618,123,02-08-2022,BT01,BT02,1,10:11:09,11:09:15,00:58:06,58.1
8619,121,02-08-2022,BT01,BT02,1,10:18:00,11:11:35,00:53:35,53.58
8620,1143,02-08-2022,BT02,BT01,2,10:20:42,11:16:51,00:56:09,56.15
8621,262,02-08-2022,BT01,BT02,1,10:29:58,11:21:30,00:51:32,51.53
8622,505,02-08-2022,BT01,BT02,1,10:59:33,11:51:58,00:52:25,52.42
8623,274,02-08-2022,BT01,BT02,1,11:11:20,12:08:26,00:57:06,57.1
8624,279,02-08-2022,BT02,BT01,2,11:18:48,12:22:10,01:03:22,63.37
8625,1358,02-08-2022,BT01,BT02,1,11:20:34,12:10:00,00:49:26,49.43
8626,116,02-08-2022,BT02,BT01,2,11:30:07,12:21:21,00:51:14,51.23
8627,1143,02-08-2022,BT01,BT02,1,11:31:09,12:24:15,00:53:06,53.1
8628,275,02-08-2022,BT01,BT02,1,11:34:51,12:32:53,00:58:02,58.03
8629,123,02-08-2022,BT02,BT01,2,12:21:13,13:13:56,00:52:43,52.72
8630,262,02-08-2022,BT02,BT01,2,12:40:33,13:34:18,00:53:45,53.75
8631,116,02-08-2022,BT01,BT02,1,12:41:36,13:38:06,00:56:30,56.5
8632,279,02-08-2022,BT01,BT02,1,12:51:03,13:45:15,00:54:12,54.2
8633,275,02-08-2022,BT02,BT01,2,13:05:28,13:58:03,00:52:35,52.58
8634,505,02-08-2022,BT02,BT01,2,13:11:19,13:59:07,00:47:48,47.8
8635,274,02-08-2022,BT02,BT01,2,13:20:45,14:13:38,00:52:53,52.88
8636,1358,02-08-2022,BT02,BT01,2,13:29:20,14:18:02,00:48:42,48.7
8637,123,02-08-2022,BT01,BT02,1,13:31:03,14:17:28,00:46:25,46.42
8638,1143,02-08-2022,BT02,BT01,2,13:39:08,14:30:45,00:51:37,51.62
8639,262,02-08-2022,BT01,BT02,1,13:51:32,14:46:55,00:55:23,55.38
8640,505,02-08-2022,BT01,BT02,1,14:20:51,15:09:33,00:48:42,48.7
8641,274,02-08-2022,BT01,BT02,1,14:30:15,15:21:38,00:51:23,51.38
8642,279,02-08-2022,BT02,BT01,2,14:38:50,15:35:09,00:56:19,56.32
8643,1358,02-08-2022,BT01,BT02,1,14:40:27,15:32:53,00:52:26,52.43
8644,116,02-08-2022,BT02,BT01,2,14:50:03,15:41:52,00:51:49,51.82
8645,1143,02-08-2022,BT01,BT02,1,14:51:08,15:43:43,00:52:35,52.58
8646,123,02-08-2022,BT02,BT01,2,15:30:44,16:23:36,00:52:52,52.87
8647,275,02-08-2022,BT01,BT02,1,15:35:08,16:34:39,00:59:31,59.52
8648,279,02-08-2022,BT01,BT02,1,15:50:41,16:39:32,00:48:51,48.85
8649,262,02-08-2022,BT02,BT01,2,15:59:55,16:53:09,00:53:14,53.23
8650,116,02-08-2022,BT01,BT02,1,16:01:14,16:48:49,00:47:35,47.58
8651,505,02-08-2022,BT02,BT01,2,16:31:10,17:19:25,00:48:15,48.25
8652,123,02-08-2022,BT01,BT02,1,16:40:43,17:40:52,01:00:09,60.15
8653,274,02-08-2022,BT02,BT01,2,16:41:09,17:35:32,00:54:23,54.38
8654,1358,02-08-2022,BT02,BT01,2,16:51:00,17:50:50,00:59:50,59.83
8655,1143,02-08-2022,BT02,BT01,2,17:00:42,17:56:19,00:55:37,55.62
8656,262,02-08-2022,BT01,BT02,1,17:21:19,18:13:42,00:52:23,52.38
8657,275,02-08-2022,BT02,BT01,2,17:40:44,18:40:10,00:59:26,59.43
8658,505,02-08-2022,BT01,BT02,1,17:49:19,18:32:48,00:43:29,43.48
8659,274,02-08-2022,BT01,BT02,1,18:07:32,18:51:40,00:44:08,44.13
8660,1358,02-08-2022,BT01,BT02,1,18:16:49,19:04:27,00:47:38,47.63
8661,262,02-08-2022,BT02,BT01,2,18:31:21,19:16:13,00:44:52,44.87
8662,1143,02-08-2022,BT01,BT02,1,18:43:12,19:28:07,00:44:55,44.92
8663,505,02-09-2022,BT02,BT01,2,05:31:03,06:04:11,00:33:08,33.13
8664,274,02-09-2022,BT02,BT01,2,05:41:34,06:19:49,00:38:15,38.25
8665,1358,02-09-2022,BT02,BT01,2,05:51:09,06:20:35,00:29:26,29.43
8666,1143,02-09-2022,BT02,BT01,2,06:00:21,06:43:56,00:43:35,43.58
8667,1410,02-09-2022,BT01,BT02,1,06:10:39,06:57:17,00:46:38,46.63
8668,262,02-09-2022,BT01,BT02,1,06:20:57,07:05:37,00:44:40,44.67
8669,513,02-09-2022,BT02,BT01,2,06:50:35,07:31:49,00:41:14,41.23
8670,121,02-09-2022,BT02,BT01,2,06:59:52,07:46:17,00:46:25,46.42
8671,505,02-09-2022,BT01,BT02,1,07:00:43,07:46:32,00:45:49,45.82
8672,279,02-09-2022,BT02,BT01,2,07:07:59,07:54:31,00:46:32,46.53
8673,274,02-09-2022,BT01,BT02,1,07:16:32,08:06:37,00:50:05,50.08
8674,1358,02-09-2022,BT01,BT02,1,07:24:25,08:11:15,00:46:50,46.83
8675,1143,02-09-2022,BT01,BT02,1,07:33:05,08:19:27,00:46:22,46.37
8676,116,02-09-2022,BT02,BT01,2,07:39:43,08:28:38,00:48:55,48.92
8677,264,02-09-2022,BT02,BT01,2,08:08:57,08:57:02,00:48:05,48.08
8678,513,02-09-2022,BT01,BT02,1,08:21:07,09:13:19,00:52:12,52.2
8679,121,02-09-2022,BT01,BT02,1,08:33:24,09:24:03,00:50:39,50.65
8680,1410,02-09-2022,BT02,BT01,2,08:40:44,09:35:35,00:54:51,54.85
8681,279,02-09-2022,BT01,BT02,1,08:45:39,09:34:13,00:48:34,48.57
8682,123,02-09-2022,BT02,BT01,2,08:50:45,09:39:36,00:48:51,48.85
8683,116,02-09-2022,BT01,BT02,1,08:53:41,09:45:58,00:52:17,52.28
8684,262,02-09-2022,BT02,BT01,2,08:59:57,09:52:53,00:52:56,52.93
8685,264,02-09-2022,BT01,BT02,1,09:21:30,10:10:52,00:49:22,49.37
8686,505,02-09-2022,BT02,BT01,2,09:41:23,10:29:52,00:48:29,48.48
8687,274,02-09-2022,BT02,BT01,2,09:50:34,10:38:59,00:48:25,48.42
8688,1410,02-09-2022,BT01,BT02,1,09:51:17,10:40:45,00:49:28,49.47
8689,123,02-09-2022,BT01,BT02,1,10:00:08,10:41:34,00:41:26,41.43
8690,1358,02-09-2022,BT02,BT01,2,10:00:11,10:43:12,00:43:01,43.02
8691,1143,02-09-2022,BT02,BT01,2,10:10:45,10:59:16,00:48:31,48.52
8692,262,02-09-2022,BT01,BT02,1,10:11:02,11:00:45,00:49:43,49.72
8693,505,02-09-2022,BT01,BT02,1,10:51:33,11:40:43,00:49:10,49.17
8694,274,02-09-2022,BT01,BT02,1,10:59:41,11:57:43,00:58:02,58.03
8695,513,02-09-2022,BT02,BT01,2,10:59:55,11:56:32,00:56:37,56.62
8696,121,02-09-2022,BT02,BT01,2,11:10:40,12:20:23,01:09:43,69.72
8697,1358,02-09-2022,BT01,BT02,1,11:11:33,12:01:35,00:50:02,50.03
8698,116,02-09-2022,BT02,BT01,2,11:20:43,12:23:42,01:02:59,62.98
8699,1143,02-09-2022,BT01,BT02,1,11:20:43,12:07:34,00:46:51,46.85
8700,264,02-09-2022,BT02,BT01,2,11:50:22,12:46:28,00:56:06,56.1
8701,513,02-09-2022,BT01,BT02,1,12:16:48,13:15:34,00:58:46,58.77
8702,1410,02-09-2022,BT02,BT01,2,12:18:47,13:07:56,00:49:09,49.15
8703,121,02-09-2022,BT01,BT02,1,12:29:42,13:19:56,00:50:14,50.23
8704,262,02-09-2022,BT02,BT01,2,12:30:48,13:24:04,00:53:16,53.27
8705,116,02-09-2022,BT01,BT02,1,12:41:27,13:30:51,00:49:24,49.4
8706,264,02-09-2022,BT01,BT02,1,13:10:58,14:04:36,00:53:38,53.63
8707,505,02-09-2022,BT02,BT01,2,13:11:23,14:00:37,00:49:14,49.23
8708,274,02-09-2022,BT02,BT01,2,13:20:39,14:17:01,00:56:22,56.37
8709,1358,02-09-2022,BT02,BT01,2,13:30:37,14:17:37,00:47:00,47
8710,1143,02-09-2022,BT02,BT01,2,13:40:51,14:35:08,00:54:17,54.28
8711,1410,02-09-2022,BT01,BT02,1,13:41:11,14:32:51,00:51:40,51.67
8712,262,02-09-2022,BT01,BT02,1,13:51:37,14:42:41,00:51:04,51.07
8713,505,02-09-2022,BT01,BT02,1,14:21:08,15:10:46,00:49:38,49.63
8714,513,02-09-2022,BT02,BT01,2,14:21:10,15:16:52,00:55:42,55.7
8715,121,02-09-2022,BT02,BT01,2,14:29:17,15:19:06,00:49:49,49.82
8716,274,02-09-2022,BT01,BT02,1,14:31:22,15:23:00,00:51:38,51.63
8717,116,02-09-2022,BT02,BT01,2,14:40:29,15:26:30,00:46:01,46.02
8718,1358,02-09-2022,BT01,BT02,1,14:40:38,15:34:44,00:54:06,54.1
8719,1143,02-09-2022,BT01,BT02,1,14:51:32,15:45:34,00:54:02,54.03
8720,264,02-09-2022,BT02,BT01,2,15:10:16,16:00:33,00:50:17,50.28
8721,513,02-09-2022,BT01,BT02,1,15:31:07,16:27:31,00:56:24,56.4
8722,1410,02-09-2022,BT02,BT01,2,15:41:14,16:34:04,00:52:50,52.83
8723,121,02-09-2022,BT01,BT02,1,15:41:29,16:32:55,00:51:26,51.43
8724,262,02-09-2022,BT02,BT01,2,15:49:06,16:37:51,00:48:45,48.75
8725,116,02-09-2022,BT01,BT02,1,15:51:21,16:44:29,00:53:08,53.13
8726,505,02-09-2022,BT02,BT01,2,16:08:34,16:57:11,00:48:37,48.62
8727,264,02-09-2022,BT01,BT02,1,16:19:07,17:07:57,00:48:50,48.83
8728,274,02-09-2022,BT02,BT01,2,16:20:32,17:09:39,00:49:07,49.12
8729,1358,02-09-2022,BT02,BT01,2,16:30:57,17:17:48,00:46:51,46.85
8730,1143,02-09-2022,BT02,BT01,2,16:40:40,17:31:27,00:50:47,50.78
8731,1410,02-09-2022,BT01,BT02,1,16:51:40,17:43:13,00:51:33,51.55
8732,262,02-09-2022,BT01,BT02,1,17:00:48,17:48:33,00:47:45,47.75
8733,505,02-09-2022,BT01,BT02,1,17:20:19,18:07:38,00:47:19,47.32
8734,513,02-09-2022,BT02,BT01,2,17:21:13,18:20:21,00:59:08,59.13
8735,274,02-09-2022,BT01,BT02,1,17:29:19,18:14:30,00:45:11,45.18
8736,121,02-09-2022,BT02,BT01,2,17:30:25,18:26:29,00:56:04,56.07
8737,1358,02-09-2022,BT01,BT02,1,17:40:49,18:21:44,00:40:55,40.92
8738,116,02-09-2022,BT02,BT01,2,17:41:21,18:26:24,00:45:03,45.05
8739,1143,02-09-2022,BT01,BT02,1,17:51:43,18:36:02,00:44:19,44.32
8740,262,02-09-2022,BT02,BT01,2,18:33:40,19:23:55,00:50:15,50.25
8741,513,02-09-2022,BT01,BT02,1,19:01:30,19:55:53,00:54:23,54.38
8742,121,02-09-2022,BT01,BT02,1,19:20:57,20:02:33,00:41:36,41.6
8743,116,02-09-2022,BT01,BT02,1,19:56:55,20:35:19,00:38:24,38.4
8744,274,02-10-2022,BT02,BT01,2,05:40:58,06:24:10,00:43:12,43.2
8745,1143,02-10-2022,BT02,BT01,2,05:50:49,06:29:54,00:39:05,39.08
8746,294,02-10-2022,BT01,BT02,1,06:03:25,06:44:49,00:41:24,41.4
8747,513,02-10-2022,BT02,BT01,2,06:31:07,07:16:21,00:45:14,45.23
8748,1408,02-10-2022,BT01,BT02,1,06:40:44,07:30:58,00:50:14,50.23
8749,1410,02-10-2022,BT01,BT02,1,06:54:04,07:44:53,00:50:49,50.82
8750,505,02-10-2022,BT01,BT02,1,07:00:29,07:46:37,00:46:08,46.13
8751,274,02-10-2022,BT01,BT02,1,07:10:30,07:59:15,00:48:45,48.75
8752,1143,02-10-2022,BT01,BT02,1,07:24:09,08:14:36,00:50:27,50.45
8753,264,02-10-2022,BT02,BT01,2,07:39:58,08:31:12,00:51:14,51.23
8754,123,02-10-2022,BT02,BT01,2,07:59:05,08:54:05,00:55:00,55
8755,513,02-10-2022,BT01,BT02,1,08:00:50,08:53:21,00:52:31,52.52
8756,128,02-10-2022,BT02,BT01,2,08:11:33,08:58:05,00:46:32,46.53
8757,117,02-10-2022,BT02,BT01,2,08:50:30,09:42:05,00:51:35,51.58
8758,264,02-10-2022,BT01,BT02,1,08:53:33,09:45:43,00:52:10,52.17
8759,1408,02-10-2022,BT02,BT01,2,09:10:38,09:57:46,00:47:08,47.13
8760,123,02-10-2022,BT01,BT02,1,09:11:14,10:01:39,00:50:25,50.42
8761,1410,02-10-2022,BT02,BT01,2,09:20:33,10:16:17,00:55:44,55.73
8762,505,02-10-2022,BT02,BT01,2,09:30:22,10:22:02,00:51:40,51.67
8763,274,02-10-2022,BT02,BT01,2,09:40:18,10:34:07,00:53:49,53.82
8764,117,02-10-2022,BT01,BT02,1,09:50:21,10:47:13,00:56:52,56.87
8765,1143,02-10-2022,BT02,BT01,2,09:50:51,10:45:39,00:54:48,54.8
8766,1408,02-10-2022,BT01,BT02,1,10:11:01,11:08:41,00:57:40,57.67
8767,513,02-10-2022,BT02,BT01,2,10:30:26,11:27:49,00:57:23,57.38
8768,1410,02-10-2022,BT01,BT02,1,10:31:42,11:31:02,00:59:20,59.33
8769,505,02-10-2022,BT01,BT02,1,10:40:46,11:38:50,00:58:04,58.07
8770,274,02-10-2022,BT01,BT02,1,10:51:31,11:44:53,00:53:22,53.37
8771,1143,02-10-2022,BT01,BT02,1,11:00:55,11:56:14,00:55:19,55.32
8772,264,02-10-2022,BT02,BT01,2,11:10:16,12:04:21,00:54:05,54.08
8773,123,02-10-2022,BT02,BT01,2,11:30:53,12:26:12,00:55:19,55.32
8774,513,02-10-2022,BT01,BT02,1,11:41:53,12:36:50,00:54:57,54.95
8775,117,02-10-2022,BT02,BT01,2,12:10:36,13:08:58,00:58:22,58.37
8776,264,02-10-2022,BT01,BT02,1,12:20:13,13:11:30,00:51:17,51.28
8777,1408,02-10-2022,BT02,BT01,2,12:30:37,13:25:36,00:54:59,54.98
8778,505,02-10-2022,BT02,BT01,2,12:40:28,13:28:16,00:47:48,47.8
8779,123,02-10-2022,BT01,BT02,1,12:41:16,13:29:54,00:48:38,48.63
8780,274,02-10-2022,BT02,BT01,2,12:52:30,13:47:47,00:55:17,55.28
8781,117,02-10-2022,BT01,BT02,1,13:22:40,14:17:39,00:54:59,54.98
8782,513,02-10-2022,BT02,BT01,2,13:30:13,14:29:00,00:58:47,58.78
8783,1408,02-10-2022,BT01,BT02,1,13:40:44,14:30:36,00:49:52,49.87
8784,505,02-10-2022,BT01,BT02,1,13:51:29,14:44:22,00:52:53,52.88
8785,274,02-10-2022,BT01,BT02,1,14:01:16,14:57:10,00:55:54,55.9
8786,264,02-10-2022,BT02,BT01,2,14:09:35,15:04:56,00:55:21,55.35
8787,123,02-10-2022,BT02,BT01,2,14:30:22,15:20:37,00:50:15,50.25
8788,513,02-10-2022,BT01,BT02,1,14:41:56,15:32:25,00:50:29,50.48
8789,117,02-10-2022,BT02,BT01,2,15:00:24,15:51:48,00:51:24,51.4
8790,1408,02-10-2022,BT02,BT01,2,15:10:29,16:04:25,00:53:56,53.93
8791,1410,02-10-2022,BT02,BT01,2,15:20:16,16:15:28,00:55:12,55.2
8792,264,02-10-2022,BT01,BT02,1,15:21:31,16:12:02,00:50:31,50.52
8793,505,02-10-2022,BT02,BT01,2,15:30:07,16:23:31,00:53:24,53.4
8794,123,02-10-2022,BT01,BT02,1,15:41:41,16:31:37,00:49:56,49.93
8795,274,02-10-2022,BT02,BT01,2,15:44:02,16:38:33,00:54:31,54.52
8796,1408,02-10-2022,BT01,BT02,1,16:19:42,17:11:09,00:51:27,51.45
8797,513,02-10-2022,BT02,BT01,2,16:20:21,17:12:59,00:52:38,52.63
8798,1410,02-10-2022,BT01,BT02,1,16:40:31,17:38:42,00:58:11,58.18
8799,505,02-10-2022,BT01,BT02,1,16:50:39,17:46:27,00:55:48,55.8
8800,264,02-10-2022,BT02,BT01,2,17:00:57,17:53:22,00:52:25,52.42
8801,274,02-10-2022,BT01,BT02,1,17:01:25,17:53:16,00:51:51,51.85
8802,123,02-10-2022,BT02,BT01,2,17:20:25,18:18:02,00:57:37,57.62
8803,513,02-10-2022,BT01,BT02,1,18:00:17,18:51:04,00:50:47,50.78
8804,1410,02-10-2022,BT02,BT01,2,18:00:40,18:48:45,00:48:05,48.08
8805,264,02-10-2022,BT01,BT02,1,19:15:52,19:56:12,00:40:20,40.33
8806,123,02-10-2022,BT01,BT02,1,19:48:45,20:32:55,00:44:10,44.17
8807,505,02-11-2022,BT02,BT01,2,05:28:22,05:59:56,00:31:34,31.57
8808,1718,02-11-2022,BT02,BT01,2,05:49:59,06:29:23,00:39:24,39.4
8809,262,02-11-2022,BT01,BT02,1,06:11:53,07:00:53,00:49:00,49
8810,1408,02-11-2022,BT01,BT02,1,06:20:55,07:14:19,00:53:24,53.4
8811,513,02-11-2022,BT02,BT01,2,06:20:58,07:07:19,00:46:21,46.35
8812,117,02-11-2022,BT01,BT02,1,06:40:06,07:29:08,00:49:02,49.03
8813,121,02-11-2022,BT02,BT01,2,06:40:28,07:28:01,00:47:33,47.55
8814,116,02-11-2022,BT02,BT01,2,06:49:01,07:36:36,00:47:35,47.58
8815,1410,02-11-2022,BT01,BT02,1,06:52:49,07:40:56,00:48:07,48.12
8816,505,02-11-2022,BT01,BT02,1,07:00:28,07:49:55,00:49:27,49.45
8817,1718,02-11-2022,BT01,BT02,1,07:14:23,08:01:52,00:47:29,47.48
8818,1377,02-11-2022,BT02,BT01,2,07:30:31,08:16:26,00:45:55,45.92
8819,513,02-11-2022,BT01,BT02,1,07:42:16,08:35:58,00:53:42,53.7
8820,264,02-11-2022,BT02,BT01,2,07:50:33,08:42:43,00:52:10,52.17
8821,121,02-11-2022,BT01,BT02,1,08:01:04,08:52:36,00:51:32,51.53
8822,116,02-11-2022,BT01,BT02,1,08:13:20,09:01:11,00:47:51,47.85
8823,1409,02-11-2022,BT02,BT01,2,08:21:08,09:09:52,00:48:44,48.73
8824,1358,02-11-2022,BT02,BT01,2,08:30:36,09:20:06,00:49:30,49.5
8825,1377,02-11-2022,BT01,BT02,1,08:33:32,09:21:57,00:48:25,48.42
8826,262,02-11-2022,BT02,BT01,2,08:49:04,09:41:42,00:52:38,52.63
8827,264,02-11-2022,BT01,BT02,1,08:52:28,09:42:36,00:50:08,50.13
8828,1408,02-11-2022,BT02,BT01,2,09:00:47,09:56:19,00:55:32,55.53
8829,117,02-11-2022,BT02,BT01,2,09:20:51,10:18:26,00:57:35,57.58
8830,1409,02-11-2022,BT01,BT02,1,09:30:39,10:24:15,00:53:36,53.6
8831,1410,02-11-2022,BT02,BT01,2,09:31:22,10:23:30,00:52:08,52.13
8832,1358,02-11-2022,BT01,BT02,1,09:39:43,10:35:54,00:56:11,56.18
8833,505,02-11-2022,BT02,BT01,2,09:40:39,10:32:09,00:51:30,51.5
8834,1718,02-11-2022,BT02,BT01,2,09:50:40,10:49:23,00:58:43,58.72
8835,513,02-11-2022,BT02,BT01,2,10:20:35,11:19:02,00:58:27,58.45
8836,117,02-11-2022,BT01,BT02,1,10:31:44,11:29:58,00:58:14,58.23
8837,121,02-11-2022,BT02,BT01,2,10:40:07,11:40:51,01:00:44,60.73
8838,1410,02-11-2022,BT01,BT02,1,10:40:49,11:34:33,00:53:44,53.73
8839,116,02-11-2022,BT02,BT01,2,10:50:39,11:49:27,00:58:48,58.8
8840,505,02-11-2022,BT01,BT02,1,10:51:29,11:44:15,00:52:46,52.77
8841,1718,02-11-2022,BT01,BT02,1,11:00:37,11:55:34,00:54:57,54.95
8842,1377,02-11-2022,BT02,BT01,2,11:10:58,12:19:05,01:08:07,68.12
8843,264,02-11-2022,BT02,BT01,2,11:28:52,12:30:32,01:01:40,61.67
8844,513,02-11-2022,BT01,BT02,1,11:31:24,12:26:00,00:54:36,54.6
8845,1409,02-11-2022,BT02,BT01,2,11:50:46,12:43:27,00:52:41,52.68
8846,262,02-11-2022,BT01,BT02,1,12:00:26,12:55:12,00:54:46,54.77
8847,1358,02-11-2022,BT02,BT01,2,12:01:00,12:52:10,00:51:10,51.17
8848,121,02-11-2022,BT01,BT02,1,12:09:58,13:01:52,00:51:54,51.9
8849,1408,02-11-2022,BT02,BT01,2,12:19:55,13:15:28,00:55:33,55.55
8850,116,02-11-2022,BT01,BT02,1,12:21:26,13:01:43,00:40:17,40.28
8851,117,02-11-2022,BT02,BT01,2,12:40:37,13:38:03,00:57:26,57.43
8852,1377,02-11-2022,BT01,BT02,1,12:41:16,13:33:45,00:52:29,52.48
8853,1410,02-11-2022,BT02,BT01,2,12:50:33,13:43:58,00:53:25,53.42
8854,505,02-11-2022,BT02,BT01,2,13:00:32,13:53:47,00:53:15,53.25
8855,264,02-11-2022,BT01,BT02,1,13:01:04,13:55:20,00:54:16,54.27
8856,1718,02-11-2022,BT02,BT01,2,13:10:34,14:01:45,00:51:11,51.18
8857,262,02-11-2022,BT02,BT01,2,13:19:50,14:17:10,00:57:20,57.33
8858,1409,02-11-2022,BT01,BT02,1,13:21:06,14:16:57,00:55:51,55.85
8859,1358,02-11-2022,BT01,BT02,1,13:31:36,14:25:13,00:53:37,53.62
8860,513,02-11-2022,BT02,BT01,2,13:45:34,14:42:00,00:56:26,56.43
8861,1408,02-11-2022,BT01,BT02,1,13:51:32,14:47:59,00:56:27,56.45
8862,117,02-11-2022,BT01,BT02,1,14:11:15,15:03:07,00:51:52,51.87
8863,116,02-11-2022,BT02,BT01,2,14:19:57,15:19:35,00:59:38,59.63
8864,505,02-11-2022,BT01,BT02,1,14:20:45,15:15:07,00:54:22,54.37
8865,1718,02-11-2022,BT01,BT02,1,14:31:22,15:26:41,00:55:19,55.32
8866,1377,02-11-2022,BT02,BT01,2,14:39:20,15:33:34,00:54:14,54.23
8867,262,02-11-2022,BT01,BT02,1,14:40:49,15:38:21,00:57:32,57.53
8868,264,02-11-2022,BT02,BT01,2,15:01:04,15:49:04,00:48:00,48
8869,513,02-11-2022,BT01,BT02,1,15:11:12,16:03:24,00:52:12,52.2
8870,1409,02-11-2022,BT02,BT01,2,15:20:12,16:11:07,00:50:55,50.92
8871,1358,02-11-2022,BT02,BT01,2,15:30:19,16:25:25,00:55:06,55.1
8872,116,02-11-2022,BT01,BT02,1,15:40:23,16:33:47,00:53:24,53.4
8873,1408,02-11-2022,BT02,BT01,2,15:50:16,16:41:12,00:50:56,50.93
8874,1377,02-11-2022,BT01,BT02,1,16:01:08,16:55:17,00:54:09,54.15
8875,117,02-11-2022,BT02,BT01,2,16:12:15,17:03:12,00:50:57,50.95
8876,264,02-11-2022,BT01,BT02,1,16:19:48,17:04:56,00:45:08,45.13
8877,262,02-11-2022,BT02,BT01,2,16:21:46,17:13:37,00:51:51,51.85
8878,505,02-11-2022,BT02,BT01,2,16:30:27,17:25:09,00:54:42,54.7
8879,1718,02-11-2022,BT02,BT01,2,16:40:22,17:31:55,00:51:33,51.55
8880,1409,02-11-2022,BT01,BT02,1,16:40:45,17:37:11,00:56:26,56.43
8881,1358,02-11-2022,BT01,BT02,1,16:50:20,17:47:28,00:57:08,57.13
8882,1408,02-11-2022,BT01,BT02,1,17:10:28,18:02:14,00:51:46,51.77
8883,513,02-11-2022,BT02,BT01,2,17:11:25,18:07:29,00:56:04,56.07
8884,262,02-11-2022,BT01,BT02,1,17:29:21,18:16:55,00:47:34,47.57
8885,505,02-11-2022,BT01,BT02,1,17:37:06,18:22:01,00:44:55,44.92
8886,121,02-11-2022,BT02,BT01,2,17:39:30,18:30:55,00:51:25,51.42
8887,1718,02-11-2022,BT01,BT02,1,17:49:53,18:37:34,00:47:41,47.68
8888,116,02-11-2022,BT02,BT01,2,17:50:31,18:44:02,00:53:31,53.52
8889,1377,02-11-2022,BT02,BT01,2,18:14:13,19:04:17,00:50:04,50.07
8890,513,02-11-2022,BT01,BT02,1,19:13:46,19:58:11,00:44:25,44.42
8891,116,02-11-2022,BT01,BT02,1,19:55:07,20:31:12,00:36:05,36.08
8892,121,02-11-2022,BT01,BT02,1,21:08:57,22:22:11,01:13:14,73.23
8893,128,02-11-2022,BT01,BT02,1,23:12:22,23:43:45,00:31:23,31.38
8894,1408,02-12-2022,BT02,BT01,2,05:11:43,05:52:20,00:40:37,40.62
8895,274,02-12-2022,BT02,BT01,2,05:32:50,06:12:34,00:39:44,39.73
8896,209,02-12-2022,BT02,BT01,2,06:01:05,06:41:13,00:40:08,40.13
8897,121,02-12-2022,BT02,BT01,2,06:20:31,07:09:29,00:48:58,48.97
8898,1408,02-12-2022,BT01,BT02,1,06:20:59,07:10:03,00:49:04,49.07
8899,513,02-12-2022,BT02,BT01,2,06:30:25,07:17:29,00:47:04,47.07
8900,262,02-12-2022,BT01,BT02,1,06:31:03,07:20:40,00:49:37,49.62
8901,275,02-12-2022,BT01,BT02,1,06:36:00,07:26:46,00:50:46,50.77
8902,116,02-12-2022,BT02,BT01,2,06:40:15,07:23:49,00:43:34,43.57
8903,279,02-12-2022,BT02,BT01,2,06:49:44,07:39:19,00:49:35,49.58
8904,274,02-12-2022,BT01,BT02,1,06:53:16,07:42:50,00:49:34,49.57
8905,121,02-12-2022,BT01,BT02,1,07:21:51,08:16:26,00:54:35,54.58
8906,1377,02-12-2022,BT02,BT01,2,07:30:45,08:13:53,00:43:08,43.13
8907,513,02-12-2022,BT01,BT02,1,07:33:14,08:24:02,00:50:48,50.8
8908,264,02-12-2022,BT02,BT01,2,07:40:13,08:27:59,00:47:46,47.77
8909,116,02-12-2022,BT01,BT02,1,07:40:53,08:25:12,00:44:19,44.32
8910,279,02-12-2022,BT01,BT02,1,07:53:15,08:43:48,00:50:33,50.55
8911,123,02-12-2022,BT02,BT01,2,08:09:53,09:04:12,00:54:19,54.32
8912,275,02-12-2022,BT02,BT01,2,08:14:27,09:05:59,00:51:32,51.53
8913,1377,02-12-2022,BT01,BT02,1,08:21:08,09:09:59,00:48:51,48.85
8914,1409,02-12-2022,BT02,BT01,2,08:30:23,09:15:04,00:44:41,44.68
8915,264,02-12-2022,BT01,BT02,1,08:36:20,09:20:50,00:44:30,44.5
8916,1358,02-12-2022,BT02,BT01,2,08:40:27,09:29:44,00:49:17,49.28
8917,1143,02-12-2022,BT02,BT01,2,08:50:20,09:41:04,00:50:44,50.73
8918,1718,02-12-2022,BT02,BT01,2,09:00:17,09:53:00,00:52:43,52.72
8919,1408,02-12-2022,BT02,BT01,2,09:20:09,10:17:10,00:57:01,57.02
8920,123,02-12-2022,BT01,BT02,1,09:20:40,10:14:38,00:53:58,53.97
8921,262,02-12-2022,BT02,BT01,2,09:30:03,10:23:11,00:53:08,53.13
8922,1409,02-12-2022,BT01,BT02,1,09:41:30,10:39:11,00:57:41,57.68
8923,274,02-12-2022,BT02,BT01,2,09:50:42,10:49:08,00:58:26,58.43
8924,1358,02-12-2022,BT01,BT02,1,09:51:05,10:43:51,00:52:46,52.77
8925,1143,02-12-2022,BT01,BT02,1,10:01:17,10:56:21,00:55:04,55.07
8926,1718,02-12-2022,BT01,BT02,1,10:10:49,11:03:03,00:52:14,52.23
8927,121,02-12-2022,BT02,BT01,2,10:19:33,11:30:52,01:11:19,71.32
8928,1408,02-12-2022,BT01,BT02,1,10:30:54,11:29:48,00:58:54,58.9
8929,513,02-12-2022,BT02,BT01,2,10:31:02,11:34:56,01:03:54,63.9
8930,275,02-12-2022,BT01,BT02,1,10:33:46,11:34:35,01:00:49,60.82
8931,262,02-12-2022,BT01,BT02,1,10:41:01,11:44:29,01:03:28,63.47
8932,116,02-12-2022,BT02,BT01,2,10:41:21,11:50:43,01:09:22,69.37
8933,279,02-12-2022,BT02,BT01,2,10:50:36,12:01:39,01:11:03,71.05
8934,274,02-12-2022,BT01,BT02,1,11:02:36,12:05:33,01:02:57,62.95
8935,1377,02-12-2022,BT02,BT01,2,11:10:06,12:22:41,01:12:35,72.58
8936,264,02-12-2022,BT02,BT01,2,11:20:32,12:26:21,01:05:49,65.82
8937,121,02-12-2022,BT01,BT02,1,11:40:21,12:30:16,00:49:55,49.92
8938,123,02-12-2022,BT02,BT01,2,11:40:47,12:50:03,01:09:16,69.27
8939,513,02-12-2022,BT01,BT02,1,11:53:31,12:54:05,01:00:34,60.57
8940,1409,02-12-2022,BT02,BT01,2,11:57:06,13:06:44,01:09:38,69.63
8941,1358,02-12-2022,BT02,BT01,2,12:10:50,13:17:26,01:06:36,66.6
8942,116,02-12-2022,BT01,BT02,1,12:11:28,13:10:26,00:58:58,58.97
8943,1143,02-12-2022,BT02,BT01,2,12:21:01,13:23:58,01:02:57,62.95
8944,279,02-12-2022,BT01,BT02,1,12:21:29,13:13:30,00:52:01,52.02
8945,1718,02-12-2022,BT02,BT01,2,12:30:23,13:30:29,01:00:06,60.1
8946,275,02-12-2022,BT02,BT01,2,12:35:39,13:34:58,00:59:19,59.32
8947,1377,02-12-2022,BT01,BT02,1,12:41:11,13:32:28,00:51:17,51.28
8948,264,02-12-2022,BT01,BT02,1,12:50:30,13:41:20,00:50:50,50.83
8949,1408,02-12-2022,BT02,BT01,2,12:50:30,13:49:05,00:58:35,58.58
8950,262,02-12-2022,BT02,BT01,2,13:00:19,13:53:53,00:53:34,53.57
8951,123,02-12-2022,BT01,BT02,1,13:11:04,14:00:23,00:49:19,49.32
8952,274,02-12-2022,BT02,BT01,2,13:21:46,14:08:56,00:47:10,47.17
8953,1409,02-12-2022,BT01,BT02,1,13:31:02,14:24:25,00:53:23,53.38
8954,121,02-12-2022,BT02,BT01,2,13:40:21,14:28:57,00:48:36,48.6
8955,1358,02-12-2022,BT01,BT02,1,13:41:01,14:31:16,00:50:15,50.25
8956,513,02-12-2022,BT02,BT01,2,13:50:44,14:49:18,00:58:34,58.57
8957,1143,02-12-2022,BT01,BT02,1,13:51:36,14:44:50,00:53:14,53.23
8958,116,02-12-2022,BT02,BT01,2,14:00:31,14:54:35,00:54:04,54.07
8959,1718,02-12-2022,BT01,BT02,1,14:01:02,14:51:56,00:50:54,50.9
8960,279,02-12-2022,BT02,BT01,2,14:11:17,15:02:45,00:51:28,51.47
8961,1408,02-12-2022,BT01,BT02,1,14:21:09,15:18:47,00:57:38,57.63
8962,1377,02-12-2022,BT02,BT01,2,14:30:56,15:23:30,00:52:34,52.57
8963,262,02-12-2022,BT01,BT02,1,14:31:08,15:25:36,00:54:28,54.47
8964,264,02-12-2022,BT02,BT01,2,14:41:02,15:34:57,00:53:55,53.92
8965,274,02-12-2022,BT01,BT02,1,14:51:36,15:44:07,00:52:31,52.52
8966,123,02-12-2022,BT02,BT01,2,15:00:41,15:56:52,00:56:11,56.18
8967,121,02-12-2022,BT01,BT02,1,15:11:29,16:02:57,00:51:28,51.47
8968,1409,02-12-2022,BT02,BT01,2,15:20:53,16:15:36,00:54:43,54.72
8969,1358,02-12-2022,BT02,BT01,2,15:28:38,16:18:59,00:50:21,50.35
8970,513,02-12-2022,BT01,BT02,1,15:31:02,16:22:34,00:51:32,51.53
8971,275,02-12-2022,BT01,BT02,1,15:34:48,16:29:37,00:54:49,54.82
8972,1143,02-12-2022,BT02,BT01,2,15:40:27,16:42:07,01:01:40,61.67
8973,116,02-12-2022,BT01,BT02,1,15:41:32,16:30:22,00:48:50,48.83
8974,279,02-12-2022,BT01,BT02,1,15:51:23,16:45:23,00:54:00,54
8975,1718,02-12-2022,BT02,BT01,2,16:00:19,16:49:22,00:49:03,49.05
8976,1377,02-12-2022,BT01,BT02,1,16:11:03,17:02:21,00:51:18,51.3
8977,1408,02-12-2022,BT02,BT01,2,16:20:27,17:16:59,00:56:32,56.53
8978,264,02-12-2022,BT01,BT02,1,16:30:42,17:19:03,00:48:21,48.35
8979,262,02-12-2022,BT02,BT01,2,16:30:54,17:25:39,00:54:45,54.75
8980,123,02-12-2022,BT01,BT02,1,16:50:19,17:48:19,00:58:00,58
8981,274,02-12-2022,BT02,BT01,2,16:53:29,17:48:00,00:54:31,54.52
8982,275,02-12-2022,BT02,BT01,2,16:59:13,17:53:16,00:54:03,54.05
8983,1409,02-12-2022,BT01,BT02,1,17:02:23,17:54:20,00:51:57,51.95
8984,1358,02-12-2022,BT01,BT02,1,17:09:40,18:02:10,00:52:30,52.5
8985,513,02-12-2022,BT02,BT01,2,17:11:11,17:59:06,00:47:55,47.92
8986,116,02-12-2022,BT02,BT01,2,17:18:50,18:18:38,00:59:48,59.8
8987,1143,02-12-2022,BT01,BT02,1,17:20:43,18:13:05,00:52:22,52.37
8988,1718,02-12-2022,BT01,BT02,1,17:31:25,18:17:25,00:46:00,46
8989,279,02-12-2022,BT02,BT01,2,17:31:45,18:28:06,00:56:21,56.35
8990,1408,02-12-2022,BT01,BT02,1,17:51:11,18:42:24,00:51:13,51.22
8991,262,02-12-2022,BT01,BT02,1,18:00:49,18:47:00,00:46:11,46.18
8992,1377,02-12-2022,BT02,BT01,2,18:15:07,19:06:30,00:51:23,51.38
8993,274,02-12-2022,BT01,BT02,1,18:38:30,19:20:08,00:41:38,41.63
8994,513,02-12-2022,BT01,BT02,1,19:10:14,19:59:28,00:49:14,49.23
8995,116,02-12-2022,BT01,BT02,1,19:31:43,20:06:54,00:35:11,35.18
8996,279,02-12-2022,BT01,BT02,1,19:54:25,20:31:45,00:37:20,37.33
8997,1377,02-12-2022,BT01,BT02,1,20:26:20,21:11:13,00:44:53,44.88
8998,505,2/13/2022,BT02,BT01,2,05:33:56,06:05:12,00:31:16,31.27
8999,121,2/13/2022,BT02,BT01,2,06:09:26,06:54:09,00:44:43,44.72
9000,279,2/13/2022,BT02,BT01,2,06:21:38,07:09:30,00:47:52,47.87
9001,505,2/13/2022,BT01,BT02,1,06:30:01,07:17:51,00:47:50,47.83
9002,116,2/13/2022,BT02,BT01,2,06:33:44,07:13:54,00:40:10,40.17
9003,121,2/13/2022,BT01,BT02,1,07:05:05,07:52:44,00:47:39,47.65
9004,279,2/13/2022,BT01,BT02,1,07:24:28,08:17:19,00:52:51,52.85
9005,116,2/13/2022,BT01,BT02,1,07:41:59,08:28:24,00:46:25,46.42
9006,123,2/13/2022,BT02,BT01,2,07:51:21,08:42:50,00:51:29,51.48
9007,1358,2/13/2022,BT02,BT01,2,08:00:33,08:51:56,00:51:23,51.38
9008,1409,2/13/2022,BT02,BT01,2,08:10:46,09:02:55,00:52:09,52.15
9009,1143,2/13/2022,BT02,BT01,2,08:18:14,09:06:00,00:47:46,47.77
9010,1718,2/13/2022,BT02,BT01,2,08:31:34,09:20:55,00:49:21,49.35
9011,128,2/13/2022,BT02,BT01,2,08:58:52,09:45:09,00:46:17,46.28
9012,505,2/13/2022,BT02,BT01,2,09:10:44,10:13:50,01:03:06,63.1
9013,121,2/13/2022,BT02,BT01,2,09:30:15,10:24:40,00:54:25,54.42
9014,279,2/13/2022,BT02,BT01,2,09:39:01,10:53:13,01:14:12,74.2
9015,123,2/13/2022,BT01,BT02,1,09:50:49,10:52:05,01:01:16,61.27
9016,116,2/13/2022,BT02,BT01,2,09:57:33,11:00:10,01:02:37,62.62
9017,1358,2/13/2022,BT01,BT02,1,10:10:50,11:18:55,01:08:05,68.08
9018,1409,2/13/2022,BT01,BT02,1,10:32:01,11:34:31,01:02:30,62.5
9019,1143,2/13/2022,BT01,BT02,1,10:51:40,11:43:38,00:51:58,51.97
9020,274,2/13/2022,BT02,BT01,2,11:15:40,12:15:34,00:59:54,59.9
9021,1718,2/13/2022,BT01,BT02,1,11:31:10,12:21:05,00:49:55,49.92
9022,123,2/13/2022,BT02,BT01,2,11:57:29,12:55:09,00:57:40,57.67
9023,1358,2/13/2022,BT02,BT01,2,12:10:09,13:07:11,00:57:02,57.03
9024,1409,2/13/2022,BT02,BT01,2,12:24:54,13:21:17,00:56:23,56.38
9025,128,2/13/2022,BT01,BT02,1,12:37:40,13:35:01,00:57:21,57.35
9026,1143,2/13/2022,BT02,BT01,2,12:44:30,13:38:39,00:54:09,54.15
9027,505,2/13/2022,BT01,BT02,1,12:56:28,13:47:23,00:50:55,50.92
9028,1718,2/13/2022,BT02,BT01,2,13:15:51,14:15:16,00:59:25,59.42
9029,121,2/13/2022,BT01,BT02,1,13:19:03,14:08:36,00:49:33,49.55
9030,279,2/13/2022,BT01,BT02,1,13:28:22,14:21:15,00:52:53,52.88
9031,116,2/13/2022,BT01,BT02,1,13:40:39,14:35:19,00:54:40,54.67
9032,128,2/13/2022,BT02,BT01,2,13:55:20,14:48:09,00:52:49,52.82
9033,505,2/13/2022,BT02,BT01,2,14:10:32,14:59:01,00:48:29,48.48
9034,121,2/13/2022,BT02,BT01,2,14:42:39,15:35:23,00:52:44,52.73
9035,274,2/13/2022,BT01,BT02,1,14:47:30,15:38:23,00:50:53,50.88
9036,279,2/13/2022,BT02,BT01,2,14:59:57,15:47:24,00:47:27,47.45
9037,116,2/13/2022,BT02,BT01,2,15:15:29,16:08:33,00:53:04,53.07
9038,123,2/13/2022,BT01,BT02,1,15:39:28,16:33:46,00:54:18,54.3
9039,1358,2/13/2022,BT01,BT02,1,15:51:03,16:32:20,00:41:17,41.28
9040,1409,2/13/2022,BT01,BT02,1,16:13:50,17:01:03,00:47:13,47.22
9041,1143,2/13/2022,BT01,BT02,1,16:35:47,17:21:43,00:45:56,45.93
9042,1718,2/13/2022,BT01,BT02,1,17:04:29,17:53:43,00:49:14,49.23
9043,128,2/13/2022,BT01,BT02,1,17:40:51,18:29:07,00:48:16,48.27
9044,505,2/13/2022,BT01,BT02,1,17:58:45,18:41:33,00:42:48,42.8
9045,121,2/13/2022,BT01,BT02,1,18:26:47,19:13:26,00:46:39,46.65
9046,279,2/13/2022,BT01,BT02,1,18:43:20,19:21:32,00:38:12,38.2
9047,116,2/13/2022,BT01,BT02,1,19:15:33,19:58:29,00:42:56,42.93
9048,505,2/14/2022,BT02,BT01,2,05:29:44,06:03:41,00:33:57,33.95
9049,513,2/14/2022,BT02,BT01,2,05:49:59,06:42:00,00:52:01,52.02
9050,121,2/14/2022,BT02,BT01,2,06:10:10,06:51:28,00:41:18,41.3
9051,117,2/14/2022,BT01,BT02,1,06:20:35,07:08:59,00:48:24,48.4
9052,279,2/14/2022,BT02,BT01,2,06:21:33,07:05:00,00:43:27,43.45
9053,262,2/14/2022,BT01,BT02,1,06:29:12,07:19:13,00:50:01,50.02
9054,116,2/14/2022,BT02,BT01,2,06:31:21,07:16:29,00:45:08,45.13
9055,275,2/14/2022,BT01,BT02,1,06:33:55,07:20:44,00:46:49,46.82
9056,505,2/14/2022,BT01,BT02,1,06:40:49,07:28:58,00:48:09,48.15
9057,1377,2/14/2022,BT02,BT01,2,06:49:27,07:30:09,00:40:42,40.7
9058,250,2/14/2022,BT02,BT01,2,06:59:56,07:48:41,00:48:45,48.75
9059,513,2/14/2022,BT01,BT02,1,07:01:42,07:50:01,00:48:19,48.32
9060,264,2/14/2022,BT02,BT01,2,07:09:56,08:01:28,00:51:32,51.53
9061,121,2/14/2022,BT01,BT02,1,07:22:25,08:17:02,00:54:37,54.62
9062,128,2/14/2022,BT02,BT01,2,07:30:22,08:20:30,00:50:08,50.13
9063,279,2/14/2022,BT01,BT02,1,07:31:51,08:22:23,00:50:32,50.53
9064,116,2/14/2022,BT01,BT02,1,07:41:58,08:31:05,00:49:07,49.12
9065,1358,2/14/2022,BT02,BT01,2,07:50:23,08:43:47,00:53:24,53.4
9066,1143,2/14/2022,BT02,BT01,2,07:59:46,08:48:01,00:48:15,48.25
9067,1377,2/14/2022,BT01,BT02,1,08:01:11,08:53:40,00:52:29,52.48
9068,1718,2/14/2022,BT02,BT01,2,08:07:37,08:58:10,00:50:33,50.55
9069,250,2/14/2022,BT01,BT02,1,08:13:17,09:04:15,00:50:58,50.97
9070,275,2/14/2022,BT02,BT01,2,08:14:50,09:03:08,00:48:18,48.3
9071,128,2/14/2022,BT01,BT02,1,08:33:16,09:28:31,00:55:15,55.25
9072,117,2/14/2022,BT02,BT01,2,08:40:03,09:32:58,00:52:55,52.92
9073,264,2/14/2022,BT01,BT02,1,08:44:36,09:37:19,00:52:43,52.72
9074,262,2/14/2022,BT02,BT01,2,08:49:10,09:41:20,00:52:10,52.17
9075,1358,2/14/2022,BT01,BT02,1,09:00:15,09:45:54,00:45:39,45.65
9076,505,2/14/2022,BT02,BT01,2,09:00:20,09:51:16,00:50:56,50.93
9077,1143,2/14/2022,BT01,BT02,1,09:10:56,09:57:07,00:46:11,46.18
9078,1718,2/14/2022,BT01,BT02,1,09:20:11,10:10:24,00:50:13,50.22
9079,513,2/14/2022,BT02,BT01,2,09:20:54,10:16:53,00:55:59,55.98
9080,121,2/14/2022,BT02,BT01,2,09:40:32,10:29:42,00:49:10,49.17
9081,279,2/14/2022,BT02,BT01,2,09:50:10,10:48:11,00:58:01,58.02
9082,117,2/14/2022,BT01,BT02,1,09:51:00,10:45:45,00:54:45,54.75
9083,262,2/14/2022,BT01,BT02,1,10:01:01,10:55:11,00:54:10,54.17
9084,116,2/14/2022,BT02,BT01,2,10:01:22,10:56:36,00:55:14,55.23
9085,505,2/14/2022,BT01,BT02,1,10:10:51,11:04:55,00:54:04,54.07
9086,1377,2/14/2022,BT02,BT01,2,10:21:33,11:16:52,00:55:19,55.32
9087,250,2/14/2022,BT02,BT01,2,10:29:08,11:26:56,00:57:48,57.8
9088,513,2/14/2022,BT01,BT02,1,10:31:35,11:25:14,00:53:39,53.65
9089,275,2/14/2022,BT01,BT02,1,10:35:40,11:30:02,00:54:22,54.37
9090,264,2/14/2022,BT02,BT01,2,10:39:23,11:35:32,00:56:09,56.15
9091,128,2/14/2022,BT02,BT01,2,10:49:19,11:46:04,00:56:45,56.75
9092,279,2/14/2022,BT01,BT02,1,11:01:23,11:57:58,00:56:35,56.58
9093,1358,2/14/2022,BT02,BT01,2,11:10:57,12:27:15,01:16:18,76.3
9094,116,2/14/2022,BT01,BT02,1,11:11:21,12:06:04,00:54:43,54.72
9095,1718,2/14/2022,BT02,BT01,2,11:19:47,12:30:01,01:10:14,70.23
9096,1377,2/14/2022,BT01,BT02,1,11:31:22,12:30:24,00:59:02,59.03
9097,250,2/14/2022,BT01,BT02,1,11:40:19,12:42:07,01:01:48,61.8
9098,264,2/14/2022,BT01,BT02,1,11:50:57,13:00:43,01:09:46,69.77
9099,1143,2/14/2022,BT02,BT01,2,12:00:42,13:02:38,01:01:56,61.93
9100,128,2/14/2022,BT01,BT02,1,12:01:51,13:08:14,01:06:23,66.38
9101,117,2/14/2022,BT02,BT01,2,12:20:40,13:18:37,00:57:57,57.95
9102,262,2/14/2022,BT02,BT01,2,12:29:44,13:21:17,00:51:33,51.55
9103,275,2/14/2022,BT02,BT01,2,12:35:38,13:30:10,00:54:32,54.53
9104,1358,2/14/2022,BT01,BT02,1,12:37:38,13:29:18,00:51:40,51.67
9105,505,2/14/2022,BT02,BT01,2,12:41:06,13:34:55,00:53:49,53.82
9106,1718,2/14/2022,BT01,BT02,1,12:50:53,13:40:59,00:50:06,50.1
9107,513,2/14/2022,BT02,BT01,2,13:00:13,13:59:30,00:59:17,59.28
9108,279,2/14/2022,BT02,BT01,2,13:10:42,14:06:57,00:56:15,56.25
9109,116,2/14/2022,BT02,BT01,2,13:19:26,14:15:32,00:56:06,56.1
9110,1143,2/14/2022,BT01,BT02,1,13:30:33,14:21:19,00:50:46,50.77
9111,1377,2/14/2022,BT02,BT01,2,13:40:52,14:32:06,00:51:14,51.23
9112,264,2/14/2022,BT02,BT01,2,13:49:35,14:38:42,00:49:07,49.12
9113,117,2/14/2022,BT01,BT02,1,13:51:35,14:41:29,00:49:54,49.9
9114,275,2/14/2022,BT01,BT02,1,13:57:10,14:49:59,00:52:49,52.82
9115,128,2/14/2022,BT02,BT01,2,14:01:15,14:53:51,00:52:36,52.6
9116,262,2/14/2022,BT01,BT02,1,14:01:17,14:52:37,00:51:20,51.33
9117,505,2/14/2022,BT01,BT02,1,14:11:42,14:54:12,00:42:30,42.5
9118,1358,2/14/2022,BT02,BT01,2,14:18:21,15:09:42,00:51:21,51.35
9119,1718,2/14/2022,BT02,BT01,2,14:30:45,15:22:50,00:52:05,52.08
9120,513,2/14/2022,BT01,BT02,1,14:31:27,15:22:14,00:50:47,50.78
9121,279,2/14/2022,BT01,BT02,1,14:41:47,15:32:38,00:50:51,50.85
9122,116,2/14/2022,BT01,BT02,1,14:50:48,15:44:23,00:53:35,53.58
9123,1143,2/14/2022,BT02,BT01,2,15:09:33,16:06:06,00:56:33,56.55
9124,1377,2/14/2022,BT01,BT02,1,15:09:45,16:05:12,00:55:27,55.45
9125,264,2/14/2022,BT01,BT02,1,15:20:07,16:09:24,00:49:17,49.28
9126,117,2/14/2022,BT02,BT01,2,15:30:29,16:28:53,00:58:24,58.4
9127,128,2/14/2022,BT01,BT02,1,15:30:49,16:25:55,00:55:06,55.1
9128,505,2/14/2022,BT02,BT01,2,15:40:47,16:36:27,00:55:40,55.67
9129,121,2/14/2022,BT02,BT01,2,15:49:56,16:42:50,00:52:54,52.9
9130,1358,2/14/2022,BT01,BT02,1,15:50:29,16:43:03,00:52:34,52.57
9131,1718,2/14/2022,BT01,BT02,1,16:01:09,17:00:01,00:58:52,58.87
9132,513,2/14/2022,BT02,BT01,2,16:11:35,17:11:45,01:00:10,60.17
9133,279,2/14/2022,BT02,BT01,2,16:21:02,17:11:55,00:50:53,50.88
9134,116,2/14/2022,BT02,BT01,2,16:29:49,17:23:57,00:54:08,54.13
9135,262,2/14/2022,BT02,BT01,2,16:40:36,17:37:18,00:56:42,56.7
9136,1143,2/14/2022,BT01,BT02,1,16:40:52,17:43:02,01:02:10,62.17
9137,505,2/14/2022,BT01,BT02,1,16:59:33,17:57:53,00:58:20,58.33
9138,1377,2/14/2022,BT02,BT01,2,16:59:53,17:52:32,00:52:39,52.65
9139,264,2/14/2022,BT02,BT01,2,17:09:33,17:58:40,00:49:07,49.12
9140,121,2/14/2022,BT01,BT02,1,17:11:12,18:05:00,00:53:48,53.8
9141,128,2/14/2022,BT02,BT01,2,17:20:10,18:14:37,00:54:27,54.45
9142,513,2/14/2022,BT01,BT02,1,17:29:12,18:23:40,00:54:28,54.47
9143,275,2/14/2022,BT02,BT01,2,17:40:34,18:38:27,00:57:53,57.88
9144,279,2/14/2022,BT01,BT02,1,17:41:46,18:32:13,00:50:27,50.45
9145,116,2/14/2022,BT01,BT02,1,17:52:43,18:43:07,00:50:24,50.4
9146,262,2/14/2022,BT01,BT02,1,17:57:59,18:45:48,00:47:49,47.82
9147,1377,2/14/2022,BT01,BT02,1,18:25:42,19:14:36,00:48:54,48.9
9148,264,2/14/2022,BT01,BT02,1,18:51:39,19:38:15,00:46:36,46.6
9149,128,2/14/2022,BT01,BT02,1,19:12:34,20:00:40,00:48:06,48.1
9150,505,2/15/2022,BT02,BT01,2,05:28:56,05:59:55,00:30:59,30.98
9151,513,2/15/2022,BT02,BT01,2,05:48:30,06:30:00,00:41:30,41.5
9152,279,2/15/2022,BT02,BT01,2,06:11:01,06:53:51,00:42:50,42.83
9153,117,2/15/2022,BT01,BT02,1,06:11:23,06:58:41,00:47:18,47.3
9154,1719,2/15/2022,BT02,BT01,2,06:21:05,07:01:35,00:40:30,40.5
9155,1410,2/15/2022,BT01,BT02,1,06:21:48,07:05:16,00:43:28,43.47
9156,275,2/15/2022,BT01,BT02,1,06:35:32,07:25:33,00:50:01,50.02
9157,1377,2/15/2022,BT02,BT01,2,06:40:46,07:24:30,00:43:44,43.73
9158,505,2/15/2022,BT01,BT02,1,06:50:49,07:44:17,00:53:28,53.47
9159,513,2/15/2022,BT01,BT02,1,07:13:22,08:04:11,00:50:49,50.82
9160,250,2/15/2022,BT02,BT01,2,07:30:06,08:39:30,01:09:24,69.4
9161,279,2/15/2022,BT01,BT02,1,07:32:41,08:43:32,01:10:51,70.85
9162,264,2/15/2022,BT02,BT01,2,07:40:36,08:48:35,01:07:59,67.98
9163,1719,2/15/2022,BT01,BT02,1,07:42:10,08:52:51,01:10:41,70.68
9164,123,2/15/2022,BT02,BT01,2,07:59:32,08:58:02,00:58:30,58.5
9165,1377,2/15/2022,BT01,BT02,1,08:01:24,09:09:54,01:08:30,68.5
9166,275,2/15/2022,BT02,BT01,2,08:15:12,09:14:35,00:59:23,59.38
9167,1409,2/15/2022,BT02,BT01,2,08:21:08,09:18:59,00:57:51,57.85
9168,250,2/15/2022,BT01,BT02,1,08:53:38,09:38:28,00:44:50,44.83
9169,1143,2/15/2022,BT02,BT01,2,09:00:33,09:51:25,00:50:52,50.87
9170,264,2/15/2022,BT01,BT02,1,09:01:34,09:48:08,00:46:34,46.57
9171,128,2/15/2022,BT02,BT01,2,09:09:10,10:02:03,00:52:53,52.88
9172,117,2/15/2022,BT02,BT01,2,09:20:19,10:14:00,00:53:41,53.68
9173,123,2/15/2022,BT01,BT02,1,09:21:18,10:20:30,00:59:12,59.2
9174,1410,2/15/2022,BT02,BT01,2,09:30:12,10:16:54,00:46:42,46.7
9175,1409,2/15/2022,BT01,BT02,1,09:41:22,10:33:17,00:51:55,51.92
9176,505,2/15/2022,BT02,BT01,2,10:00:19,10:51:51,00:51:32,51.53
9177,1143,2/15/2022,BT01,BT02,1,10:20:55,11:18:05,00:57:10,57.17
9178,513,2/15/2022,BT02,BT01,2,10:30:18,11:28:17,00:57:59,57.98
9179,128,2/15/2022,BT01,BT02,1,10:30:46,11:24:02,00:53:16,53.27
9180,275,2/15/2022,BT01,BT02,1,10:36:57,11:31:30,00:54:33,54.55
9181,117,2/15/2022,BT01,BT02,1,10:40:35,11:34:35,00:54:00,54
9182,279,2/15/2022,BT02,BT01,2,10:41:14,11:37:21,00:56:07,56.12
9183,1719,2/15/2022,BT02,BT01,2,10:49:26,11:43:16,00:53:50,53.83
9184,1410,2/15/2022,BT01,BT02,1,10:51:41,11:43:31,00:51:50,51.83
9185,1377,2/15/2022,BT02,BT01,2,11:10:43,12:15:35,01:04:52,64.87
9186,505,2/15/2022,BT01,BT02,1,11:20:29,12:16:17,00:55:48,55.8
9187,250,2/15/2022,BT02,BT01,2,11:39:51,12:35:15,00:55:24,55.4
9188,513,2/15/2022,BT01,BT02,1,11:51:07,12:48:59,00:57:52,57.87
9189,123,2/15/2022,BT02,BT01,2,12:00:38,12:53:32,00:52:54,52.9
9190,279,2/15/2022,BT01,BT02,1,12:01:35,13:01:05,00:59:30,59.5
9191,1719,2/15/2022,BT01,BT02,1,12:13:52,13:09:05,00:55:13,55.22
9192,1409,2/15/2022,BT02,BT01,2,12:20:33,13:12:57,00:52:24,52.4
9193,1377,2/15/2022,BT01,BT02,1,12:31:05,13:26:59,00:55:54,55.9
9194,275,2/15/2022,BT02,BT01,2,12:35:59,13:26:47,00:50:48,50.8
9195,250,2/15/2022,BT01,BT02,1,13:01:15,13:53:08,00:51:53,51.88
9196,1143,2/15/2022,BT02,BT01,2,13:02:28,13:51:47,00:49:19,49.32
9197,128,2/15/2022,BT02,BT01,2,13:11:02,14:03:40,00:52:38,52.63
9198,117,2/15/2022,BT02,BT01,2,13:20:34,14:21:41,01:01:07,61.12
9199,123,2/15/2022,BT01,BT02,1,13:20:59,14:14:30,00:53:31,53.52
9200,1410,2/15/2022,BT02,BT01,2,13:30:42,14:25:53,00:55:11,55.18
9201,1409,2/15/2022,BT01,BT02,1,13:40:55,14:37:39,00:56:44,56.73
9202,505,2/15/2022,BT02,BT01,2,13:59:43,14:53:40,00:53:57,53.95
9203,513,2/15/2022,BT02,BT01,2,14:19:58,15:13:57,00:53:59,53.98
9204,1143,2/15/2022,BT01,BT02,1,14:21:58,15:09:52,00:47:54,47.9
9205,279,2/15/2022,BT02,BT01,2,14:30:42,15:24:17,00:53:35,53.58
9206,128,2/15/2022,BT01,BT02,1,14:31:54,15:23:03,00:51:09,51.15
9207,117,2/15/2022,BT01,BT02,1,14:40:14,15:33:17,00:53:03,53.05
9208,1719,2/15/2022,BT02,BT01,2,14:40:48,15:27:35,00:46:47,46.78
9209,1410,2/15/2022,BT01,BT02,1,14:52:39,15:48:40,00:56:01,56.02
9210,1377,2/15/2022,BT02,BT01,2,15:00:44,15:52:08,00:51:24,51.4
9211,505,2/15/2022,BT01,BT02,1,15:21:21,16:15:47,00:54:26,54.43
9212,250,2/15/2022,BT02,BT01,2,15:29:52,16:25:56,00:56:04,56.07
9213,513,2/15/2022,BT01,BT02,1,15:41:10,16:32:58,00:51:48,51.8
9214,123,2/15/2022,BT02,BT01,2,15:50:34,16:43:07,00:52:33,52.55
9215,279,2/15/2022,BT01,BT02,1,15:50:57,16:40:52,00:49:55,49.92
9216,1719,2/15/2022,BT01,BT02,1,16:01:22,16:54:13,00:52:51,52.85
9217,1409,2/15/2022,BT02,BT01,2,16:09:43,17:02:11,00:52:28,52.47
9218,1377,2/15/2022,BT01,BT02,1,16:20:48,17:15:00,00:54:12,54.2
9219,1143,2/15/2022,BT02,BT01,2,16:50:19,17:47:59,00:57:40,57.67
9220,250,2/15/2022,BT01,BT02,1,16:51:39,17:46:26,00:54:47,54.78
9221,128,2/15/2022,BT02,BT01,2,17:00:15,17:57:10,00:56:55,56.92
9222,123,2/15/2022,BT01,BT02,1,17:11:08,18:06:14,00:55:06,55.1
9223,117,2/15/2022,BT02,BT01,2,17:21:19,18:18:41,00:57:22,57.37
9224,1410,2/15/2022,BT02,BT01,2,17:30:19,18:21:14,00:50:55,50.92
9225,1409,2/15/2022,BT01,BT02,1,17:31:16,18:14:56,00:43:40,43.67
9226,1719,2/15/2022,BT02,BT01,2,18:01:54,18:52:49,00:50:55,50.92
9227,1143,2/15/2022,BT01,BT02,1,18:28:56,19:23:02,00:54:06,54.1
9228,128,2/15/2022,BT01,BT02,1,19:06:28,19:53:15,00:46:47,46.78
9229,116,2/16/2022,BT02,BT01,2,06:02:39,06:45:39,00:43:00,43
9230,116,2/16/2022,BT01,BT02,1,07:01:41,07:46:45,00:45:04,45.07
9231,1409,2/16/2022,BT02,BT01,2,08:00:02,08:48:57,00:48:55,48.92
9232,513,2/16/2022,BT02,BT01,2,08:20:50,09:11:24,00:50:34,50.57
9233,128,2/16/2022,BT02,BT01,2,08:38:15,09:33:12,00:54:57,54.95
9234,116,2/16/2022,BT02,BT01,2,09:01:01,09:53:35,00:52:34,52.57
9235,1409,2/16/2022,BT01,BT02,1,09:21:33,10:10:44,00:49:11,49.18
9236,513,2/16/2022,BT01,BT02,1,09:41:08,10:32:00,00:50:52,50.87
9237,128,2/16/2022,BT01,BT02,1,10:19:40,11:13:15,00:53:35,53.58
9238,1718,2/16/2022,BT02,BT01,2,10:45:51,11:38:51,00:53:00,53
9239,1409,2/16/2022,BT02,BT01,2,11:00:29,11:48:51,00:48:22,48.37
9240,116,2/16/2022,BT01,BT02,1,11:00:35,11:49:07,00:48:32,48.53
9241,513,2/16/2022,BT02,BT01,2,11:45:47,12:39:31,00:53:44,53.73
9242,128,2/16/2022,BT02,BT01,2,12:28:44,13:26:46,00:58:02,58.03
9243,1718,2/16/2022,BT01,BT02,1,13:01:01,13:47:06,00:46:05,46.08
9244,1409,2/16/2022,BT01,BT02,1,13:21:12,14:09:53,00:48:41,48.68
9245,513,2/16/2022,BT01,BT02,1,14:01:07,14:49:35,00:48:28,48.47
9246,128,2/16/2022,BT01,BT02,1,14:41:47,15:36:23,00:54:36,54.6
9247,1718,2/16/2022,BT02,BT01,2,14:44:27,15:35:18,00:50:51,50.85
9248,128,2/16/2022,BT02,BT01,2,16:07:04,17:01:29,00:54:25,54.42
9249,1718,2/16/2022,BT01,BT02,1,17:09:27,17:55:35,00:46:08,46.13
9250,128,2/16/2022,BT01,BT02,1,18:07:25,18:47:10,00:39:45,39.75
9251,1718,2/16/2022,BT02,BT01,2,18:13:49,18:56:17,00:42:28,42.47
9252,1718,2/16/2022,BT01,BT02,1,20:30:34,21:05:57,00:35:23,35.38
9253,279,2/17/2022,BT02,BT01,2,05:50:21,06:37:51,00:47:30,47.5
9254,116,2/17/2022,BT02,BT01,2,06:01:02,06:44:53,00:43:51,43.85
9255,274,2/17/2022,BT02,BT01,2,06:11:49,06:50:45,00:38:56,38.93
9256,1719,2/17/2022,BT02,BT01,2,06:21:46,07:02:51,00:41:05,41.08
9257,262,2/17/2022,BT01,BT02,1,06:29:01,07:19:35,00:50:34,50.57
9258,275,2/17/2022,BT01,BT02,1,06:35:30,07:25:26,00:49:56,49.93
9259,264,2/17/2022,BT02,BT01,2,07:00:39,07:48:46,00:48:07,48.12
9260,1408,2/17/2022,BT01,BT02,1,07:01:05,07:52:18,00:51:13,51.22
9261,279,2/17/2022,BT01,BT02,1,07:25:08,08:16:06,00:50:58,50.97
9262,123,2/17/2022,BT02,BT01,2,07:30:31,08:17:22,00:46:51,46.85
9263,116,2/17/2022,BT01,BT02,1,07:32:58,08:23:23,00:50:25,50.42
9264,274,2/17/2022,BT01,BT02,1,07:42:00,08:30:06,00:48:06,48.1
9265,1358,2/17/2022,BT02,BT01,2,07:50:13,08:42:50,00:52:37,52.62
9266,1719,2/17/2022,BT01,BT02,1,07:53:00,08:41:55,00:48:55,48.92
9267,1718,2/17/2022,BT02,BT01,2,07:57:35,08:52:24,00:54:49,54.82
9268,209,2/17/2022,BT02,BT01,2,08:10:39,09:01:20,00:50:41,50.68
9269,275,2/17/2022,BT02,BT01,2,08:14:30,09:07:28,00:52:58,52.97
9270,264,2/17/2022,BT01,BT02,1,08:33:45,09:23:08,00:49:23,49.38
9271,1143,2/17/2022,BT02,BT01,2,08:41:16,09:38:28,00:57:12,57.2
9272,123,2/17/2022,BT01,BT02,1,08:53:35,09:47:56,00:54:21,54.35
9273,262,2/17/2022,BT02,BT01,2,08:59:35,09:51:29,00:51:54,51.9
9274,1358,2/17/2022,BT01,BT02,1,09:10:56,09:55:41,00:44:45,44.75
9275,1408,2/17/2022,BT02,BT01,2,09:21:12,10:28:04,01:06:52,66.87
9276,1718,2/17/2022,BT01,BT02,1,09:21:26,10:18:21,00:56:55,56.92
9277,279,2/17/2022,BT02,BT01,2,09:41:15,10:45:46,01:04:31,64.52
9278,116,2/17/2022,BT02,BT01,2,09:50:39,10:57:56,01:07:17,67.28
9279,275,2/17/2022,BT01,BT02,1,09:57:21,10:51:32,00:54:11,54.18
9280,274,2/17/2022,BT02,BT01,2,10:00:16,11:04:54,01:04:38,64.63
9281,1143,2/17/2022,BT01,BT02,1,10:01:52,11:00:26,00:58:34,58.57
9282,1719,2/17/2022,BT02,BT01,2,10:11:33,11:17:27,01:05:54,65.9
9283,262,2/17/2022,BT01,BT02,1,10:19:39,11:19:31,00:59:52,59.87
9284,1408,2/17/2022,BT01,BT02,1,10:40:55,11:45:20,01:04:25,64.42
9285,264,2/17/2022,BT02,BT01,2,10:49:41,11:47:32,00:57:51,57.85
9286,279,2/17/2022,BT01,BT02,1,11:00:18,11:57:22,00:57:04,57.07
9287,116,2/17/2022,BT01,BT02,1,11:11:26,12:08:14,00:56:48,56.8
9288,123,2/17/2022,BT02,BT01,2,11:11:35,12:16:04,01:04:29,64.48
9289,274,2/17/2022,BT01,BT02,1,11:21:58,12:19:12,00:57:14,57.23
9290,1358,2/17/2022,BT02,BT01,2,11:30:24,12:25:48,00:55:24,55.4
9291,1719,2/17/2022,BT01,BT02,1,11:31:40,12:27:44,00:56:04,56.07
9292,1718,2/17/2022,BT02,BT01,2,11:40:48,12:37:04,00:56:16,56.27
9293,264,2/17/2022,BT01,BT02,1,12:09:38,13:01:52,00:52:14,52.23
9294,1143,2/17/2022,BT02,BT01,2,12:19:19,13:10:43,00:51:24,51.4
9295,123,2/17/2022,BT01,BT02,1,12:32:13,13:19:14,00:47:01,47.02
9296,275,2/17/2022,BT02,BT01,2,12:35:50,13:33:11,00:57:21,57.35
9297,262,2/17/2022,BT02,BT01,2,12:41:03,13:34:00,00:52:57,52.95
9298,1358,2/17/2022,BT01,BT02,1,12:52:03,13:40:05,00:48:02,48.03
9299,1718,2/17/2022,BT01,BT02,1,13:00:12,13:51:06,00:50:54,50.9
9300,1408,2/17/2022,BT02,BT01,2,13:00:33,14:09:10,01:08:37,68.62
9301,279,2/17/2022,BT02,BT01,2,13:20:27,14:20:04,00:59:37,59.62
9302,116,2/17/2022,BT02,BT01,2,13:30:11,14:23:32,00:53:21,53.35
9303,274,2/17/2022,BT02,BT01,2,13:41:16,14:32:45,00:51:29,51.48
9304,1143,2/17/2022,BT01,BT02,1,13:41:38,14:33:32,00:51:54,51.9
9305,262,2/17/2022,BT01,BT02,1,13:50:35,14:44:37,00:54:02,54.03
9306,1719,2/17/2022,BT02,BT01,2,13:50:50,14:41:37,00:50:47,50.78
9307,275,2/17/2022,BT01,BT02,1,13:57:30,14:50:37,00:53:07,53.12
9308,264,2/17/2022,BT02,BT01,2,14:29:29,15:20:43,00:51:14,51.23
9309,1408,2/17/2022,BT01,BT02,1,14:31:19,15:21:43,00:50:24,50.4
9310,123,2/17/2022,BT02,BT01,2,14:50:54,15:44:38,00:53:44,53.73
9311,279,2/17/2022,BT01,BT02,1,14:51:03,15:41:32,00:50:29,50.48
9312,116,2/17/2022,BT01,BT02,1,15:01:51,15:52:31,00:50:40,50.67
9313,1358,2/17/2022,BT02,BT01,2,15:09:44,15:56:06,00:46:22,46.37
9314,274,2/17/2022,BT01,BT02,1,15:12:17,15:58:23,00:46:06,46.1
9315,1718,2/17/2022,BT02,BT01,2,15:20:42,16:15:17,00:54:35,54.58
9316,1719,2/17/2022,BT01,BT02,1,15:22:07,16:13:04,00:50:57,50.95
9317,1143,2/17/2022,BT02,BT01,2,16:00:25,16:54:04,00:53:39,53.65
9318,264,2/17/2022,BT01,BT02,1,16:01:20,17:00:28,00:59:08,59.13
9319,123,2/17/2022,BT01,BT02,1,16:19:50,17:12:22,00:52:32,52.53
9320,262,2/17/2022,BT02,BT01,2,16:22:03,17:09:26,00:47:23,47.38
9321,1408,2/17/2022,BT02,BT01,2,16:28:11,17:21:32,00:53:21,53.35
9322,1358,2/17/2022,BT01,BT02,1,16:42:26,17:30:21,00:47:55,47.92
9323,279,2/17/2022,BT02,BT01,2,16:50:15,17:44:23,00:54:08,54.13
9324,1718,2/17/2022,BT01,BT02,1,16:51:33,17:42:34,00:51:01,51.02
9325,116,2/17/2022,BT02,BT01,2,17:00:09,17:50:04,00:49:55,49.92
9326,274,2/17/2022,BT02,BT01,2,17:09:22,18:01:48,00:52:26,52.43
9327,1719,2/17/2022,BT02,BT01,2,17:21:28,18:13:35,00:52:07,52.12
9328,1143,2/17/2022,BT01,BT02,1,17:31:00,18:18:17,00:47:17,47.28
9329,275,2/17/2022,BT02,BT01,2,17:36:07,18:31:32,00:55:25,55.42
9330,262,2/17/2022,BT01,BT02,1,17:51:00,18:38:20,00:47:20,47.33
9331,1408,2/17/2022,BT01,BT02,1,18:01:35,18:52:34,00:50:59,50.98
9332,279,2/17/2022,BT01,BT02,1,18:29:30,19:21:29,00:51:59,51.98
9333,262,2/17/2022,BT02,BT01,2,18:56:27,19:38:51,00:42:24,42.4
9334,116,2/17/2022,BT01,BT02,1,19:02:58,19:42:32,00:39:34,39.57
9335,274,2/17/2022,BT01,BT02,1,19:19:30,19:55:47,00:36:17,36.28
9336,121,2/18/2022,BT01,BT02,1,04:52:44,05:48:53,00:56:09,56.15
9337,1408,2/18/2022,BT02,BT01,2,05:07:02,05:50:05,00:43:03,43.05
9338,505,2/18/2022,BT02,BT01,2,05:28:26,05:59:24,00:30:58,30.97
9339,279,2/18/2022,BT02,BT01,2,05:39:49,06:21:31,00:41:42,41.7
9340,121,2/18/2022,BT02,BT01,2,05:53:18,06:39:24,00:46:06,46.1
9341,116,2/18/2022,BT02,BT01,2,06:01:59,06:44:50,00:42:51,42.85
9342,1408,2/18/2022,BT01,BT02,1,06:11:19,07:04:43,00:53:24,53.4
9343,274,2/18/2022,BT02,BT01,2,06:13:08,06:52:09,00:39:01,39.02
9344,275,2/18/2022,BT01,BT02,1,06:33:53,07:22:43,00:48:50,48.83
9345,262,2/18/2022,BT01,BT02,1,06:38:27,07:29:35,00:51:08,51.13
9346,505,2/18/2022,BT01,BT02,1,06:56:04,07:45:19,00:49:15,49.25
9347,279,2/18/2022,BT01,BT02,1,07:00:57,07:49:42,00:48:45,48.75
9348,121,2/18/2022,BT01,BT02,1,07:14:00,08:01:59,00:47:59,47.98
9349,116,2/18/2022,BT01,BT02,1,07:21:57,08:05:45,00:43:48,43.8
9350,274,2/18/2022,BT01,BT02,1,07:33:05,08:21:07,00:48:02,48.03
9351,123,2/18/2022,BT02,BT01,2,07:39:29,08:27:42,00:48:13,48.22
9352,128,2/18/2022,BT02,BT01,2,07:51:01,08:45:40,00:54:39,54.65
9353,1358,2/18/2022,BT02,BT01,2,08:00:28,08:46:58,00:46:30,46.5
9354,1718,2/18/2022,BT02,BT01,2,08:09:53,08:57:10,00:47:17,47.28
9355,275,2/18/2022,BT02,BT01,2,08:14:55,09:04:41,00:49:46,49.77
9356,123,2/18/2022,BT01,BT02,1,08:45:56,09:38:23,00:52:27,52.45
9357,250,2/18/2022,BT02,BT01,2,08:49:41,09:53:23,01:03:42,63.7
9358,128,2/18/2022,BT01,BT02,1,08:54:02,09:41:58,00:47:56,47.93
9359,1358,2/18/2022,BT01,BT02,1,09:00:53,09:52:29,00:51:36,51.6
9360,1408,2/18/2022,BT02,BT01,2,09:10:18,10:06:48,00:56:30,56.5
9361,1718,2/18/2022,BT01,BT02,1,09:10:38,10:09:45,00:59:07,59.12
9362,117,2/18/2022,BT02,BT01,2,09:19:59,10:11:17,00:51:18,51.3
9363,262,2/18/2022,BT02,BT01,2,09:29:55,10:20:59,00:51:04,51.07
9364,505,2/18/2022,BT02,BT01,2,09:40:39,10:35:48,00:55:09,55.15
9365,279,2/18/2022,BT02,BT01,2,09:51:51,10:54:30,01:02:39,62.65
9366,275,2/18/2022,BT01,BT02,1,10:01:06,10:58:04,00:56:58,56.97
9367,121,2/18/2022,BT02,BT01,2,10:10:39,11:03:49,00:53:10,53.17
9368,250,2/18/2022,BT01,BT02,1,10:10:59,11:13:37,01:02:38,62.63
9369,116,2/18/2022,BT02,BT01,2,10:20:30,11:19:54,00:59:24,59.4
9370,274,2/18/2022,BT02,BT01,2,10:31:18,11:28:59,00:57:41,57.68
9371,117,2/18/2022,BT01,BT02,1,10:31:29,11:31:37,01:00:08,60.13
9372,262,2/18/2022,BT01,BT02,1,10:39:35,11:39:23,00:59:48,59.8
9373,505,2/18/2022,BT01,BT02,1,10:51:16,11:48:30,00:57:14,57.23
9374,279,2/18/2022,BT01,BT02,1,11:11:10,12:07:02,00:55:52,55.87
9375,128,2/18/2022,BT02,BT01,2,11:20:39,12:17:47,00:57:08,57.13
9376,1358,2/18/2022,BT02,BT01,2,11:28:29,12:21:00,00:52:31,52.52
9377,121,2/18/2022,BT01,BT02,1,11:31:53,12:26:37,00:54:44,54.73
9378,116,2/18/2022,BT01,BT02,1,11:40:44,12:37:20,00:56:36,56.6
9379,1718,2/18/2022,BT02,BT01,2,11:40:53,12:36:16,00:55:23,55.38
9380,274,2/18/2022,BT01,BT02,1,11:51:55,12:52:20,01:00:25,60.42
9381,250,2/18/2022,BT02,BT01,2,12:20:27,13:10:23,00:49:56,49.93
9382,275,2/18/2022,BT02,BT01,2,12:35:47,13:27:12,00:51:25,51.42
9383,128,2/18/2022,BT01,BT02,1,12:38:20,13:31:59,00:53:39,53.65
9384,117,2/18/2022,BT02,BT01,2,12:40:40,13:36:33,00:55:53,55.88
9385,262,2/18/2022,BT02,BT01,2,12:51:00,13:48:05,00:57:05,57.08
9386,1358,2/18/2022,BT01,BT02,1,12:52:08,13:46:53,00:54:45,54.75
9387,1718,2/18/2022,BT01,BT02,1,13:01:08,13:53:16,00:52:08,52.13
9388,505,2/18/2022,BT02,BT01,2,13:10:43,14:07:50,00:57:07,57.12
9389,279,2/18/2022,BT02,BT01,2,13:20:38,14:13:13,00:52:35,52.58
9390,121,2/18/2022,BT02,BT01,2,13:29:36,14:27:22,00:57:46,57.77
9391,116,2/18/2022,BT02,BT01,2,13:40:41,14:43:13,01:02:32,62.53
9392,250,2/18/2022,BT01,BT02,1,13:40:46,14:36:35,00:55:49,55.82
9393,274,2/18/2022,BT02,BT01,2,13:50:39,14:46:39,00:56:00,56
9394,275,2/18/2022,BT01,BT02,1,13:54:04,14:54:43,01:00:39,60.65
9395,117,2/18/2022,BT01,BT02,1,14:00:53,15:00:30,00:59:37,59.62
9396,262,2/18/2022,BT01,BT02,1,14:11:10,15:01:50,00:50:40,50.67
9397,294,2/18/2022,BT02,BT01,2,14:21:12,15:13:14,00:52:02,52.03
9398,505,2/18/2022,BT01,BT02,1,14:31:14,15:28:30,00:57:16,57.27
9399,279,2/18/2022,BT01,BT02,1,14:41:03,15:37:53,00:56:50,56.83
9400,121,2/18/2022,BT01,BT02,1,14:50:41,15:46:45,00:56:04,56.07
9401,128,2/18/2022,BT02,BT01,2,14:51:03,15:49:04,00:58:01,58.02
9402,1358,2/18/2022,BT02,BT01,2,15:00:37,15:54:43,00:54:06,54.1
9403,116,2/18/2022,BT01,BT02,1,15:01:35,15:47:39,00:46:04,46.07
9404,1718,2/18/2022,BT02,BT01,2,15:10:28,16:01:37,00:51:09,51.15
9405,274,2/18/2022,BT01,BT02,1,15:12:16,16:06:59,00:54:43,54.72
9406,294,2/18/2022,BT01,BT02,1,15:31:01,16:20:10,00:49:09,49.15
9407,128,2/18/2022,BT01,BT02,1,16:03:13,16:59:00,00:55:47,55.78
9408,117,2/18/2022,BT02,BT01,2,16:10:50,16:59:20,00:48:30,48.5
9409,1358,2/18/2022,BT01,BT02,1,16:10:59,17:04:41,00:53:42,53.7
9410,1718,2/18/2022,BT01,BT02,1,16:19:26,17:14:48,00:55:22,55.37
9411,262,2/18/2022,BT02,BT01,2,16:20:59,17:16:13,00:55:14,55.23
9412,505,2/18/2022,BT02,BT01,2,16:40:52,17:42:47,01:01:55,61.92
9413,279,2/18/2022,BT02,BT01,2,16:50:37,17:48:50,00:58:13,58.22
9414,275,2/18/2022,BT02,BT01,2,16:55:37,17:51:05,00:55:28,55.47
9415,121,2/18/2022,BT02,BT01,2,17:00:40,17:52:38,00:51:58,51.97
9416,116,2/18/2022,BT02,BT01,2,17:11:02,17:58:58,00:47:56,47.93
9417,274,2/18/2022,BT02,BT01,2,17:20:53,18:13:03,00:52:10,52.17
9418,262,2/18/2022,BT01,BT02,1,17:29:21,18:17:45,00:48:24,48.4
9419,505,2/18/2022,BT01,BT02,1,17:58:56,18:47:46,00:48:50,48.83
9420,128,2/18/2022,BT02,BT01,2,18:13:20,19:08:53,00:55:33,55.55
9421,279,2/18/2022,BT01,BT02,1,18:14:08,18:59:30,00:45:22,45.37
9422,121,2/18/2022,BT01,BT02,1,18:21:17,19:00:27,00:39:10,39.17
9423,116,2/18/2022,BT01,BT02,1,18:38:28,19:28:41,00:50:13,50.22
9424,1718,2/18/2022,BT02,BT01,2,18:41:47,19:34:36,00:52:49,52.82
9425,274,2/18/2022,BT01,BT02,1,19:13:33,20:00:50,00:47:17,47.28
9426,1718,2/18/2022,BT01,BT02,1,20:51:14,21:36:10,00:44:56,44.93
9427,128,2/18/2022,BT01,BT02,1,21:24:19,22:05:41,00:41:22,41.37
9428,121,2/19/2022,BT02,BT01,2,05:32:36,06:12:54,00:40:18,40.3
9429,279,2/19/2022,BT02,BT01,2,05:48:33,06:35:37,00:47:04,47.07
9430,116,2/19/2022,BT02,BT01,2,05:59:57,06:40:35,00:40:38,40.63
9431,274,2/19/2022,BT02,BT01,2,06:11:06,06:52:23,00:41:17,41.28
9432,262,2/19/2022,BT01,BT02,1,06:11:18,07:03:37,00:52:19,52.32
9433,1377,2/19/2022,BT02,BT01,2,06:20:29,07:04:06,00:43:37,43.62
9434,1410,2/19/2022,BT01,BT02,1,06:30:37,07:22:02,00:51:25,51.42
9435,275,2/19/2022,BT01,BT02,1,06:35:59,07:25:19,00:49:20,49.33
9436,121,2/19/2022,BT01,BT02,1,07:00:30,07:53:19,00:52:49,52.82
9437,1358,2/19/2022,BT02,BT01,2,07:10:04,07:59:54,00:49:50,49.83
9438,279,2/19/2022,BT01,BT02,1,07:11:07,08:05:09,00:54:02,54.03
9439,116,2/19/2022,BT01,BT02,1,07:20:49,08:15:14,00:54:25,54.42
9440,274,2/19/2022,BT01,BT02,1,07:33:15,08:39:42,01:06:27,66.45
9441,1143,2/19/2022,BT02,BT01,2,07:39:14,08:30:59,00:51:45,51.75
9442,1377,2/19/2022,BT01,BT02,1,07:40:28,08:46:28,01:06:00,66
9443,275,2/19/2022,BT02,BT01,2,08:13:52,09:01:43,00:47:51,47.85
9444,505,2/19/2022,BT02,BT01,2,08:20:52,09:12:09,00:51:17,51.28
9445,128,2/19/2022,BT02,BT01,2,08:32:12,09:24:37,00:52:25,52.42
9446,1358,2/19/2022,BT01,BT02,1,08:33:09,09:26:17,00:53:08,53.13
9447,1718,2/19/2022,BT02,BT01,2,08:41:33,09:33:53,00:52:20,52.33
9448,262,2/19/2022,BT02,BT01,2,08:49:11,09:45:58,00:56:47,56.78
9449,117,2/19/2022,BT02,BT01,2,08:59:56,09:54:44,00:54:48,54.8
9450,1410,2/19/2022,BT02,BT01,2,09:09:44,10:10:07,01:00:23,60.38
9451,505,2/19/2022,BT01,BT02,1,09:30:36,10:21:37,00:51:01,51.02
9452,121,2/19/2022,BT02,BT01,2,09:38:40,10:44:51,01:06:11,66.18
9453,128,2/19/2022,BT01,BT02,1,09:41:21,10:35:56,00:54:35,54.58
9454,1718,2/19/2022,BT01,BT02,1,09:49:21,10:47:51,00:58:30,58.5
9455,279,2/19/2022,BT02,BT01,2,09:50:30,10:56:32,01:06:02,66.03
9456,275,2/19/2022,BT01,BT02,1,09:54:08,10:55:16,01:01:08,61.13
9457,116,2/19/2022,BT02,BT01,2,09:59:28,11:05:23,01:05:55,65.92
9458,262,2/19/2022,BT01,BT02,1,10:01:08,11:07:33,01:06:25,66.42
9459,117,2/19/2022,BT01,BT02,1,10:10:33,11:14:07,01:03:34,63.57
9460,274,2/19/2022,BT02,BT01,2,10:11:09,11:10:01,00:58:52,58.87
9461,1377,2/19/2022,BT02,BT01,2,10:19:39,11:31:32,01:11:53,71.88
9462,1410,2/19/2022,BT01,BT02,1,10:20:01,11:26:59,01:06:58,66.97
9463,250,2/19/2022,BT02,BT01,2,10:40:23,11:44:41,01:04:18,64.3
9464,121,2/19/2022,BT01,BT02,1,11:00:53,12:01:22,01:00:29,60.48
9465,1358,2/19/2022,BT02,BT01,2,11:10:59,12:22:52,01:11:53,71.88
9466,279,2/19/2022,BT01,BT02,1,11:11:03,12:10:26,00:59:23,59.38
9467,116,2/19/2022,BT01,BT02,1,11:20:38,12:13:02,00:52:24,52.4
9468,1143,2/19/2022,BT02,BT01,2,11:20:41,12:30:32,01:09:51,69.85
9469,274,2/19/2022,BT01,BT02,1,11:33:01,12:32:37,00:59:36,59.6
9470,1377,2/19/2022,BT01,BT02,1,11:40:47,12:44:53,01:04:06,64.1
9471,505,2/19/2022,BT02,BT01,2,11:50:48,13:04:48,01:14:00,74
9472,128,2/19/2022,BT02,BT01,2,11:57:35,13:12:48,01:15:13,75.22
9473,250,2/19/2022,BT01,BT02,1,12:01:29,13:02:35,01:01:06,61.1
9474,1718,2/19/2022,BT02,BT01,2,12:10:56,13:24:07,01:13:11,73.18
9475,262,2/19/2022,BT02,BT01,2,12:20:19,13:28:43,01:08:24,68.4
9476,275,2/19/2022,BT02,BT01,2,12:35:29,13:39:25,01:03:56,63.93
9477,1358,2/19/2022,BT01,BT02,1,12:39:33,13:31:23,00:51:50,51.83
9478,1410,2/19/2022,BT02,BT01,2,12:41:55,13:48:25,01:06:30,66.5
9479,1143,2/19/2022,BT01,BT02,1,12:51:59,13:48:31,00:56:32,56.53
9480,121,2/19/2022,BT02,BT01,2,13:02:03,13:59:52,00:57:49,57.82
9481,279,2/19/2022,BT02,BT01,2,13:20:13,14:19:35,00:59:22,59.37
9482,505,2/19/2022,BT01,BT02,1,13:30:27,14:14:18,00:43:51,43.85
9483,116,2/19/2022,BT02,BT01,2,13:30:54,14:26:06,00:55:12,55.2
9484,274,2/19/2022,BT02,BT01,2,13:41:02,14:37:01,00:55:59,55.98
9485,128,2/19/2022,BT01,BT02,1,13:42:35,14:37:28,00:54:53,54.88
9486,1718,2/19/2022,BT01,BT02,1,13:50:25,14:48:06,00:57:41,57.68
9487,1377,2/19/2022,BT02,BT01,2,13:50:43,14:45:41,00:54:58,54.97
9488,275,2/19/2022,BT01,BT02,1,13:55:28,14:49:14,00:53:46,53.77
9489,250,2/19/2022,BT02,BT01,2,14:00:27,14:52:21,00:51:54,51.9
9490,262,2/19/2022,BT01,BT02,1,14:00:54,14:50:08,00:49:14,49.23
9491,117,2/19/2022,BT01,BT02,1,14:11:03,15:05:59,00:54:56,54.93
9492,1410,2/19/2022,BT01,BT02,1,14:20:28,15:12:33,00:52:05,52.08
9493,1358,2/19/2022,BT02,BT01,2,14:30:53,15:20:55,00:50:02,50.03
9494,1143,2/19/2022,BT02,BT01,2,14:40:26,15:32:01,00:51:35,51.58
9495,121,2/19/2022,BT01,BT02,1,14:51:39,15:41:13,00:49:34,49.57
9496,279,2/19/2022,BT01,BT02,1,15:01:29,15:54:15,00:52:46,52.77
9497,505,2/19/2022,BT02,BT01,2,15:10:50,16:02:41,00:51:51,51.85
9498,116,2/19/2022,BT01,BT02,1,15:11:34,16:06:27,00:54:53,54.88
9499,274,2/19/2022,BT01,BT02,1,15:21:19,16:22:07,01:00:48,60.8
9500,1718,2/19/2022,BT02,BT01,2,15:28:24,16:23:02,00:54:38,54.63
9501,1377,2/19/2022,BT01,BT02,1,15:32:02,16:24:20,00:52:18,52.3
9502,262,2/19/2022,BT02,BT01,2,15:38:42,16:30:21,00:51:39,51.65
9503,250,2/19/2022,BT01,BT02,1,15:40:00,16:34:46,00:54:46,54.77
9504,117,2/19/2022,BT02,BT01,2,15:51:11,16:47:41,00:56:30,56.5
9505,1410,2/19/2022,BT02,BT01,2,15:58:34,16:57:00,00:58:26,58.43
9506,1358,2/19/2022,BT01,BT02,1,16:10:23,17:00:38,00:50:15,50.25
9507,1143,2/19/2022,BT01,BT02,1,16:19:54,17:09:41,00:49:47,49.78
9508,128,2/19/2022,BT02,BT01,2,16:30:40,17:21:13,00:50:33,50.55
9509,121,2/19/2022,BT02,BT01,2,16:40:37,17:34:11,00:53:34,53.57
9510,279,2/19/2022,BT02,BT01,2,16:49:20,17:43:48,00:54:28,54.47
9511,505,2/19/2022,BT01,BT02,1,16:50:35,17:40:37,00:50:02,50.03
9512,275,2/19/2022,BT02,BT01,2,16:55:41,17:56:18,01:00:37,60.62
9513,116,2/19/2022,BT02,BT01,2,17:01:12,17:59:19,00:58:07,58.12
9514,1718,2/19/2022,BT01,BT02,1,17:11:29,18:04:00,00:52:31,52.52
9515,274,2/19/2022,BT02,BT01,2,17:11:31,18:12:39,01:01:08,61.13
9516,262,2/19/2022,BT01,BT02,1,17:20:06,18:13:02,00:52:56,52.93
9517,1377,2/19/2022,BT02,BT01,2,17:21:01,18:24:39,01:03:38,63.63
9518,250,2/19/2022,BT02,BT01,2,17:31:31,18:27:40,00:56:09,56.15
9519,1410,2/19/2022,BT01,BT02,1,17:32:38,18:23:08,00:50:30,50.5
9520,262,2/19/2022,BT02,BT01,2,18:19:37,19:00:12,00:40:35,40.58
9521,279,2/19/2022,BT01,BT02,1,18:23:24,19:10:56,00:47:32,47.53
9522,128,2/19/2022,BT01,BT02,1,19:01:11,19:56:42,00:55:31,55.52
9523,121,2/19/2022,BT01,BT02,1,19:20:39,20:02:38,00:41:59,41.98
9524,116,2/19/2022,BT01,BT02,1,19:51:17,20:31:31,00:40:14,40.23
9525,274,2/19/2022,BT01,BT02,1,20:21:07,20:58:56,00:37:49,37.82
9526,250,2/19/2022,BT01,BT02,1,21:24:24,21:57:16,00:32:52,32.87
9527,505,2/20/2022,BT02,BT01,2,05:36:22,06:05:53,00:29:31,29.52
9528,274,2/20/2022,BT02,BT01,2,05:50:07,06:40:59,00:50:52,50.87
9529,1377,2/20/2022,BT02,BT01,2,06:20:48,07:09:51,00:49:03,49.05
9530,117,2/20/2022,BT01,BT02,1,06:27:54,07:18:27,00:50:33,50.55
9531,275,2/20/2022,BT01,BT02,1,06:35:47,07:24:39,00:48:52,48.87
9532,505,2/20/2022,BT01,BT02,1,06:49:45,07:44:17,00:54:32,54.53
9533,264,2/20/2022,BT02,BT01,2,06:51:03,07:43:59,00:52:56,52.93
9534,123,2/20/2022,BT02,BT01,2,06:59:04,07:46:49,00:47:45,47.75
9535,274,2/20/2022,BT01,BT02,1,07:00:10,07:55:12,00:55:02,55.03
9536,1143,2/20/2022,BT02,BT01,2,07:30:29,08:16:45,00:46:16,46.27
9537,1377,2/20/2022,BT01,BT02,1,07:30:47,08:15:22,00:44:35,44.58
9538,264,2/20/2022,BT01,BT02,1,07:57:53,08:48:18,00:50:25,50.42
9539,250,2/20/2022,BT02,BT01,2,08:19:44,09:15:40,00:55:56,55.93
9540,117,2/20/2022,BT02,BT01,2,08:38:46,09:32:56,00:54:10,54.17
9541,1143,2/20/2022,BT01,BT02,1,08:41:23,09:35:56,00:54:33,54.55
9542,505,2/20/2022,BT02,BT01,2,09:09:52,10:08:28,00:58:36,58.6
9543,279,2/20/2022,BT02,BT01,2,09:20:43,10:19:45,00:59:02,59.03
9544,274,2/20/2022,BT02,BT01,2,09:30:06,10:29:54,00:59:48,59.8
9545,513,2/20/2022,BT02,BT01,2,09:39:39,10:37:17,00:57:38,57.63
9546,117,2/20/2022,BT01,BT02,1,09:48:59,10:48:45,00:59:46,59.77
9547,1377,2/20/2022,BT02,BT01,2,10:10:24,11:08:22,00:57:58,57.97
9548,505,2/20/2022,BT01,BT02,1,10:22:57,11:20:06,00:57:09,57.15
9549,279,2/20/2022,BT01,BT02,1,10:36:39,11:36:56,01:00:17,60.28
9550,123,2/20/2022,BT02,BT01,2,10:38:02,11:32:20,00:54:18,54.3
9551,274,2/20/2022,BT01,BT02,1,10:42:05,11:39:35,00:57:30,57.5
9552,1143,2/20/2022,BT02,BT01,2,11:10:25,12:06:59,00:56:34,56.57
9553,1377,2/20/2022,BT01,BT02,1,11:31:01,12:28:20,00:57:19,57.32
9554,250,2/20/2022,BT02,BT01,2,12:00:20,12:52:22,00:52:02,52.03
9555,123,2/20/2022,BT01,BT02,1,12:01:18,13:02:56,01:01:38,61.63
9556,117,2/20/2022,BT02,BT01,2,12:21:00,13:21:32,01:00:32,60.53
9557,1143,2/20/2022,BT01,BT02,1,12:31:01,13:23:06,00:52:05,52.08
9558,275,2/20/2022,BT02,BT01,2,12:40:00,13:33:48,00:53:48,53.8
9559,505,2/20/2022,BT02,BT01,2,12:51:02,13:44:02,00:53:00,53
9560,294,2/20/2022,BT01,BT02,1,12:57:40,13:58:10,01:00:30,60.5
9561,279,2/20/2022,BT02,BT01,2,13:01:28,13:58:35,00:57:07,57.12
9562,274,2/20/2022,BT02,BT01,2,13:10:36,14:03:08,00:52:32,52.53
9563,117,2/20/2022,BT01,BT02,1,13:40:13,14:33:29,00:53:16,53.27
9564,1377,2/20/2022,BT02,BT01,2,13:51:00,14:45:51,00:54:51,54.85
9565,275,2/20/2022,BT01,BT02,1,14:01:52,14:57:29,00:55:37,55.62
9566,505,2/20/2022,BT01,BT02,1,14:11:06,14:59:42,00:48:36,48.6
9567,123,2/20/2022,BT02,BT01,2,14:18:29,15:12:48,00:54:19,54.32
9568,279,2/20/2022,BT01,BT02,1,14:21:40,15:09:52,00:48:12,48.2
9569,274,2/20/2022,BT01,BT02,1,14:31:01,15:21:33,00:50:32,50.53
9570,1143,2/20/2022,BT02,BT01,2,14:50:03,15:46:45,00:56:42,56.7
9571,1377,2/20/2022,BT01,BT02,1,15:29:06,16:25:35,00:56:29,56.48
9572,117,2/20/2022,BT02,BT01,2,16:00:15,16:49:22,00:49:07,49.12
9573,123,2/20/2022,BT01,BT02,1,16:16:55,17:11:50,00:54:55,54.92
9574,275,2/20/2022,BT02,BT01,2,16:19:53,17:10:30,00:50:37,50.62
9575,505,2/20/2022,BT02,BT01,2,16:30:27,17:26:06,00:55:39,55.65
9576,279,2/20/2022,BT02,BT01,2,16:41:31,17:39:50,00:58:19,58.32
9577,274,2/20/2022,BT02,BT01,2,16:50:42,17:48:08,00:57:26,57.43
9578,1143,2/20/2022,BT01,BT02,1,17:16:21,17:55:43,00:39:22,39.37
9579,1377,2/20/2022,BT02,BT01,2,17:28:35,18:27:48,00:59:13,59.22
9580,274,2/20/2022,BT01,BT02,1,19:08:46,19:53:09,00:44:23,44.38
9581,505,2/20/2022,BT01,BT02,1,19:18:51,20:01:21,00:42:30,42.5
9582,279,2/20/2022,BT01,BT02,1,19:39:17,20:22:14,00:42:57,42.95
9583,1377,2/20/2022,BT01,BT02,1,20:44:33,21:19:38,00:35:05,35.08
9584,505,2/21/2022,BT02,BT01,2,05:28:32,06:01:49,00:33:17,33.28
9585,116,2/21/2022,BT02,BT01,2,05:41:15,06:23:53,00:42:38,42.63
9586,1410,2/21/2022,BT01,BT02,1,06:10:47,06:59:46,00:48:59,48.98
9587,1408,2/21/2022,BT01,BT02,1,06:21:02,07:14:20,00:53:18,53.3
9588,264,2/21/2022,BT02,BT01,2,06:40:33,07:28:49,00:48:16,48.27
9589,505,2/21/2022,BT01,BT02,1,06:47:11,07:35:08,00:47:57,47.95
9590,116,2/21/2022,BT01,BT02,1,07:00:54,07:49:30,00:48:36,48.6
9591,1358,2/21/2022,BT02,BT01,2,07:10:46,07:59:12,00:48:26,48.43
9592,1718,2/21/2022,BT02,BT01,2,07:30:37,08:27:46,00:57:09,57.15
9593,121,2/21/2022,BT02,BT01,2,08:11:32,09:03:45,00:52:13,52.22
9594,1358,2/21/2022,BT01,BT02,1,08:20:15,09:16:37,00:56:22,56.37
9595,128,2/21/2022,BT02,BT01,2,08:20:52,09:14:43,00:53:51,53.85
9596,1410,2/21/2022,BT02,BT01,2,08:30:38,09:21:14,00:50:36,50.6
9597,1408,2/21/2022,BT02,BT01,2,08:40:16,09:35:33,00:55:17,55.28
9598,1718,2/21/2022,BT01,BT02,1,08:45:01,09:35:49,00:50:48,50.8
9599,117,2/21/2022,BT02,BT01,2,08:58:50,09:53:34,00:54:44,54.73
9600,505,2/21/2022,BT02,BT01,2,09:10:40,10:07:40,00:57:00,57
9601,116,2/21/2022,BT02,BT01,2,09:20:50,10:14:18,00:53:28,53.47
9602,121,2/21/2022,BT01,BT02,1,09:28:43,10:17:11,00:48:28,48.47
9603,128,2/21/2022,BT01,BT02,1,09:41:18,10:34:53,00:53:35,53.58
9604,1410,2/21/2022,BT01,BT02,1,09:50:47,10:44:07,00:53:20,53.33
9605,1408,2/21/2022,BT01,BT02,1,10:00:52,10:57:22,00:56:30,56.5
9606,117,2/21/2022,BT01,BT02,1,10:20:15,11:16:32,00:56:17,56.28
9607,505,2/21/2022,BT01,BT02,1,10:31:03,11:29:33,00:58:30,58.5
9608,1358,2/21/2022,BT02,BT01,2,10:31:14,11:45:08,01:13:54,73.9
9609,1718,2/21/2022,BT02,BT01,2,10:40:40,11:50:47,01:10:07,70.12
9610,116,2/21/2022,BT01,BT02,1,10:41:39,11:42:17,01:00:38,60.63
9611,121,2/21/2022,BT02,BT01,2,11:21:09,12:26:11,01:05:02,65.03
9612,128,2/21/2022,BT02,BT01,2,11:30:07,12:30:00,00:59:53,59.88
9613,1410,2/21/2022,BT02,BT01,2,11:40:16,12:39:37,00:59:21,59.35
9614,1408,2/21/2022,BT02,BT01,2,11:50:37,12:48:44,00:58:07,58.12
9615,1358,2/21/2022,BT01,BT02,1,12:01:08,12:56:22,00:55:14,55.23
9616,117,2/21/2022,BT02,BT01,2,12:08:55,13:02:00,00:53:05,53.08
9617,1718,2/21/2022,BT01,BT02,1,12:11:51,13:06:12,00:54:21,54.35
9618,505,2/21/2022,BT02,BT01,2,12:20:38,13:11:50,00:51:12,51.2
9619,116,2/21/2022,BT02,BT01,2,12:30:50,13:26:15,00:55:25,55.42
9620,121,2/21/2022,BT01,BT02,1,12:51:40,13:41:16,00:49:36,49.6
9621,128,2/21/2022,BT01,BT02,1,13:00:49,13:48:04,00:47:15,47.25
9622,1410,2/21/2022,BT01,BT02,1,13:10:59,14:03:27,00:52:28,52.47
9623,1408,2/21/2022,BT01,BT02,1,13:20:10,14:13:12,00:53:02,53.03
9624,264,2/21/2022,BT02,BT01,2,13:21:37,14:18:38,00:57:01,57.02
9625,117,2/21/2022,BT01,BT02,1,13:41:29,14:32:13,00:50:44,50.73
9626,1358,2/21/2022,BT02,BT01,2,13:50:52,14:36:32,00:45:40,45.67
9627,505,2/21/2022,BT01,BT02,1,13:50:55,14:36:41,00:45:46,45.77
9628,1718,2/21/2022,BT02,BT01,2,13:58:56,14:55:55,00:56:59,56.98
9629,116,2/21/2022,BT01,BT02,1,14:00:31,14:49:21,00:48:50,48.83
9630,128,2/21/2022,BT02,BT01,2,14:41:07,15:32:51,00:51:44,51.73
9631,1410,2/21/2022,BT02,BT01,2,14:50:30,15:46:27,00:55:57,55.95
9632,264,2/21/2022,BT01,BT02,1,14:50:45,15:42:34,00:51:49,51.82
9633,1408,2/21/2022,BT02,BT01,2,14:59:45,15:53:03,00:53:18,53.3
9634,117,2/21/2022,BT02,BT01,2,15:20:36,16:15:57,00:55:21,55.35
9635,1358,2/21/2022,BT01,BT02,1,15:21:22,16:12:05,00:50:43,50.72
9636,505,2/21/2022,BT02,BT01,2,15:30:57,16:21:09,00:50:12,50.2
9637,1718,2/21/2022,BT01,BT02,1,15:31:26,16:24:48,00:53:22,53.37
9638,116,2/21/2022,BT02,BT01,2,15:40:44,16:47:40,01:06:56,66.93
9639,121,2/21/2022,BT02,BT01,2,16:00:07,16:57:29,00:57:22,57.37
9640,128,2/21/2022,BT01,BT02,1,16:11:23,17:09:50,00:58:27,58.45
9641,1410,2/21/2022,BT01,BT02,1,16:21:01,17:19:58,00:58:57,58.95
9642,294,2/21/2022,BT02,BT01,2,16:22:44,17:19:29,00:56:45,56.75
9643,264,2/21/2022,BT02,BT01,2,16:29:31,17:24:51,00:55:20,55.33
9644,1408,2/21/2022,BT01,BT02,1,16:32:46,17:34:21,01:01:35,61.58
9645,505,2/21/2022,BT01,BT02,1,16:50:29,17:46:04,00:55:35,55.58
9646,1358,2/21/2022,BT02,BT01,2,17:01:11,17:49:57,00:48:46,48.77
9647,116,2/21/2022,BT01,BT02,1,17:01:25,17:52:32,00:51:07,51.12
9648,1718,2/21/2022,BT02,BT01,2,17:10:42,18:04:14,00:53:32,53.53
9649,121,2/21/2022,BT01,BT02,1,17:19:17,18:09:42,00:50:25,50.42
9650,1410,2/21/2022,BT02,BT01,2,17:50:32,18:45:37,00:55:05,55.08
9651,264,2/21/2022,BT01,BT02,1,17:55:21,18:41:38,00:46:17,46.28
9652,1358,2/21/2022,BT01,BT02,1,19:14:49,19:54:26,00:39:37,39.62
9653,1718,2/21/2022,BT01,BT02,1,19:25:37,20:08:38,00:43:01,43.02
9654,1408,2/22/2022,BT02,BT01,2,05:10:42,05:52:30,00:41:48,41.8
9655,274,2/22/2022,BT02,BT01,2,05:28:55,06:06:57,00:38:02,38.03
9656,294,2/22/2022,BT02,BT01,2,05:49:32,06:37:31,00:47:59,47.98
9657,1377,2/22/2022,BT02,BT01,2,06:01:47,06:45:27,00:43:40,43.67
9658,262,2/22/2022,BT01,BT02,1,06:11:14,07:03:10,00:51:56,51.93
9659,264,2/22/2022,BT02,BT01,2,06:30:27,07:15:02,00:44:35,44.58
9660,275,2/22/2022,BT01,BT02,1,06:35:48,07:27:38,00:51:50,51.83
9661,1408,2/22/2022,BT01,BT02,1,06:41:22,07:31:14,00:49:52,49.87
9662,1410,2/22/2022,BT01,BT02,1,06:53:35,07:47:04,00:53:29,53.48
9663,274,2/22/2022,BT01,BT02,1,07:01:41,07:54:11,00:52:30,52.5
9664,1718,2/22/2022,BT02,BT01,2,07:10:09,07:56:48,00:46:39,46.65
9665,1409,2/22/2022,BT02,BT01,2,07:29:23,08:20:22,00:50:59,50.98
9666,1377,2/22/2022,BT01,BT02,1,07:33:13,08:26:45,00:53:32,53.53
9667,1358,2/22/2022,BT02,BT01,2,07:39:41,08:33:21,00:53:40,53.67
9668,264,2/22/2022,BT01,BT02,1,08:00:46,08:51:07,00:50:21,50.35
9669,275,2/22/2022,BT02,BT01,2,08:15:33,09:01:59,00:46:26,46.43
9670,121,2/22/2022,BT02,BT01,2,08:31:02,09:20:40,00:49:38,49.63
9671,279,2/22/2022,BT02,BT01,2,08:39:57,09:33:26,00:53:29,53.48
9672,1409,2/22/2022,BT01,BT02,1,08:45:55,09:40:13,00:54:18,54.3
9673,116,2/22/2022,BT02,BT01,2,08:50:47,09:45:25,00:54:38,54.63
9674,1358,2/22/2022,BT01,BT02,1,08:53:14,09:42:12,00:48:58,48.97
9675,1143,2/22/2022,BT02,BT01,2,08:59:09,09:52:41,00:53:32,53.53
9676,123,2/22/2022,BT02,BT01,2,09:10:46,10:03:03,00:52:17,52.28
9677,262,2/22/2022,BT02,BT01,2,09:20:14,10:12:24,00:52:10,52.17
9678,121,2/22/2022,BT01,BT02,1,09:41:22,10:31:14,00:49:52,49.87
9679,279,2/22/2022,BT01,BT02,1,09:50:25,10:43:49,00:53:24,53.4
9680,1408,2/22/2022,BT02,BT01,2,09:50:45,10:49:04,00:58:19,58.32
9681,275,2/22/2022,BT01,BT02,1,09:53:48,10:45:30,00:51:42,51.7
9682,1410,2/22/2022,BT02,BT01,2,10:00:37,10:56:34,00:55:57,55.95
9683,116,2/22/2022,BT01,BT02,1,10:01:25,10:53:15,00:51:50,51.83
9684,274,2/22/2022,BT02,BT01,2,10:10:40,11:02:51,00:52:11,52.18
9685,1143,2/22/2022,BT01,BT02,1,10:10:51,11:03:12,00:52:21,52.35
9686,123,2/22/2022,BT01,BT02,1,10:20:50,11:16:25,00:55:35,55.58
9687,262,2/22/2022,BT01,BT02,1,10:30:11,11:26:30,00:56:19,56.32
9688,1377,2/22/2022,BT02,BT01,2,10:50:37,11:42:29,00:51:52,51.87
9689,1408,2/22/2022,BT01,BT02,1,11:02:01,11:57:51,00:55:50,55.83
9690,264,2/22/2022,BT02,BT01,2,11:11:02,12:10:59,00:59:57,59.95
9691,1410,2/22/2022,BT01,BT02,1,11:11:24,12:01:53,00:50:29,50.48
9692,274,2/22/2022,BT01,BT02,1,11:19:59,12:20:17,01:00:18,60.3
9693,1409,2/22/2022,BT02,BT01,2,11:51:34,12:46:44,00:55:10,55.17
9694,1358,2/22/2022,BT02,BT01,2,12:01:11,12:51:52,00:50:41,50.68
9695,1377,2/22/2022,BT01,BT02,1,12:01:29,12:55:05,00:53:36,53.6
9696,264,2/22/2022,BT01,BT02,1,12:20:04,13:08:41,00:48:37,48.62
9697,121,2/22/2022,BT02,BT01,2,12:30:47,13:24:15,00:53:28,53.47
9698,275,2/22/2022,BT02,BT01,2,12:35:41,13:33:13,00:57:32,57.53
9699,279,2/22/2022,BT02,BT01,2,12:41:08,13:35:48,00:54:40,54.67
9700,116,2/22/2022,BT02,BT01,2,12:50:05,13:45:55,00:55:50,55.83
9701,1143,2/22/2022,BT02,BT01,2,13:00:34,13:54:01,00:53:27,53.45
9702,1409,2/22/2022,BT01,BT02,1,13:01:19,13:53:23,00:52:04,52.07
9703,123,2/22/2022,BT02,BT01,2,13:11:40,14:02:30,00:50:50,50.83
9704,1358,2/22/2022,BT01,BT02,1,13:12:01,14:04:44,00:52:43,52.72
9705,262,2/22/2022,BT02,BT01,2,13:29:39,14:29:14,00:59:35,59.58
9706,121,2/22/2022,BT01,BT02,1,13:40:46,14:34:36,00:53:50,53.83
9707,279,2/22/2022,BT01,BT02,1,13:50:21,14:48:46,00:58:25,58.42
9708,1408,2/22/2022,BT02,BT01,2,13:59:24,14:55:28,00:56:04,56.07
9709,116,2/22/2022,BT01,BT02,1,14:01:10,14:52:44,00:51:34,51.57
9710,1410,2/22/2022,BT02,BT01,2,14:10:39,15:04:26,00:53:47,53.78
9711,1143,2/22/2022,BT01,BT02,1,14:11:36,15:12:20,01:00:44,60.73
9712,274,2/22/2022,BT02,BT01,2,14:20:42,15:12:10,00:51:28,51.47
9713,123,2/22/2022,BT01,BT02,1,14:20:59,15:13:39,00:52:40,52.67
9714,294,2/22/2022,BT02,BT01,2,14:41:07,15:35:29,00:54:22,54.37
9715,262,2/22/2022,BT01,BT02,1,14:50:35,15:43:22,00:52:47,52.78
9716,1377,2/22/2022,BT02,BT01,2,14:59:17,15:51:00,00:51:43,51.72
9717,264,2/22/2022,BT02,BT01,2,15:21:21,16:10:31,00:49:10,49.17
9718,1408,2/22/2022,BT01,BT02,1,15:21:31,16:15:10,00:53:39,53.65
9719,1410,2/22/2022,BT01,BT02,1,15:30:22,16:24:10,00:53:48,53.8
9720,275,2/22/2022,BT01,BT02,1,15:34:07,16:27:26,00:53:19,53.32
9721,274,2/22/2022,BT01,BT02,1,15:41:16,16:35:28,00:54:12,54.2
9722,1409,2/22/2022,BT02,BT01,2,16:00:05,16:50:46,00:50:41,50.68
9723,1358,2/22/2022,BT02,BT01,2,16:11:45,17:06:00,00:54:15,54.25
9724,1377,2/22/2022,BT01,BT02,1,16:31:35,17:26:42,00:55:07,55.12
9725,121,2/22/2022,BT02,BT01,2,16:50:38,17:45:35,00:54:57,54.95
9726,264,2/22/2022,BT01,BT02,1,16:51:09,17:35:52,00:44:43,44.72
9727,279,2/22/2022,BT02,BT01,2,16:59:41,18:00:29,01:00:48,60.8
9728,116,2/22/2022,BT02,BT01,2,17:10:55,18:02:39,00:51:44,51.73
9729,1143,2/22/2022,BT02,BT01,2,17:18:09,18:16:53,00:58:44,58.73
9730,123,2/22/2022,BT02,BT01,2,17:30:27,18:31:59,01:01:32,61.53
9731,1358,2/22/2022,BT01,BT02,1,17:31:02,18:12:14,00:41:12,41.2
9732,275,2/22/2022,BT02,BT01,2,17:35:56,18:35:32,00:59:36,59.6
9733,262,2/22/2022,BT02,BT01,2,17:40:10,18:32:59,00:52:49,52.82
9734,1409,2/22/2022,BT01,BT02,1,18:00:27,18:53:22,00:52:55,52.92
9735,1377,2/22/2022,BT02,BT01,2,18:21:46,19:10:55,00:49:09,49.15
9736,121,2/22/2022,BT01,BT02,1,18:26:39,19:10:41,00:44:02,44.03
9737,279,2/22/2022,BT01,BT02,1,18:48:31,19:35:27,00:46:56,46.93
9738,116,2/22/2022,BT01,BT02,1,19:22:41,20:05:33,00:42:52,42.87
9739,1143,2/22/2022,BT01,BT02,1,20:00:58,20:41:13,00:40:15,40.25
9740,123,2/22/2022,BT01,BT02,1,20:43:49,21:21:21,00:37:32,37.53
9741,1718,2/22/2022,BT01,BT02,1,21:18:17,21:54:40,00:36:23,36.38
9742,1408,2/23/2022,BT02,BT01,2,05:07:37,05:46:53,00:39:16,39.27
9743,294,2/23/2022,BT02,BT01,2,06:01:12,06:46:27,00:45:15,45.25
9744,1408,2/23/2022,BT01,BT02,1,06:21:26,07:15:22,00:53:56,53.93
9745,250,2/23/2022,BT02,BT01,2,06:21:52,07:07:36,00:45:44,45.73
9746,123,2/23/2022,BT02,BT01,2,06:40:39,07:27:44,00:47:05,47.08
9747,262,2/23/2022,BT01,BT02,1,06:41:22,07:31:59,00:50:37,50.62
9748,128,2/23/2022,BT02,BT01,2,06:50:50,07:33:56,00:43:06,43.1
9749,1358,2/23/2022,BT02,BT01,2,07:09:36,07:49:21,00:39:45,39.75
9750,1718,2/23/2022,BT02,BT01,2,07:31:12,08:27:36,00:56:24,56.4
9751,250,2/23/2022,BT01,BT02,1,07:32:58,08:29:26,00:56:28,56.47
9752,123,2/23/2022,BT01,BT02,1,07:53:24,08:40:54,00:47:30,47.5
9753,128,2/23/2022,BT01,BT02,1,08:00:56,08:48:16,00:47:20,47.33
9754,1358,2/23/2022,BT01,BT02,1,08:14:18,09:03:39,00:49:21,49.35
9755,121,2/23/2022,BT02,BT01,2,08:29:24,09:19:38,00:50:14,50.23
9756,279,2/23/2022,BT02,BT01,2,08:40:22,09:35:21,00:54:59,54.98
9757,1718,2/23/2022,BT01,BT02,1,08:45:25,09:37:29,00:52:04,52.07
9758,116,2/23/2022,BT02,BT01,2,08:49:51,09:43:59,00:54:08,54.13
9759,274,2/23/2022,BT02,BT01,2,08:59:38,09:52:56,00:53:18,53.3
9760,1409,2/23/2022,BT02,BT01,2,09:11:30,10:04:32,00:53:02,53.03
9761,1143,2/23/2022,BT02,BT01,2,09:20:28,10:11:48,00:51:20,51.33
9762,1408,2/23/2022,BT02,BT01,2,09:40:26,10:40:51,01:00:25,60.42
9763,121,2/23/2022,BT01,BT02,1,09:41:22,10:36:59,00:55:37,55.62
9764,279,2/23/2022,BT01,BT02,1,09:50:25,10:46:14,00:55:49,55.82
9765,262,2/23/2022,BT02,BT01,2,10:00:11,11:00:32,01:00:21,60.35
9766,116,2/23/2022,BT01,BT02,1,10:01:14,10:52:22,00:51:08,51.13
9767,274,2/23/2022,BT01,BT02,1,10:10:20,11:08:36,00:58:16,58.27
9768,1409,2/23/2022,BT01,BT02,1,10:22:49,11:14:43,00:51:54,51.9
9769,1143,2/23/2022,BT01,BT02,1,10:30:32,11:23:38,00:53:06,53.1
9770,505,2/23/2022,BT01,BT02,1,10:41:18,11:36:09,00:54:51,54.85
9771,250,2/23/2022,BT02,BT01,2,10:50:26,11:46:42,00:56:16,56.27
9772,1408,2/23/2022,BT01,BT02,1,11:00:33,11:57:37,00:57:04,57.07
9773,123,2/23/2022,BT02,BT01,2,11:11:18,12:12:08,01:00:50,60.83
9774,117,2/23/2022,BT01,BT02,1,11:11:21,11:59:33,00:48:12,48.2
9775,262,2/23/2022,BT01,BT02,1,11:20:24,12:12:01,00:51:37,51.62
9776,128,2/23/2022,BT02,BT01,2,11:20:56,12:21:04,01:00:08,60.13
9777,1358,2/23/2022,BT02,BT01,2,11:33:12,12:24:40,00:51:28,51.47
9778,1718,2/23/2022,BT02,BT01,2,11:41:40,12:44:09,01:02:29,62.48
9779,250,2/23/2022,BT01,BT02,1,12:12:33,13:08:54,00:56:21,56.35
9780,123,2/23/2022,BT01,BT02,1,12:30:59,13:27:24,00:56:25,56.42
9781,121,2/23/2022,BT02,BT01,2,12:37:51,13:31:55,00:54:04,54.07
9782,128,2/23/2022,BT01,BT02,1,12:39:50,13:25:57,00:46:07,46.12
9783,279,2/23/2022,BT02,BT01,2,12:50:56,13:43:00,00:52:04,52.07
9784,1358,2/23/2022,BT01,BT02,1,12:51:41,13:40:30,00:48:49,48.82
9785,116,2/23/2022,BT02,BT01,2,13:00:49,13:48:10,00:47:21,47.35
9786,1718,2/23/2022,BT01,BT02,1,13:01:23,13:46:49,00:45:26,45.43
9787,274,2/23/2022,BT02,BT01,2,13:11:58,14:06:35,00:54:37,54.62
9788,1409,2/23/2022,BT02,BT01,2,13:21:02,14:15:25,00:54:23,54.38
9789,1143,2/23/2022,BT02,BT01,2,13:30:40,14:20:07,00:49:27,49.45
9790,505,2/23/2022,BT02,BT01,2,13:39:11,14:27:59,00:48:48,48.8
9791,1408,2/23/2022,BT02,BT01,2,14:00:14,14:57:27,00:57:13,57.22
9792,121,2/23/2022,BT01,BT02,1,14:01:55,14:50:54,00:48:59,48.98
9793,117,2/23/2022,BT02,BT01,2,14:10:16,15:06:23,00:56:07,56.12
9794,262,2/23/2022,BT02,BT01,2,14:20:26,15:12:26,00:52:00,52
9795,116,2/23/2022,BT01,BT02,1,14:20:46,14:53:19,00:32:33,32.55
9796,274,2/23/2022,BT01,BT02,1,14:31:12,15:24:15,00:53:03,53.05
9797,1409,2/23/2022,BT01,BT02,1,14:40:26,15:34:05,00:53:39,53.65
9798,1143,2/23/2022,BT01,BT02,1,14:50:47,15:42:28,00:51:41,51.68
9799,505,2/23/2022,BT01,BT02,1,15:01:22,15:51:57,00:50:35,50.58
9800,250,2/23/2022,BT02,BT01,2,15:09:30,16:02:00,00:52:30,52.5
9801,1408,2/23/2022,BT01,BT02,1,15:21:29,16:20:24,00:58:55,58.92
9802,123,2/23/2022,BT02,BT01,2,15:28:45,16:24:02,00:55:17,55.28
9803,262,2/23/2022,BT01,BT02,1,15:40:59,16:33:25,00:52:26,52.43
9804,128,2/23/2022,BT02,BT01,2,15:41:15,16:38:56,00:57:41,57.68
9805,1358,2/23/2022,BT02,BT01,2,15:51:27,16:42:11,00:50:44,50.73
9806,1718,2/23/2022,BT02,BT01,2,15:59:43,16:54:58,00:55:15,55.25
9807,250,2/23/2022,BT01,BT02,1,16:29:35,17:22:54,00:53:19,53.32
9808,123,2/23/2022,BT01,BT02,1,16:51:12,17:43:29,00:52:17,52.28
9809,121,2/23/2022,BT02,BT01,2,16:59:39,17:50:49,00:51:10,51.17
9810,128,2/23/2022,BT01,BT02,1,17:00:10,17:47:59,00:47:49,47.82
9811,279,2/23/2022,BT02,BT01,2,17:10:23,18:04:42,00:54:19,54.32
9812,1358,2/23/2022,BT01,BT02,1,17:11:03,18:00:06,00:49:03,49.05
9813,1718,2/23/2022,BT01,BT02,1,17:20:30,18:11:58,00:51:28,51.47
9814,116,2/23/2022,BT02,BT01,2,17:20:41,18:16:29,00:55:48,55.8
9815,274,2/23/2022,BT02,BT01,2,17:28:34,18:21:19,00:52:45,52.75
9816,1409,2/23/2022,BT02,BT01,2,17:41:09,18:38:20,00:57:11,57.18
9817,1143,2/23/2022,BT02,BT01,2,17:53:21,18:47:34,00:54:13,54.22
9818,1408,2/23/2022,BT02,BT01,2,18:12:02,19:08:07,00:56:05,56.08
9819,121,2/23/2022,BT01,BT02,1,18:35:48,19:17:19,00:41:31,41.52
9820,262,2/23/2022,BT02,BT01,2,18:37:05,19:20:35,00:43:30,43.5
9821,279,2/23/2022,BT01,BT02,1,18:54:22,19:41:30,00:47:08,47.13
9822,116,2/23/2022,BT01,BT02,1,19:20:41,20:01:29,00:40:48,40.8
9823,274,2/23/2022,BT01,BT02,1,19:49:58,20:30:47,00:40:49,40.82
9824,1409,2/23/2022,BT01,BT02,1,20:33:17,21:13:12,00:39:55,39.92
9825,1143,2/23/2022,BT01,BT02,1,21:25:20,21:59:36,00:34:16,34.27
9826,264,2/24/2022,BT02,BT01,2,04:38:26,05:37:07,00:58:41,58.68
9827,505,2/24/2022,BT02,BT01,2,05:28:59,06:03:14,00:34:15,34.25
9828,1377,2/24/2022,BT02,BT01,2,05:50:47,06:37:41,00:46:54,46.9
9829,250,2/24/2022,BT02,BT01,2,06:09:10,06:50:59,00:41:49,41.82
9830,1410,2/24/2022,BT01,BT02,1,06:31:00,07:19:40,00:48:40,48.67
9831,262,2/24/2022,BT01,BT02,1,06:39:44,07:28:36,00:48:52,48.87
9832,128,2/24/2022,BT02,BT01,2,06:41:36,07:28:51,00:47:15,47.25
9833,1358,2/24/2022,BT02,BT01,2,06:49:35,07:28:07,00:38:32,38.53
9834,1143,2/24/2022,BT02,BT01,2,07:00:38,07:48:04,00:47:26,47.43
9835,505,2/24/2022,BT01,BT02,1,07:01:27,07:47:13,00:45:46,45.77
9836,1377,2/24/2022,BT01,BT02,1,07:21:42,08:12:58,00:51:16,51.27
9837,250,2/24/2022,BT01,BT02,1,07:42:17,08:32:22,00:50:05,50.08
9838,128,2/24/2022,BT01,BT02,1,08:02:39,08:49:10,00:46:31,46.52
9839,513,2/24/2022,BT02,BT01,2,08:10:19,09:00:40,00:50:21,50.35
9840,1358,2/24/2022,BT01,BT02,1,08:13:12,08:59:25,00:46:13,46.22
9841,121,2/24/2022,BT02,BT01,2,08:20:19,09:07:19,00:47:00,47
9842,1143,2/24/2022,BT01,BT02,1,08:22:25,09:12:57,00:50:32,50.53
9843,279,2/24/2022,BT02,BT01,2,08:30:27,09:19:50,00:49:23,49.38
9844,116,2/24/2022,BT02,BT01,2,08:40:47,09:36:32,00:55:45,55.75
9845,274,2/24/2022,BT02,BT01,2,08:51:20,09:43:15,00:51:55,51.92
9846,1719,2/24/2022,BT02,BT01,2,09:00:31,09:53:43,00:53:12,53.2
9847,1718,2/24/2022,BT02,BT01,2,09:10:41,10:02:15,00:51:34,51.57
9848,121,2/24/2022,BT01,BT02,1,09:30:09,10:23:56,00:53:47,53.78
9849,1410,2/24/2022,BT02,BT01,2,09:40:36,10:32:21,00:51:45,51.75
9850,279,2/24/2022,BT01,BT02,1,09:41:17,10:36:25,00:55:08,55.13
9851,262,2/24/2022,BT02,BT01,2,09:50:52,10:41:54,00:51:02,51.03
9852,116,2/24/2022,BT01,BT02,1,09:51:02,10:42:22,00:51:20,51.33
9853,274,2/24/2022,BT01,BT02,1,10:01:16,10:52:06,00:50:50,50.83
9854,505,2/24/2022,BT02,BT01,2,10:10:56,11:04:02,00:53:06,53.1
9855,1719,2/24/2022,BT01,BT02,1,10:11:40,11:00:33,00:48:53,48.88
9856,1718,2/24/2022,BT01,BT02,1,10:21:15,11:13:23,00:52:08,52.13
9857,1377,2/24/2022,BT02,BT01,2,10:30:46,11:40:56,01:10:10,70.17
9858,117,2/24/2022,BT01,BT02,1,10:40:46,11:38:08,00:57:22,57.37
9859,250,2/24/2022,BT02,BT01,2,10:51:07,12:00:14,01:09:07,69.12
9860,1410,2/24/2022,BT01,BT02,1,10:51:15,11:52:30,01:01:15,61.25
9861,262,2/24/2022,BT01,BT02,1,11:01:03,12:05:09,01:04:06,64.1
9862,128,2/24/2022,BT02,BT01,2,11:12:09,12:25:21,01:13:12,73.2
9863,505,2/24/2022,BT01,BT02,1,11:20:47,12:22:11,01:01:24,61.4
9864,1358,2/24/2022,BT02,BT01,2,11:21:05,12:31:32,01:10:27,70.45
9865,1143,2/24/2022,BT02,BT01,2,11:31:19,12:35:50,01:04:31,64.52
9866,1377,2/24/2022,BT01,BT02,1,11:51:20,12:46:39,00:55:19,55.32
9867,250,2/24/2022,BT01,BT02,1,12:12:12,13:08:47,00:56:35,56.58
9868,121,2/24/2022,BT02,BT01,2,12:21:01,13:13:32,00:52:31,52.52
9869,279,2/24/2022,BT02,BT01,2,12:39:46,13:36:57,00:57:11,57.18
9870,1358,2/24/2022,BT01,BT02,1,12:50:38,13:41:54,00:51:16,51.27
9871,116,2/24/2022,BT02,BT01,2,12:51:14,13:47:52,00:56:38,56.63
9872,1143,2/24/2022,BT01,BT02,1,12:59:23,13:49:00,00:49:37,49.62
9873,274,2/24/2022,BT02,BT01,2,12:59:58,13:53:27,00:53:29,53.48
9874,1719,2/24/2022,BT02,BT01,2,13:10:44,13:59:55,00:49:11,49.18
9875,128,2/24/2022,BT01,BT02,1,13:12:13,13:56:18,00:44:05,44.08
9876,1718,2/24/2022,BT02,BT01,2,13:20:35,14:15:03,00:54:28,54.47
9877,117,2/24/2022,BT02,BT01,2,13:40:23,14:37:14,00:56:51,56.85
9878,1410,2/24/2022,BT02,BT01,2,13:50:23,14:51:43,01:01:20,61.33
9879,262,2/24/2022,BT02,BT01,2,13:59:43,14:54:55,00:55:12,55.2
9880,121,2/24/2022,BT01,BT02,1,14:01:55,14:54:48,00:52:53,52.88
9881,505,2/24/2022,BT02,BT01,2,14:11:26,15:05:17,00:53:51,53.85
9882,279,2/24/2022,BT01,BT02,1,14:20:32,15:11:10,00:50:38,50.63
9883,116,2/24/2022,BT01,BT02,1,14:30:58,15:23:16,00:52:18,52.3
9884,1377,2/24/2022,BT02,BT01,2,14:31:31,15:25:56,00:54:25,54.42
9885,274,2/24/2022,BT01,BT02,1,14:41:53,15:37:00,00:55:07,55.12
9886,250,2/24/2022,BT02,BT01,2,14:50:29,15:36:36,00:46:07,46.12
9887,1719,2/24/2022,BT01,BT02,1,14:52:14,15:44:53,00:52:39,52.65
9888,1718,2/24/2022,BT01,BT02,1,15:00:32,15:54:56,00:54:24,54.4
9889,1358,2/24/2022,BT02,BT01,2,15:10:40,15:55:53,00:45:13,45.22
9890,1143,2/24/2022,BT02,BT01,2,15:20:51,16:21:19,01:00:28,60.47
9891,128,2/24/2022,BT02,BT01,2,15:29:44,16:27:26,00:57:42,57.7
9892,1410,2/24/2022,BT01,BT02,1,15:30:48,16:15:55,00:45:07,45.12
9893,262,2/24/2022,BT01,BT02,1,15:41:44,16:32:27,00:50:43,50.72
9894,505,2/24/2022,BT01,BT02,1,15:51:42,16:44:16,00:52:34,52.57
9895,1377,2/24/2022,BT01,BT02,1,16:11:35,17:01:30,00:49:55,49.92
9896,121,2/24/2022,BT02,BT01,2,16:30:03,17:23:21,00:53:18,53.3
9897,250,2/24/2022,BT01,BT02,1,16:30:28,17:25:20,00:54:52,54.87
9898,279,2/24/2022,BT02,BT01,2,16:40:41,17:35:13,00:54:32,54.53
9899,116,2/24/2022,BT02,BT01,2,16:50:39,17:38:43,00:48:04,48.07
9900,1358,2/24/2022,BT01,BT02,1,16:51:29,17:39:56,00:48:27,48.45
9901,274,2/24/2022,BT02,BT01,2,17:00:03,17:51:47,00:51:44,51.73
9902,1143,2/24/2022,BT01,BT02,1,17:00:40,17:51:19,00:50:39,50.65
9903,128,2/24/2022,BT01,BT02,1,17:10:07,18:00:40,00:50:33,50.55
9904,1719,2/24/2022,BT02,BT01,2,17:11:21,18:02:48,00:51:27,51.45
9905,1718,2/24/2022,BT02,BT01,2,17:21:10,18:11:30,00:50:20,50.33
9906,1410,2/24/2022,BT02,BT01,2,17:50:43,18:46:53,00:56:10,56.17
9907,262,2/24/2022,BT02,BT01,2,18:01:13,18:53:37,00:52:24,52.4
9908,121,2/24/2022,BT01,BT02,1,18:11:07,18:56:47,00:45:40,45.67
9909,279,2/24/2022,BT01,BT02,1,18:37:29,19:23:38,00:46:09,46.15
9910,116,2/24/2022,BT01,BT02,1,19:08:43,19:48:44,00:40:01,40.02
9911,274,2/24/2022,BT01,BT02,1,19:35:36,20:19:15,00:43:39,43.65
9912,1718,2/24/2022,BT01,BT02,1,20:12:31,20:52:06,00:39:35,39.58
9913,264,2/24/2022,BT01,BT02,1,20:35:20,21:07:17,00:31:57,31.95
9914,505,2/25/2022,BT02,BT01,2,05:30:40,06:03:55,00:33:15,33.25
9915,1377,2/25/2022,BT02,BT01,2,05:40:13,06:20:46,00:40:33,40.55
9916,294,2/25/2022,BT02,BT01,2,05:50:25,06:30:44,00:40:19,40.32
9917,250,2/25/2022,BT02,BT01,2,06:10:31,06:53:58,00:43:27,43.45
9918,123,2/25/2022,BT02,BT01,2,06:20:42,07:03:50,00:43:08,43.13
9919,1410,2/25/2022,BT01,BT02,1,06:21:36,07:11:30,00:49:54,49.9
9920,128,2/25/2022,BT02,BT01,2,06:30:06,07:17:55,00:47:49,47.82
9921,1143,2/25/2022,BT02,BT01,2,06:49:39,07:30:56,00:41:17,41.28
9922,505,2/25/2022,BT01,BT02,1,06:50:47,07:41:09,00:50:22,50.37
9923,1377,2/25/2022,BT01,BT02,1,07:00:18,07:51:40,00:51:22,51.37
9924,209,2/25/2022,BT02,BT01,2,07:00:23,07:43:31,00:43:08,43.13
9925,250,2/25/2022,BT01,BT02,1,07:32:56,08:24:32,00:51:36,51.6
9926,123,2/25/2022,BT01,BT02,1,07:41:44,08:30:24,00:48:40,48.67
9927,128,2/25/2022,BT01,BT02,1,07:53:31,08:39:10,00:45:39,45.65
9928,279,2/25/2022,BT02,BT01,2,08:10:40,08:59:21,00:48:41,48.68
9929,1143,2/25/2022,BT01,BT02,1,08:13:10,09:01:55,00:48:45,48.75
9930,274,2/25/2022,BT02,BT01,2,08:18:44,09:10:25,00:51:41,51.68
9931,209,2/25/2022,BT01,BT02,1,08:21:21,09:09:33,00:48:12,48.2
9932,1719,2/25/2022,BT02,BT01,2,08:30:39,09:20:18,00:49:39,49.65
9933,1409,2/25/2022,BT02,BT01,2,08:50:24,09:41:19,00:50:55,50.92
9934,117,2/25/2022,BT02,BT01,2,08:59:31,09:52:11,00:52:40,52.67
9935,513,2/25/2022,BT01,BT02,1,09:01:38,09:52:54,00:51:16,51.27
9936,1410,2/25/2022,BT02,BT01,2,09:08:43,09:58:31,00:49:48,49.8
9937,279,2/25/2022,BT01,BT02,1,09:21:08,10:14:51,00:53:43,53.72
9938,274,2/25/2022,BT01,BT02,1,09:31:13,10:26:57,00:55:44,55.73
9939,505,2/25/2022,BT02,BT01,2,09:39:53,10:33:52,00:53:59,53.98
9940,1719,2/25/2022,BT01,BT02,1,09:42:39,10:34:55,00:52:16,52.27
9941,1377,2/25/2022,BT02,BT01,2,09:51:25,10:44:55,00:53:30,53.5
9942,1409,2/25/2022,BT01,BT02,1,10:01:20,11:02:38,01:01:18,61.3
9943,117,2/25/2022,BT01,BT02,1,10:10:09,11:04:25,00:54:16,54.27
9944,1410,2/25/2022,BT01,BT02,1,10:19:30,11:20:33,01:01:03,61.05
9945,250,2/25/2022,BT02,BT01,2,10:21:07,11:24:28,01:03:21,63.35
9946,123,2/25/2022,BT02,BT01,2,10:31:10,11:30:14,00:59:04,59.07
9947,128,2/25/2022,BT02,BT01,2,10:39:44,11:42:57,01:03:13,63.22
9948,505,2/25/2022,BT01,BT02,1,10:51:27,11:52:21,01:00:54,60.9
9949,1143,2/25/2022,BT02,BT01,2,10:59:30,11:55:14,00:55:44,55.73
9950,1377,2/25/2022,BT01,BT02,1,11:01:10,12:03:03,01:01:53,61.88
9951,513,2/25/2022,BT02,BT01,2,11:39:41,12:37:30,00:57:49,57.82
9952,250,2/25/2022,BT01,BT02,1,11:41:31,12:40:09,00:58:38,58.63
9953,123,2/25/2022,BT01,BT02,1,11:51:17,12:48:06,00:56:49,56.82
9954,279,2/25/2022,BT02,BT01,2,12:00:35,12:58:22,00:57:47,57.78
9955,128,2/25/2022,BT01,BT02,1,12:01:45,12:58:02,00:56:17,56.28
9956,274,2/25/2022,BT02,BT01,2,12:11:30,13:03:50,00:52:20,52.33
9957,1719,2/25/2022,BT02,BT01,2,12:20:38,13:15:08,00:54:30,54.5
9958,1143,2/25/2022,BT01,BT02,1,12:21:29,13:13:21,00:51:52,51.87
9959,1409,2/25/2022,BT02,BT01,2,12:41:46,13:39:52,00:58:06,58.1
9960,117,2/25/2022,BT02,BT01,2,12:50:33,13:47:15,00:56:42,56.7
9961,513,2/25/2022,BT01,BT02,1,12:59:45,13:52:57,00:53:12,53.2
9962,1410,2/25/2022,BT02,BT01,2,13:00:46,13:57:53,00:57:07,57.12
9963,279,2/25/2022,BT01,BT02,1,13:19:54,14:15:45,00:55:51,55.85
9964,505,2/25/2022,BT02,BT01,2,13:29:57,14:22:00,00:52:03,52.05
9965,274,2/25/2022,BT01,BT02,1,13:30:32,14:20:32,00:50:00,50
9966,1377,2/25/2022,BT02,BT01,2,13:40:14,14:32:18,00:52:04,52.07
9967,1719,2/25/2022,BT01,BT02,1,13:41:27,14:37:58,00:56:31,56.52
9968,1409,2/25/2022,BT01,BT02,1,14:00:32,14:51:57,00:51:25,51.42
9969,250,2/25/2022,BT02,BT01,2,14:10:17,15:04:42,00:54:25,54.42
9970,1410,2/25/2022,BT01,BT02,1,14:20:00,15:10:33,00:50:33,50.55
9971,123,2/25/2022,BT02,BT01,2,14:21:07,15:17:52,00:56:45,56.75
9972,128,2/25/2022,BT02,BT01,2,14:29:00,15:26:51,00:57:51,57.85
9973,1143,2/25/2022,BT02,BT01,2,14:50:25,15:37:53,00:47:28,47.47
9974,505,2/25/2022,BT01,BT02,1,14:50:57,15:43:26,00:52:29,52.48
9975,1377,2/25/2022,BT01,BT02,1,15:01:34,15:56:14,00:54:40,54.67
9976,250,2/25/2022,BT01,BT02,1,15:30:10,16:20:41,00:50:31,50.52
9977,279,2/25/2022,BT02,BT01,2,15:38:32,16:38:15,00:59:43,59.72
9978,123,2/25/2022,BT01,BT02,1,15:40:54,16:29:43,00:48:49,48.82
9979,274,2/25/2022,BT02,BT01,2,15:51:18,16:46:11,00:54:53,54.88
9980,128,2/25/2022,BT01,BT02,1,15:51:44,16:45:59,00:54:15,54.25
9981,1719,2/25/2022,BT02,BT01,2,16:00:09,16:47:25,00:47:16,47.27
9982,1143,2/25/2022,BT01,BT02,1,16:11:42,17:09:01,00:57:19,57.32
9983,1409,2/25/2022,BT02,BT01,2,16:30:48,17:26:34,00:55:46,55.77
9984,513,2/25/2022,BT02,BT01,2,16:41:00,17:32:25,00:51:25,51.42
9985,279,2/25/2022,BT01,BT02,1,16:50:06,17:46:27,00:56:21,56.35
9986,274,2/25/2022,BT01,BT02,1,17:01:56,17:51:28,00:49:32,49.53
9987,1410,2/25/2022,BT02,BT01,2,17:10:42,18:03:48,00:53:06,53.1
9988,1719,2/25/2022,BT01,BT02,1,17:20:32,18:12:12,00:51:40,51.67
9989,505,2/25/2022,BT02,BT01,2,17:40:41,18:37:34,00:56:53,56.88
9990,1377,2/25/2022,BT02,BT01,2,17:50:29,18:49:10,00:58:41,58.68
9991,1409,2/25/2022,BT01,BT02,1,17:56:15,18:46:32,00:50:17,50.28
9992,250,2/25/2022,BT02,BT01,2,18:16:41,19:04:42,00:48:01,48.02
9993,505,2/25/2022,BT01,BT02,1,19:50:31,20:31:10,00:40:39,40.65
9994,1377,2/25/2022,BT01,BT02,1,20:30:13,21:10:26,00:40:13,40.22
9995,250,2/25/2022,BT01,BT02,1,21:14:48,21:48:40,00:33:52,33.87
9996,505,2/26/2022,BT02,BT01,2,05:28:36,06:05:36,00:37:00,37
9997,294,2/26/2022,BT02,BT01,2,05:41:13,06:17:14,00:36:01,36.02
9998,250,2/26/2022,BT02,BT01,2,05:50:06,06:37:55,00:47:49,47.82
9999,1410,2/26/2022,BT01,BT02,1,06:11:04,07:00:28,00:49:24,49.4
10000,262,2/26/2022,BT01,BT02,1,06:20:39,07:12:01,00:51:22,51.37
10001,1358,2/26/2022,BT02,BT01,2,06:20:59,06:59:28,00:38:29,38.48
10002,1408,2/26/2022,BT01,BT02,1,06:30:26,07:21:46,00:51:20,51.33
10003,513,2/26/2022,BT02,BT01,2,06:49:12,07:36:00,00:46:48,46.8
10004,505,2/26/2022,BT01,BT02,1,07:00:05,07:50:01,00:49:56,49.93
10005,250,2/26/2022,BT01,BT02,1,07:21:37,08:09:43,00:48:06,48.1
10006,121,2/26/2022,BT02,BT01,2,07:31:38,08:15:07,00:43:29,43.48
10007,1358,2/26/2022,BT01,BT02,1,07:40:55,08:28:25,00:47:30,47.5
10008,116,2/26/2022,BT02,BT01,2,07:40:59,08:27:09,00:46:10,46.17
10009,513,2/26/2022,BT01,BT02,1,08:00:53,08:52:02,00:51:09,51.15
10010,1377,2/26/2022,BT02,BT01,2,08:10:30,09:00:35,00:50:05,50.08
10011,128,2/26/2022,BT02,BT01,2,08:21:15,09:09:11,00:47:56,47.93
10012,121,2/26/2022,BT01,BT02,1,08:28:52,09:27:16,00:58:24,58.4
10013,1409,2/26/2022,BT02,BT01,2,08:30:41,09:23:52,00:53:11,53.18
10014,1410,2/26/2022,BT02,BT01,2,08:39:30,09:33:17,00:53:47,53.78
10015,116,2/26/2022,BT01,BT02,1,08:45:37,09:38:40,00:53:03,53.05
10016,262,2/26/2022,BT02,BT01,2,08:51:02,09:46:57,00:55:55,55.92
10017,1408,2/26/2022,BT02,BT01,2,08:58:33,09:59:58,01:01:25,61.42
10018,1377,2/26/2022,BT01,BT02,1,09:10:21,10:02:24,00:52:03,52.05
10019,128,2/26/2022,BT01,BT02,1,09:22:03,10:16:17,00:54:14,54.23
10020,505,2/26/2022,BT02,BT01,2,09:30:55,10:27:12,00:56:17,56.28
10021,1409,2/26/2022,BT01,BT02,1,09:41:07,10:39:14,00:58:07,58.12
10022,250,2/26/2022,BT02,BT01,2,09:51:06,10:49:14,00:58:08,58.13
10023,1410,2/26/2022,BT01,BT02,1,09:51:51,10:45:56,00:54:05,54.08
10024,262,2/26/2022,BT01,BT02,1,10:01:09,10:53:54,00:52:45,52.75
10025,1358,2/26/2022,BT02,BT01,2,10:10:43,11:16:16,01:05:33,65.55
10026,1408,2/26/2022,BT01,BT02,1,10:11:51,11:12:18,01:00:27,60.45
10027,505,2/26/2022,BT01,BT02,1,10:41:14,11:42:54,01:01:40,61.67
10028,121,2/26/2022,BT02,BT01,2,10:50:10,11:53:59,01:03:49,63.82
10029,116,2/26/2022,BT02,BT01,2,11:00:08,11:59:48,00:59:40,59.67
10030,250,2/26/2022,BT01,BT02,1,11:02:16,12:05:56,01:03:40,63.67
10031,1377,2/26/2022,BT02,BT01,2,11:29:45,12:31:19,01:01:34,61.57
10032,1358,2/26/2022,BT01,BT02,1,11:31:05,12:31:57,01:00:52,60.87
10033,128,2/26/2022,BT02,BT01,2,11:40:52,12:40:44,00:59:52,59.87
10034,1410,2/26/2022,BT02,BT01,2,11:57:40,13:00:49,01:03:09,63.15
10035,262,2/26/2022,BT02,BT01,2,12:10:19,13:18:33,01:08:14,68.23
10036,121,2/26/2022,BT01,BT02,1,12:10:22,13:08:51,00:58:29,58.48
10037,1408,2/26/2022,BT02,BT01,2,12:19:52,13:30:28,01:10:36,70.6
10038,116,2/26/2022,BT01,BT02,1,12:21:18,13:16:55,00:55:37,55.62
10039,505,2/26/2022,BT02,BT01,2,12:49:08,13:51:42,01:02:34,62.57
10040,1377,2/26/2022,BT01,BT02,1,12:51:49,13:48:03,00:56:14,56.23
10041,128,2/26/2022,BT01,BT02,1,13:01:18,13:56:43,00:55:25,55.42
10042,250,2/26/2022,BT02,BT01,2,13:11:13,14:04:03,00:52:50,52.83
10043,1410,2/26/2022,BT01,BT02,1,13:12:29,14:12:03,00:59:34,59.57
10044,1358,2/26/2022,BT02,BT01,2,13:30:50,14:21:43,00:50:53,50.88
10045,262,2/26/2022,BT01,BT02,1,13:31:45,14:22:55,00:51:10,51.17
10046,1408,2/26/2022,BT01,BT02,1,13:41:07,14:38:28,00:57:21,57.35
10047,121,2/26/2022,BT02,BT01,2,14:09:41,15:02:47,00:53:06,53.1
10048,505,2/26/2022,BT01,BT02,1,14:11:38,15:07:28,00:55:50,55.83
10049,116,2/26/2022,BT02,BT01,2,14:19:45,15:14:17,00:54:32,54.53
10050,250,2/26/2022,BT01,BT02,1,14:31:33,15:22:19,00:50:46,50.77
10051,1377,2/26/2022,BT02,BT01,2,14:48:47,15:43:46,00:54:59,54.98
10052,1358,2/26/2022,BT01,BT02,1,14:50:32,15:43:58,00:53:26,53.43
10053,128,2/26/2022,BT02,BT01,2,15:01:31,15:50:42,00:49:11,49.18
10054,1410,2/26/2022,BT02,BT01,2,15:10:36,16:00:47,00:50:11,50.18
10055,262,2/26/2022,BT02,BT01,2,15:20:12,16:11:07,00:50:55,50.92
10056,121,2/26/2022,BT01,BT02,1,15:31:17,16:23:04,00:51:47,51.78
10057,1408,2/26/2022,BT02,BT01,2,15:31:24,16:26:57,00:55:33,55.55
10058,116,2/26/2022,BT01,BT02,1,15:39:28,16:32:26,00:52:58,52.97
10059,1377,2/26/2022,BT01,BT02,1,16:10:24,17:04:52,00:54:28,54.47
10060,505,2/26/2022,BT02,BT01,2,16:10:32,16:56:12,00:45:40,45.67
10061,128,2/26/2022,BT01,BT02,1,16:21:15,17:13:54,00:52:39,52.65
10062,1410,2/26/2022,BT01,BT02,1,16:29:37,17:22:25,00:52:48,52.8
10063,250,2/26/2022,BT02,BT01,2,16:30:26,17:20:47,00:50:21,50.35
10064,262,2/26/2022,BT01,BT02,1,16:47:31,17:38:48,00:51:17,51.28
10065,1358,2/26/2022,BT02,BT01,2,16:50:32,17:42:32,00:52:00,52
10066,1408,2/26/2022,BT01,BT02,1,17:01:02,17:52:14,00:51:12,51.2
10067,505,2/26/2022,BT01,BT02,1,17:31:01,18:20:05,00:49:04,49.07
10068,121,2/26/2022,BT02,BT01,2,17:35:41,18:26:09,00:50:28,50.47
10069,250,2/26/2022,BT01,BT02,1,17:51:08,18:44:17,00:53:09,53.15
10070,1377,2/26/2022,BT02,BT01,2,18:03:44,18:58:53,00:55:09,55.15
10071,1358,2/26/2022,BT01,BT02,1,18:12:03,18:56:03,00:44:00,44
10072,128,2/26/2022,BT02,BT01,2,18:17:29,19:07:57,00:50:28,50.47
10073,262,2/26/2022,BT02,BT01,2,18:29:38,19:15:00,00:45:22,45.37
10074,121,2/26/2022,BT01,BT02,1,19:45:39,20:26:25,00:40:46,40.77
10075,1377,2/26/2022,BT01,BT02,1,20:09:58,20:49:48,00:39:50,39.83
10076,128,2/26/2022,BT01,BT02,1,20:44:02,21:28:24,00:44:22,44.37
10077,279,2/27/2022,BT02,BT01,2,05:30:04,06:11:41,00:41:37,41.62
10078,262,2/27/2022,BT01,BT02,1,06:11:06,07:00:36,00:49:30,49.5
10079,1410,2/27/2022,BT01,BT02,1,06:33:30,07:19:49,00:46:19,46.32
10080,1358,2/27/2022,BT02,BT01,2,06:39:56,07:22:41,00:42:45,42.75
10081,1143,2/27/2022,BT02,BT01,2,06:50:40,07:34:57,00:44:17,44.28
10082,1718,2/27/2022,BT02,BT01,2,06:59:36,07:46:47,00:47:11,47.18
10083,279,2/27/2022,BT01,BT02,1,06:59:49,07:48:40,00:48:51,48.85
10084,209,2/27/2022,BT02,BT01,2,07:30:29,08:16:32,00:46:03,46.05
10085,1358,2/27/2022,BT01,BT02,1,07:51:01,08:34:26,00:43:25,43.42
10086,513,2/27/2022,BT02,BT01,2,07:51:34,08:45:01,00:53:27,53.45
10087,1143,2/27/2022,BT01,BT02,1,08:00:36,08:50:25,00:49:49,49.82
10088,121,2/27/2022,BT02,BT01,2,08:10:59,09:00:58,00:49:59,49.98
10089,1718,2/27/2022,BT01,BT02,1,08:11:35,09:03:55,00:52:20,52.33
10090,116,2/27/2022,BT02,BT01,2,08:20:59,09:10:26,00:49:27,49.45
10091,209,2/27/2022,BT01,BT02,1,08:30:17,09:25:12,00:54:55,54.92
10092,274,2/27/2022,BT02,BT01,2,08:31:34,09:20:57,00:49:23,49.38
10093,1377,2/27/2022,BT02,BT01,2,08:59:41,09:55:47,00:56:06,56.1
10094,513,2/27/2022,BT01,BT02,1,09:01:17,09:53:07,00:51:50,51.83
10095,123,2/27/2022,BT02,BT01,2,09:10:25,10:05:06,00:54:41,54.68
10096,262,2/27/2022,BT02,BT01,2,09:19:52,10:16:18,00:56:26,56.43
10097,121,2/27/2022,BT01,BT02,1,09:21:14,10:18:28,00:57:14,57.23
10098,116,2/27/2022,BT01,BT02,1,09:30:51,10:26:55,00:56:04,56.07
10099,1410,2/27/2022,BT02,BT01,2,09:40:49,10:37:16,00:56:27,56.45
10100,274,2/27/2022,BT01,BT02,1,09:41:31,10:39:48,00:58:17,58.28
10101,279,2/27/2022,BT02,BT01,2,09:59:59,11:01:20,01:01:21,61.35
10102,1377,2/27/2022,BT01,BT02,1,10:11:43,11:06:29,00:54:46,54.77
10103,123,2/27/2022,BT01,BT02,1,10:20:53,11:17:56,00:57:03,57.05
10104,262,2/27/2022,BT01,BT02,1,10:31:18,11:26:59,00:55:41,55.68
10105,1358,2/27/2022,BT02,BT01,2,10:41:01,11:47:32,01:06:31,66.52
10106,1143,2/27/2022,BT02,BT01,2,10:49:17,12:02:58,01:13:41,73.68
10107,1410,2/27/2022,BT01,BT02,1,10:51:33,12:00:29,01:08:56,68.93
10108,1718,2/27/2022,BT02,BT01,2,11:00:53,12:12:57,01:12:04,72.07
10109,279,2/27/2022,BT01,BT02,1,11:21:38,12:34:03,01:12:25,72.42
10110,121,2/27/2022,BT02,BT01,2,11:49:39,12:54:14,01:04:35,64.58
10111,116,2/27/2022,BT02,BT01,2,12:01:02,13:00:00,00:58:58,58.97
10112,1358,2/27/2022,BT01,BT02,1,12:10:23,13:13:10,01:02:47,62.78
10113,274,2/27/2022,BT02,BT01,2,12:10:41,13:06:58,00:56:17,56.28
10114,1143,2/27/2022,BT01,BT02,1,12:21:52,13:21:54,01:00:02,60.03
10115,1718,2/27/2022,BT01,BT02,1,12:30:56,13:28:22,00:57:26,57.43
10116,1377,2/27/2022,BT02,BT01,2,12:40:35,13:37:07,00:56:32,56.53
10117,123,2/27/2022,BT02,BT01,2,12:50:46,13:47:32,00:56:46,56.77
10118,262,2/27/2022,BT02,BT01,2,13:00:37,13:59:24,00:58:47,58.78
10119,1410,2/27/2022,BT02,BT01,2,13:20:57,14:20:40,00:59:43,59.72
10120,121,2/27/2022,BT01,BT02,1,13:31:38,14:18:35,00:46:57,46.95
10121,279,2/27/2022,BT02,BT01,2,13:40:34,14:36:58,00:56:24,56.4
10122,116,2/27/2022,BT01,BT02,1,13:41:02,14:34:34,00:53:32,53.53
10123,274,2/27/2022,BT01,BT02,1,13:51:28,14:43:53,00:52:25,52.42
10124,1358,2/27/2022,BT02,BT01,2,14:09:36,15:04:53,00:55:17,55.28
10125,1143,2/27/2022,BT02,BT01,2,14:20:17,15:13:21,00:53:04,53.07
10126,1377,2/27/2022,BT01,BT02,1,14:20:30,15:11:36,00:51:06,51.1
10127,1718,2/27/2022,BT02,BT01,2,14:27:44,15:27:59,01:00:15,60.25
10128,123,2/27/2022,BT01,BT02,1,14:31:33,15:23:11,00:51:38,51.63
10129,262,2/27/2022,BT01,BT02,1,14:41:44,15:31:05,00:49:21,49.35
10130,1410,2/27/2022,BT01,BT02,1,15:01:15,15:50:56,00:49:41,49.68
10131,121,2/27/2022,BT02,BT01,2,15:20:48,16:10:42,00:49:54,49.9
10132,279,2/27/2022,BT01,BT02,1,15:21:07,16:11:03,00:49:56,49.93
10133,116,2/27/2022,BT02,BT01,2,15:30:51,16:14:13,00:43:22,43.37
10134,274,2/27/2022,BT02,BT01,2,15:40:51,16:33:47,00:52:56,52.93
10135,1358,2/27/2022,BT01,BT02,1,15:51:51,16:46:02,00:54:11,54.18
10136,1143,2/27/2022,BT01,BT02,1,16:01:22,16:52:09,00:50:47,50.78
10137,1377,2/27/2022,BT02,BT01,2,16:09:57,17:03:23,00:53:26,53.43
10138,1718,2/27/2022,BT01,BT02,1,16:10:49,17:02:56,00:52:07,52.12
10139,123,2/27/2022,BT02,BT01,2,16:31:01,17:27:16,00:56:15,56.25
10140,262,2/27/2022,BT02,BT01,2,16:50:19,17:44:53,00:54:34,54.57
10141,121,2/27/2022,BT01,BT02,1,17:01:50,17:54:18,00:52:28,52.47
10142,116,2/27/2022,BT01,BT02,1,17:10:14,18:02:18,00:52:04,52.07
10143,1410,2/27/2022,BT02,BT01,2,17:10:26,18:00:11,00:49:45,49.75
10144,274,2/27/2022,BT01,BT02,1,17:21:40,18:18:03,00:56:23,56.38
10145,279,2/27/2022,BT02,BT01,2,17:31:17,18:21:10,00:49:53,49.88
10146,1143,2/27/2022,BT02,BT01,2,17:41:25,18:34:22,00:52:57,52.95
10147,1718,2/27/2022,BT02,BT01,2,17:51:18,18:48:08,00:56:50,56.83
10148,1377,2/27/2022,BT01,BT02,1,18:03:17,18:47:33,00:44:16,44.27
10149,123,2/27/2022,BT01,BT02,1,18:25:00,19:12:25,00:47:25,47.42
10150,1410,2/27/2022,BT01,BT02,1,18:55:22,19:37:41,00:42:19,42.32
10151,279,2/27/2022,BT01,BT02,1,19:42:20,20:21:01,00:38:41,38.68
10152,1143,2/27/2022,BT01,BT02,1,20:14:28,20:55:26,00:40:58,40.97
10153,1718,2/27/2022,BT01,BT02,1,20:36:42,21:14:29,00:37:47,37.78
10154,505,2/28/2022,BT02,BT01,2,05:29:20,06:04:35,00:35:15,35.25
10155,250,2/28/2022,BT02,BT01,2,05:41:24,06:16:41,00:35:17,35.28
10156,123,2/28/2022,BT02,BT01,2,06:11:01,06:47:47,00:36:46,36.77
10157,128,2/28/2022,BT02,BT01,2,06:21:17,07:02:24,00:41:07,41.12
10158,1408,2/28/2022,BT01,BT02,1,06:21:23,07:15:15,00:53:52,53.87
10159,1358,2/28/2022,BT02,BT01,2,06:30:23,07:14:19,00:43:56,43.93
10160,275,2/28/2022,BT01,BT02,1,06:35:34,07:29:12,00:53:38,53.63
10161,1718,2/28/2022,BT02,BT01,2,06:40:05,07:28:15,00:48:10,48.17
10162,505,2/28/2022,BT01,BT02,1,06:41:11,07:28:17,00:47:06,47.1
10163,250,2/28/2022,BT01,BT02,1,06:50:53,07:40:20,00:49:27,49.45
10164,123,2/28/2022,BT01,BT02,1,07:20:19,08:09:17,00:48:58,48.97
10165,128,2/28/2022,BT01,BT02,1,07:34:15,08:26:30,00:52:15,52.25
10166,1358,2/28/2022,BT01,BT02,1,07:42:31,08:34:00,00:51:29,51.48
10167,121,2/28/2022,BT02,BT01,2,07:48:35,08:39:34,00:50:59,50.98
10168,1718,2/28/2022,BT01,BT02,1,07:52:55,08:43:52,00:50:57,50.95
10169,279,2/28/2022,BT02,BT01,2,07:59:52,08:53:05,00:53:13,53.22
10170,116,2/28/2022,BT02,BT01,2,08:10:55,08:58:38,00:47:43,47.72
10171,275,2/28/2022,BT02,BT01,2,08:16:03,09:06:45,00:50:42,50.7
10172,274,2/28/2022,BT02,BT01,2,08:21:21,09:12:08,00:50:47,50.78
10173,121,2/28/2022,BT01,BT02,1,08:54:33,09:48:19,00:53:46,53.77
10174,1143,2/28/2022,BT02,BT01,2,09:08:30,10:04:14,00:55:44,55.73
10175,279,2/28/2022,BT01,BT02,1,09:10:18,10:03:20,00:53:02,53.03
10176,116,2/28/2022,BT01,BT02,1,09:21:20,10:17:32,00:56:12,56.2
10177,1408,2/28/2022,BT02,BT01,2,09:30:06,10:27:26,00:57:20,57.33
10178,274,2/28/2022,BT01,BT02,1,09:31:47,10:19:01,00:47:14,47.23
10179,505,2/28/2022,BT02,BT01,2,09:50:29,10:50:05,00:59:36,59.6
10180,275,2/28/2022,BT01,BT02,1,09:57:04,10:51:40,00:54:36,54.6
10181,250,2/28/2022,BT02,BT01,2,10:00:36,11:02:08,01:01:32,61.53
10182,1143,2/28/2022,BT01,BT02,1,10:21:03,11:24:57,01:03:54,63.9
10183,123,2/28/2022,BT02,BT01,2,10:31:08,11:42:30,01:11:22,71.37
10184,250,2/28/2022,BT01,BT02,1,11:20:27,12:35:00,01:14:33,74.55
10185,121,2/28/2022,BT02,BT01,2,11:47:56,13:02:34,01:14:38,74.63
10186,123,2/28/2022,BT01,BT02,1,12:00:09,13:15:55,01:15:46,75.77
10187,279,2/28/2022,BT02,BT01,2,12:00:57,13:15:20,01:14:23,74.38
10188,116,2/28/2022,BT02,BT01,2,12:11:24,13:18:33,01:07:09,67.15
10189,274,2/28/2022,BT02,BT01,2,12:20:15,13:25:44,01:05:29,65.48
10190,128,2/28/2022,BT01,BT02,1,12:24:42,13:32:33,01:07:51,67.85
10191,1358,2/28/2022,BT01,BT02,1,12:41:19,13:40:27,00:59:08,59.13
10192,1408,2/28/2022,BT02,BT01,2,13:10:49,14:09:23,00:58:34,58.57
10193,279,2/28/2022,BT01,BT02,1,13:40:40,14:33:02,00:52:22,52.37
10194,250,2/28/2022,BT02,BT01,2,13:41:04,14:40:26,00:59:22,59.37
10195,116,2/28/2022,BT01,BT02,1,13:51:24,14:32:35,00:41:11,41.18
10196,123,2/28/2022,BT02,BT01,2,13:51:45,14:45:12,00:53:27,53.45
10197,128,2/28/2022,BT02,BT01,2,14:01:23,14:55:19,00:53:56,53.93
10198,274,2/28/2022,BT01,BT02,1,14:02:12,14:58:11,00:55:59,55.98
10199,1358,2/28/2022,BT02,BT01,2,14:16:16,15:07:00,00:50:44,50.73
10200,1143,2/28/2022,BT02,BT01,2,14:27:54,15:22:49,00:54:55,54.92
10201,1408,2/28/2022,BT01,BT02,1,14:52:12,15:45:24,00:53:12,53.2
10202,279,2/28/2022,BT02,BT01,2,15:21:09,16:13:40,00:52:31,52.52
10203,250,2/28/2022,BT01,BT02,1,15:21:28,16:12:58,00:51:30,51.5
10204,123,2/28/2022,BT01,BT02,1,15:30:28,16:26:20,00:55:52,55.87
10205,128,2/28/2022,BT01,BT02,1,15:41:49,16:32:20,00:50:31,50.52
10206,1358,2/28/2022,BT01,BT02,1,15:51:36,16:42:50,00:51:14,51.23
10207,1143,2/28/2022,BT01,BT02,1,16:00:45,16:56:17,00:55:32,55.53
10208,505,2/28/2022,BT02,BT01,2,16:10:32,16:58:46,00:48:14,48.23
10209,1718,2/28/2022,BT02,BT01,2,16:30:01,17:24:50,00:54:49,54.82
10210,279,2/28/2022,BT01,BT02,1,16:40:36,17:36:21,00:55:45,55.75
10211,274,2/28/2022,BT02,BT01,2,16:40:47,17:38:33,00:57:46,57.77
10212,275,2/28/2022,BT02,BT01,2,16:55:07,17:51:25,00:56:18,56.3
10213,121,2/28/2022,BT02,BT01,2,17:00:11,17:51:32,00:51:21,51.35
10214,116,2/28/2022,BT02,BT01,2,17:20:31,18:26:52,01:06:21,66.35
10215,505,2/28/2022,BT01,BT02,1,17:20:34,18:17:56,00:57:22,57.37
10216,1408,2/28/2022,BT02,BT01,2,17:40:57,18:36:49,00:55:52,55.87
10217,1718,2/28/2022,BT01,BT02,1,17:41:43,18:33:38,00:51:55,51.92
10218,274,2/28/2022,BT01,BT02,1,17:54:02,18:37:05,00:43:03,43.05
10219,250,2/28/2022,BT02,BT01,2,18:00:41,18:54:57,00:54:16,54.27
10220,121,2/28/2022,BT01,BT02,1,18:04:52,18:52:18,00:47:26,47.43
10221,1143,2/28/2022,BT02,BT01,2,18:27:55,19:17:15,00:49:20,49.33
10222,116,2/28/2022,BT01,BT02,1,18:48:23,19:40:40,00:52:17,52.28
10223,250,2/28/2022,BT01,BT02,1,19:19:09,20:14:41,00:55:32,55.53
10224,1143,2/28/2022,BT01,BT02,1,19:53:20,20:38:59,00:45:39,45.65
